UserID,UserName,Age,Gender,Email,TotalCourses,TotalSpending,AvgCourseRating,AvgCoursePrice,PreferredCategory,PreferredLevel,Cluster,ClusterName
U00001,wilsonjordan,15,1,patricia27@hotmail.com,1,394.26,1.35,394.26,2,2,2,Premium Learners
U00002,angela22,29,0,hallrandy@hotmail.com,1,0.0,2.88,0.0,9,1,0,Budget Learners
U00003,morrisonamanda,33,0,ganderson@yahoo.com,11,613.98,2.889090909090909,55.81636363636364,8,0,3,Casual Learners
U00004,fthornton,23,0,christensencatherine@outlook.com,13,982.05,3.4515384615384614,75.54230769230769,5,2,3,Casual Learners
U00005,fostergeoffrey,21,1,karenfuentes@yahoo.com,2,346.71,2.0549999999999997,173.355,9,0,1,Professional Learners
U00006,jacksonjose,21,1,wilsonnatalie@outlook.com,1,0.78,3.89,0.78,7,0,1,Professional Learners
U00007,grodriguez,24,1,lopezjoseph@gmail.com,1,0.0,1.91,0.0,2,2,1,Professional Learners
U00008,adkinsapril,33,0,sanfordtaylor@gmail.com,1,0.0,4.1,0.0,6,2,0,Budget Learners
U00009,heathercallahan,20,0,chelseastephenson@outlook.com,1,276.37,2.72,276.37,4,0,2,Premium Learners
U00010,qlam,34,0,brian31@outlook.com,2,326.02,3.165,163.01,0,1,0,Budget Learners
U00011,ashley16,15,0,guzmanantonio@outlook.com,2,299.57,3.205,149.785,3,0,0,Budget Learners
U00012,mirandatimothy,15,0,paula93@outlook.com,2,327.99,1.5150000000000001,163.995,4,0,0,Budget Learners
U00013,cherrykathleen,33,0,michelewatkins@outlook.com,14,1432.33,2.869285714285714,102.3092857142857,7,0,3,Casual Learners
U00014,huertatimothy,30,1,gabrielanderson@yahoo.com,1,0.0,1.81,0.0,7,0,1,Professional Learners
U00015,tbaker,27,0,kelly33@yahoo.com,14,2035.06,2.7607142857142857,145.36142857142858,0,1,3,Casual Learners
U00016,josephmullins,32,1,amysparks@outlook.com,1,0.0,4.79,0.0,8,0,1,Professional Learners
U00017,theresa55,24,1,pachecojeremy@gmail.com,3,963.18,4.6499999999999995,321.06,0,1,2,Premium Learners
U00018,nicole97,24,0,aprilharrell@hotmail.com,16,1468.03,3.1081250000000002,91.751875,0,1,3,Casual Learners
U00019,rlawson,24,0,kingjulia@gmail.com,1,0.0,4.51,0.0,4,1,0,Budget Learners
U00020,evansmichael,27,0,eharris@hotmail.com,1,0.0,2.88,0.0,9,1,0,Budget Learners
U00021,autumn63,15,1,julieestrada@hotmail.com,2,177.34,3.135,88.67,2,0,1,Professional Learners
U00022,patriciaadkins,31,1,thomas63@hotmail.com,1,0.0,4.68,0.0,10,1,1,Professional Learners
U00023,micheal78,32,1,ashleymorris@yahoo.com,1,0.0,4.51,0.0,4,1,1,Professional Learners
U00024,steven43,18,0,petersonlori@yahoo.com,1,0.0,3.93,0.0,2,2,0,Budget Learners
U00025,georgewhite,34,1,jamesbradshaw@hotmail.com,4,119.04,2.605,29.76,6,0,1,Professional Learners
U00026,andrew02,19,1,jason57@yahoo.com,1,327.99,1.51,327.99,10,1,2,Premium Learners
U00027,hunter32,31,1,ronaldthomas@yahoo.com,2,0.0,2.915,0.0,2,0,1,Professional Learners
U00028,zgomez,30,0,rwhitaker@outlook.com,12,1012.66,3.015,84.38833333333334,6,1,3,Casual Learners
U00029,hartmanjon,30,1,nicole88@gmail.com,1,326.02,2.69,326.02,1,2,2,Premium Learners
U00030,david76,34,1,robert64@outlook.com,1,0.0,3.45,0.0,10,2,1,Professional Learners
U00031,lovedavid,30,1,fbooth@yahoo.com,1,0.0,2.2,0.0,11,1,1,Professional Learners
U00032,veronica83,18,1,andrea24@yahoo.com,1,285.05,1.96,285.05,1,1,2,Premium Learners
U00033,rodrigueznatalie,25,1,linda50@gmail.com,1,276.37,2.72,276.37,4,0,2,Premium Learners
U00034,ilopez,32,0,scottwatts@yahoo.com,2,248.1,2.67,124.05,0,1,0,Budget Learners
U00035,chernandez,32,1,bryangilbert@yahoo.com,1,0.78,3.89,0.78,7,0,1,Professional Learners
U00036,coxmichael,24,0,leonardkimberly@hotmail.com,1,0.0,3.85,0.0,9,1,0,Budget Learners
U00037,lisabraun,31,0,ericbrown@hotmail.com,2,0.0,1.9849999999999999,0.0,2,0,0,Budget Learners
U00038,williamselizabeth,35,1,kpham@gmail.com,1,0.0,3.93,0.0,2,2,1,Professional Learners
U00039,blackdanielle,16,0,michaelfrederick@yahoo.com,1,346.71,1.23,346.71,10,0,2,Premium Learners
U00040,briannamurphy,15,1,ohobbs@gmail.com,1,0.0,3.85,0.0,9,1,1,Professional Learners
U00041,april65,19,0,imccarthy@yahoo.com,2,326.02,3.5650000000000004,163.01,1,1,0,Budget Learners
U00042,christopher62,32,1,patrickterrance@outlook.com,1,89.59,2.68,89.59,0,2,1,Professional Learners
U00043,tommy21,31,1,gordonhenry@hotmail.com,1,327.99,1.51,327.99,10,1,2,Premium Learners
U00044,rileyapril,19,1,wagnermichael@hotmail.com,1,299.57,3.74,299.57,3,1,2,Premium Learners
U00045,rodneystevens,23,0,mitchellwilliam@yahoo.com,14,1209.79,3.375,86.41357142857143,10,1,3,Casual Learners
U00046,usimpson,29,0,hmarquez@hotmail.com,2,0.0,1.325,0.0,4,0,0,Budget Learners
U00047,westbrian,34,1,lclark@outlook.com,1,0.0,3.6,0.0,3,2,1,Professional Learners
U00048,willie71,19,1,zgarza@hotmail.com,13,356.89,3.329230769230769,27.45307692307692,4,1,3,Casual Learners
U00049,nclark,32,1,thomaskenneth@gmail.com,1,0.0,3.45,0.0,10,2,1,Professional Learners
U00050,rewing,33,1,syoung@gmail.com,1,0.0,2.61,0.0,4,0,1,Professional Learners
U00051,crystal12,32,0,bonnie35@gmail.com,1,0.0,4.51,0.0,4,1,0,Budget Learners
U00052,daniel48,25,0,tweber@gmail.com,1,0.78,3.89,0.78,7,0,0,Budget Learners
U00053,tara07,34,0,bergertimothy@hotmail.com,1,53.86,2.47,53.86,6,1,0,Budget Learners
U00054,jessicaparker,22,0,rosslindsey@hotmail.com,1,490.9,4.55,490.9,0,1,2,Premium Learners
U00055,hallandrea,31,0,michelle73@gmail.com,16,1448.25,3.055625,90.515625,4,0,3,Casual Learners
U00056,vcrawford,22,0,markfinley@gmail.com,2,0.0,2.745,0.0,4,0,0,Budget Learners
U00057,thomasrobin,18,1,cedwards@yahoo.com,1,487.92,3.64,487.92,1,0,2,Premium Learners
U00058,egomez,30,0,jimmymurphy@outlook.com,1,117.68,2.57,117.68,3,0,0,Budget Learners
U00059,elizabeth16,32,1,andersonmadison@gmail.com,1,0.0,4.51,0.0,4,1,1,Professional Learners
U00060,albert28,26,1,stephanie43@yahoo.com,4,53.86,3.515,13.465,6,1,1,Professional Learners
U00061,vincent12,32,0,yscott@outlook.com,1,0.0,1.91,0.0,2,2,0,Budget Learners
U00062,howenathaniel,28,0,tbrown@yahoo.com,1,0.0,3.85,0.0,9,1,0,Budget Learners
U00063,lisawong,34,0,denise33@outlook.com,2,299.57,3.31,149.785,3,1,0,Budget Learners
U00064,donnabarker,33,0,gellis@yahoo.com,1,276.37,2.72,276.37,4,0,2,Premium Learners
U00065,michaelcurtis,29,1,brownrobert@hotmail.com,1,0.0,2.67,0.0,11,0,1,Professional Learners
U00066,wwest,26,0,gomezkatherine@gmail.com,1,327.99,1.51,327.99,10,1,2,Premium Learners
U00067,jessica24,28,0,gardnerjohnny@hotmail.com,1,119.04,2.75,119.04,6,2,0,Budget Learners
U00068,marshmichelle,32,1,mcoleman@outlook.com,1,0.0,3.45,0.0,10,2,1,Professional Learners
U00069,gainesandrew,27,0,woodashley@outlook.com,2,0.0,3.67,0.0,4,0,0,Budget Learners
U00070,mgonzales,25,0,vwang@gmail.com,2,0.0,4.6899999999999995,0.0,5,2,0,Budget Learners
U00071,kevin94,30,0,gonzalezchristine@hotmail.com,14,641.94,2.777857142857143,45.85285714285715,9,1,3,Casual Learners
U00072,hallanthony,17,0,sharon51@hotmail.com,1,326.02,2.69,326.02,1,2,2,Premium Learners
U00073,katie83,16,1,lydia56@gmail.com,1,0.78,3.89,0.78,7,0,1,Professional Learners
U00074,nunezapril,19,1,hancocksteven@hotmail.com,3,963.18,3.5233333333333334,321.06,9,1,2,Premium Learners
U00075,hfarley,22,1,torresshawn@hotmail.com,1,0.0,4.45,0.0,4,0,1,Professional Learners
U00076,justinwatkins,34,1,amyanderson@hotmail.com,4,472.28,3.0949999999999998,118.07,1,1,1,Professional Learners
U00077,shannon49,20,1,shane75@yahoo.com,1,0.0,4.11,0.0,8,2,1,Professional Learners
U00078,ahouston,32,0,ashleywalker@outlook.com,1,0.0,4.11,0.0,8,2,0,Budget Learners
U00079,aburke,28,1,stoutdylan@outlook.com,1,0.0,4.94,0.0,2,1,1,Professional Learners
U00080,mortonandrew,35,0,cindycox@yahoo.com,1,0.0,2.88,0.0,9,1,0,Budget Learners
U00081,smithdanny,18,0,martinrhonda@yahoo.com,1,0.0,1.52,0.0,4,0,0,Budget Learners
U00082,susankidd,31,1,jasonhicks@yahoo.com,1,0.0,4.68,0.0,10,1,1,Professional Learners
U00083,james92,16,1,kconrad@gmail.com,15,1661.3,2.9953333333333334,110.75333333333333,0,2,3,Casual Learners
U00084,xperez,20,1,ericafrank@yahoo.com,1,327.99,1.51,327.99,10,1,2,Premium Learners
U00085,scottluna,22,0,adam86@yahoo.com,13,1149.12,2.9084615384615384,88.39384615384614,2,1,3,Casual Learners
U00086,nicole62,27,0,anewton@yahoo.com,4,53.86,2.47,13.465,1,0,0,Budget Learners
U00087,sjoseph,19,0,jacqueline74@yahoo.com,3,0.0,4.506666666666667,0.0,7,2,0,Budget Learners
U00088,tgarcia,23,1,debrawilson@yahoo.com,1,0.0,3.64,0.0,0,1,1,Professional Learners
U00089,austinspears,30,1,browningjennifer@hotmail.com,1,0.0,4.73,0.0,7,2,1,Professional Learners
U00090,sethchavez,34,1,teresa45@outlook.com,1,0.0,3.45,0.0,10,2,1,Professional Learners
U00091,joseph88,35,1,owenspatricia@gmail.com,1,0.0,4.14,0.0,6,1,1,Professional Learners
U00092,carl44,31,1,sabrina47@yahoo.com,4,594.81,2.7175000000000002,148.7025,0,0,1,Professional Learners
U00093,sextonelizabeth,16,1,thomas52@gmail.com,1,285.05,1.96,285.05,1,1,2,Premium Learners
U00094,qtaylor,27,1,vasquezdavid@yahoo.com,1,299.57,3.74,299.57,3,1,2,Premium Learners
U00095,ojohnson,20,1,chloe04@yahoo.com,1,248.1,1.2,248.1,0,1,2,Premium Learners
U00096,wesley99,34,0,xdavis@hotmail.com,4,0.0,2.58,0.0,7,1,0,Budget Learners
U00097,donnawilliams,25,1,guzmanchristine@gmail.com,2,0.0,2.0949999999999998,0.0,2,0,1,Professional Learners
U00098,sarah43,31,1,natasha16@yahoo.com,1,0.0,4.45,0.0,4,0,1,Professional Learners
U00099,wharrison,29,0,robertsshawn@yahoo.com,1,299.57,3.74,299.57,3,1,2,Premium Learners
U00100,swallace,32,0,douglascampbell@outlook.com,1,0.0,2.14,0.0,5,1,0,Budget Learners
U00101,rosejames,15,0,wilcoxrita@yahoo.com,1,89.59,2.68,89.59,0,2,0,Budget Learners
U00102,vweiss,32,1,cherylking@yahoo.com,1,299.57,3.74,299.57,3,1,2,Premium Learners
U00103,felicia29,30,0,ssims@hotmail.com,1,0.0,2.0,0.0,1,0,0,Budget Learners
U00104,diazsara,19,1,mosschad@yahoo.com,1,53.86,2.47,53.86,6,1,1,Professional Learners
U00105,smithjacqueline,27,1,robinfranklin@outlook.com,1,299.57,3.74,299.57,3,1,2,Premium Learners
U00106,sharonmurphy,19,1,cathy60@yahoo.com,2,57.32,3.4400000000000004,28.66,5,0,1,Professional Learners
U00107,hayley84,18,0,wwood@hotmail.com,1,0.0,3.85,0.0,9,1,0,Budget Learners
U00108,jowen,32,1,jasonjordan@yahoo.com,2,0.0,2.965,0.0,4,0,1,Professional Learners
U00109,amyschmidt,15,0,alicia06@yahoo.com,14,869.77,3.157857142857143,62.12642857142857,3,1,3,Casual Learners
U00110,thorntondaniel,26,0,kellywilson@hotmail.com,1,487.92,3.64,487.92,1,0,2,Premium Learners
U00111,cynthia90,24,1,kayla61@outlook.com,1,0.0,2.14,0.0,5,1,1,Professional Learners
U00112,williamswilliam,34,0,qmiller@yahoo.com,14,565.8,3.165714285714286,40.41428571428571,3,0,3,Casual Learners
U00113,becky55,19,1,lclark@hotmail.com,1,346.71,1.23,346.71,10,0,2,Premium Learners
U00114,lvasquez,22,0,markwilliams@hotmail.com,1,0.0,2.38,0.0,2,0,0,Budget Learners
U00115,mitchellswanson,32,0,danielmathews@hotmail.com,1,0.0,1.73,0.0,7,2,0,Budget Learners
U00116,schultzaustin,31,1,psmith@outlook.com,1,0.0,1.52,0.0,4,0,1,Professional Learners
U00117,kristin26,19,0,megan10@gmail.com,13,1885.87,3.373076923076923,145.06692307692308,2,1,3,Casual Learners
U00118,morankevin,28,0,marquezwilliam@hotmail.com,1,0.0,2.0,0.0,1,0,0,Budget Learners
U00119,phillipsrobert,28,1,wlee@yahoo.com,1,57.32,4.74,57.32,11,0,1,Professional Learners
U00120,faguilar,15,1,ashley54@gmail.com,2,415.51,3.215,207.755,0,1,2,Premium Learners
U00121,htanner,27,0,donaldbrennan@hotmail.com,2,328.77,2.7,164.385,7,0,0,Budget Learners
U00122,derekgreer,21,0,elizabeth42@gmail.com,2,0.0,2.895,0.0,5,1,0,Budget Learners
U00123,richardsonjames,18,0,dillonleslie@outlook.com,2,356.89,4.24,178.445,3,0,0,Budget Learners
U00124,christinagilbert,19,0,brendanaustin@yahoo.com,2,460.49,2.175,230.245,0,0,2,Premium Learners
U00125,michelle70,35,0,simsbruce@yahoo.com,2,326.02,2.25,163.01,1,0,0,Budget Learners
U00126,zhall,23,0,juliecervantes@yahoo.com,14,1084.57,3.457142857142857,77.4692857142857,5,1,3,Casual Learners
U00127,brian60,34,0,annablair@hotmail.com,3,903.4300000000001,3.846666666666667,301.1433333333334,0,0,2,Premium Learners
U00128,misty15,35,0,thomasharris@yahoo.com,13,1813.65,3.106923076923077,139.51153846153846,0,1,3,Casual Learners
U00129,sabrinawilson,19,1,alvaradokevin@gmail.com,2,415.51,3.885,207.755,0,2,2,Premium Learners
U00130,eherring,17,1,joshua83@yahoo.com,1,248.1,1.2,248.1,0,1,2,Premium Learners
U00131,chelsea48,19,1,stephaniedougherty@gmail.com,1,0.0,3.15,0.0,1,0,1,Professional Learners
U00132,kathysharp,22,1,sean85@yahoo.com,1,0.0,1.13,0.0,7,1,1,Professional Learners
U00133,mccarthyscott,21,1,raymondthomas@gmail.com,14,828.33,2.830714285714286,59.166428571428575,8,1,3,Casual Learners
U00134,syoung,26,0,kroy@gmail.com,14,1438.21,3.3528571428571428,102.72928571428572,6,0,3,Casual Learners
U00135,josephmichael,17,0,clarknicholas@gmail.com,1,0.0,3.02,0.0,3,2,0,Budget Learners
U00136,millerleslie,25,0,william31@gmail.com,1,0.0,3.15,0.0,1,0,0,Budget Learners
U00137,lawrencesanchez,15,0,donaldtaylor@outlook.com,2,460.29,3.705,230.145,3,0,2,Premium Learners
U00138,sarafuentes,26,1,ugonzales@gmail.com,2,0.0,1.8699999999999999,0.0,4,0,1,Professional Learners
U00139,qharrell,16,0,daniel87@yahoo.com,4,248.1,1.8275000000000001,62.025,0,0,0,Budget Learners
U00140,william81,24,0,ewalker@hotmail.com,2,53.86,3.5650000000000004,26.93,5,1,0,Budget Learners
U00141,jenkinswilliam,20,1,nicolerodriguez@gmail.com,1,0.0,2.88,0.0,9,1,1,Professional Learners
U00142,brian08,17,0,stephenhenry@gmail.com,1,472.28,4.74,472.28,9,1,2,Premium Learners
U00143,sherri37,26,1,lopezbrian@outlook.com,2,177.34,4.415,88.67,2,0,1,Professional Learners
U00144,rodgerspaul,24,0,amy66@hotmail.com,13,953.67,3.173076923076923,73.35923076923076,6,2,3,Casual Learners
U00145,shawnbrown,23,0,amandasingh@yahoo.com,1,0.0,4.94,0.0,2,1,0,Budget Learners
U00146,ihernandez,30,0,rgarcia@outlook.com,1,0.0,4.44,0.0,5,1,0,Budget Learners
U00147,patricklaura,30,1,barbarapatterson@yahoo.com,12,1195.68,3.0775,99.64,3,1,3,Casual Learners
U00148,andersenmichael,35,0,rsmith@outlook.com,1,0.0,3.02,0.0,3,2,0,Budget Learners
U00149,jacksonanthony,17,0,yspencer@gmail.com,10,906.41,3.303,90.64099999999999,0,0,3,Casual Learners
U00150,nsmith,25,1,zjefferson@gmail.com,2,0.0,3.245,0.0,2,0,1,Professional Learners
U00151,johnjohnson,16,0,heathrodney@hotmail.com,1,0.0,4.44,0.0,5,1,0,Budget Learners
U00152,hhill,19,0,keith03@outlook.com,12,1368.9199999999998,3.296666666666667,114.07666666666665,2,1,3,Casual Learners
U00153,scottgilbert,35,1,sextondillon@yahoo.com,2,37.89,2.575,18.945,9,0,1,Professional Learners
U00154,jessicabailey,29,1,colleen99@outlook.com,1,248.1,1.2,248.1,0,1,2,Premium Learners
U00155,browningstephanie,27,1,cindy51@gmail.com,2,0.0,3.71,0.0,6,1,1,Professional Learners
U00156,phill,17,1,natalie68@outlook.com,1,0.0,1.59,0.0,6,0,1,Professional Learners
U00157,derek60,32,0,dhall@hotmail.com,2,212.39,2.53,106.195,2,0,0,Budget Learners
U00158,nicholas56,35,0,lisa06@yahoo.com,1,0.0,1.28,0.0,9,1,0,Budget Learners
U00159,rodriguezraymond,16,1,richardsonwilliam@yahoo.com,2,53.86,2.1,26.93,6,1,1,Professional Learners
U00160,kingspencer,28,0,gillvalerie@yahoo.com,1,327.99,1.51,327.99,10,1,2,Premium Learners
U00161,lawrence17,25,0,tstone@outlook.com,11,605.6,2.8972727272727274,55.054545454545455,1,0,3,Casual Learners
U00162,charlesayala,26,1,kmyers@gmail.com,1,0.0,1.59,0.0,6,0,1,Professional Learners
U00163,clinejacqueline,32,0,johnsonshelly@hotmail.com,1,0.0,3.45,0.0,10,2,0,Budget Learners
U00164,james63,32,1,jessica46@outlook.com,2,0.0,3.2700000000000005,0.0,7,0,1,Professional Learners
U00165,wcarroll,30,1,angela19@hotmail.com,4,419.82,2.995,104.955,0,2,1,Professional Learners
U00166,campbellkelsey,33,1,hinesjoshua@gmail.com,15,248.88,3.1886666666666668,16.592,7,2,3,Casual Learners
U00167,rogersjohn,31,0,jonathan94@hotmail.com,1,0.0,4.94,0.0,2,1,0,Budget Learners
U00168,gillespiekimberly,24,0,michael38@outlook.com,1,326.02,2.69,326.02,1,2,2,Premium Learners
U00169,vasquezjohn,24,1,youngmaurice@yahoo.com,13,567.16,2.636923076923077,43.62769230769231,4,0,3,Casual Learners
U00170,millerdavid,34,0,mark06@hotmail.com,3,0.0,2.72,0.0,9,1,0,Budget Learners
U00171,egardner,24,1,obrienmolly@outlook.com,2,0.0,4.0649999999999995,0.0,10,1,1,Professional Learners
U00172,nglass,35,0,charleshernandez@hotmail.com,1,0.0,4.73,0.0,7,2,0,Budget Learners
U00173,fernando38,31,1,patriciagarcia@gmail.com,14,1094.82,3.1978571428571425,78.20142857142856,0,1,3,Casual Learners
U00174,michelle60,29,1,sgriffith@yahoo.com,1,212.39,3.15,212.39,5,0,1,Professional Learners
U00175,xlambert,32,0,leonardlisa@gmail.com,2,490.9,2.915,245.45,0,1,2,Premium Learners
U00176,gary81,34,1,jameshartman@hotmail.com,1,0.0,4.68,0.0,10,1,1,Professional Learners
U00177,torreschristine,29,0,adriana95@yahoo.com,14,1526.54,3.0235714285714286,109.03857142857143,6,1,3,Casual Learners
U00178,gonzaleslisa,20,1,robertspencer@outlook.com,14,236.72000000000003,3.54,16.90857142857143,3,1,3,Casual Learners
U00179,mariaavila,34,1,tpineda@outlook.com,2,487.92,2.685,243.96,1,0,2,Premium Learners
U00180,xglenn,26,0,bruce16@hotmail.com,1,0.0,4.73,0.0,7,2,0,Budget Learners
U00181,stephanie98,32,0,angela26@yahoo.com,1,299.57,3.74,299.57,3,1,2,Premium Learners
U00182,nancyibarra,28,0,rmadden@gmail.com,1,0.0,4.1,0.0,6,2,0,Budget Learners
U00183,christopherhall,33,1,virginia17@outlook.com,1,0.0,4.73,0.0,7,2,1,Professional Learners
U00184,kroth,28,1,nrhodes@hotmail.com,1,0.0,2.38,0.0,2,0,1,Professional Learners
U00185,jwalls,27,1,carrillomichael@outlook.com,1,57.32,4.74,57.32,11,0,1,Professional Learners
U00186,alexbrown,28,0,nortonlisa@outlook.com,2,326.02,3.0700000000000003,163.01,1,2,2,Premium Learners
U00187,taylor05,18,1,staceygiles@hotmail.com,1,472.28,4.74,472.28,9,1,2,Premium Learners
U00188,robertsedward,18,1,wschmidt@gmail.com,1,0.0,1.52,0.0,4,0,1,Professional Learners
U00189,latoya45,18,1,normangabriela@hotmail.com,1,0.0,1.59,0.0,6,0,1,Professional Learners
U00190,hroberts,25,0,hcabrera@yahoo.com,1,487.92,3.64,487.92,1,0,2,Premium Learners
U00191,foleypaul,34,1,jeremycole@gmail.com,12,2258.7,3.955833333333333,188.225,10,1,3,Casual Learners
U00192,nathanieldorsey,17,1,briannarichardson@yahoo.com,14,680.0699999999999,3.440714285714286,48.576428571428565,11,1,3,Casual Learners
U00193,stevenjames,33,1,carriedrake@yahoo.com,1,0.0,4.79,0.0,8,0,1,Professional Learners
U00194,carolynpage,35,1,jacksonandrew@outlook.com,1,0.0,3.02,0.0,3,2,1,Professional Learners
U00195,stewartlisa,15,1,powens@outlook.com,1,346.71,1.23,346.71,10,0,2,Premium Learners
U00196,susan34,23,0,alexandragreen@outlook.com,1,394.26,1.35,394.26,2,2,2,Premium Learners
U00197,parksderek,35,0,michaelwallace@hotmail.com,1,0.0,3.6,0.0,3,2,0,Budget Learners
U00198,brian71,30,0,lewismargaret@hotmail.com,12,1242.3400000000001,3.2741666666666664,103.52833333333335,6,1,3,Casual Learners
U00199,millerstephanie,24,0,davisjeremy@gmail.com,1,0.0,2.43,0.0,9,2,0,Budget Learners
U00200,ronald67,32,1,bobbymurphy@outlook.com,4,269.71,3.4650000000000003,67.4275,4,0,1,Professional Learners
U00201,yalvarado,16,1,orosales@gmail.com,3,691.88,2.676666666666667,230.62666666666667,0,0,2,Premium Learners
U00202,awilson,28,0,harrisrichard@yahoo.com,1,0.0,3.85,0.0,9,1,0,Budget Learners
U00203,samantha00,25,0,ybyrd@yahoo.com,2,326.02,3.005,163.01,1,1,0,Budget Learners
U00204,loribates,28,0,robertmitchell@gmail.com,1,0.0,1.59,0.0,6,0,0,Budget Learners
U00205,christinecampbell,32,1,markmahoney@outlook.com,1,342.61,4.84,342.61,10,2,2,Premium Learners
U00206,lisa94,19,0,morriscindy@outlook.com,1,89.59,2.68,89.59,0,2,0,Budget Learners
U00207,evelyn98,33,1,carsonjamie@yahoo.com,2,177.34,2.585,88.67,5,0,1,Professional Learners
U00208,kingrobin,18,0,jamesholt@yahoo.com,15,507.62,3.1533333333333338,33.84133333333333,3,1,3,Casual Learners
U00209,parkssarah,26,1,padillakathy@hotmail.com,1,0.0,3.15,0.0,1,0,1,Professional Learners
U00210,mscott,30,1,umitchell@hotmail.com,2,37.89,1.5150000000000001,18.945,7,0,1,Professional Learners
U00211,maryspencer,22,1,amandabrown@gmail.com,1,0.0,4.68,0.0,10,1,1,Professional Learners
U00212,mike97,30,0,loriknight@yahoo.com,2,0.0,4.265,0.0,9,1,0,Budget Learners
U00213,susan03,15,1,serranotammy@hotmail.com,2,299.57,4.23,149.785,3,1,1,Professional Learners
U00214,danielle41,24,0,annaparker@gmail.com,1,89.59,2.68,89.59,0,2,0,Budget Learners
U00215,sandra29,28,1,hatfieldmark@hotmail.com,1,326.02,2.69,326.02,1,2,2,Premium Learners
U00216,taylorelizabeth,23,1,peckamy@outlook.com,16,1405.87,3.545625,87.866875,9,1,3,Casual Learners
U00217,garychandler,28,1,carla25@outlook.com,1,37.89,1.3,37.89,11,0,1,Professional Learners
U00218,gregory81,15,0,lisa37@hotmail.com,1,0.0,4.72,0.0,8,2,0,Budget Learners
U00219,daniellebishop,23,0,josephlawrence@outlook.com,1,0.0,4.51,0.0,4,1,0,Budget Learners
U00220,laura88,20,1,dlewis@hotmail.com,15,300.34999999999997,3.6286666666666667,20.02333333333333,9,1,3,Casual Learners
U00221,lgallagher,27,1,youngtammy@gmail.com,1,0.0,4.45,0.0,4,0,1,Professional Learners
U00222,bentonkatrina,28,1,flowe@outlook.com,1,0.78,3.89,0.78,7,0,1,Professional Learners
U00223,patricia65,35,0,yolandaglenn@outlook.com,1,0.0,4.1,0.0,6,2,0,Budget Learners
U00224,denisebailey,15,0,devin32@gmail.com,1,490.9,4.55,490.9,0,1,2,Premium Learners
U00225,sheila72,18,1,fpark@yahoo.com,1,0.0,4.1,0.0,6,2,1,Professional Learners
U00226,marioperez,34,0,jdougherty@hotmail.com,1,346.71,1.23,346.71,10,0,2,Premium Learners
U00227,victoria90,23,1,alyssahoward@gmail.com,2,0.0,4.305,0.0,4,1,1,Professional Learners
U00228,joshuarangel,18,1,jaredpeters@yahoo.com,1,117.68,2.57,117.68,3,0,1,Professional Learners
U00229,charles00,22,1,nielsenelizabeth@gmail.com,2,0.0,2.73,0.0,3,0,1,Professional Learners
U00230,karen41,17,0,swansonlisa@hotmail.com,2,119.04,3.595,59.52,5,1,0,Budget Learners
U00231,rodgersdaniel,16,1,richard17@hotmail.com,2,213.17,3.52,106.585,5,0,1,Professional Learners
U00232,timothywatkins,26,0,lisarodriguez@yahoo.com,1,0.0,2.38,0.0,2,0,0,Budget Learners
U00233,robinsonmichael,32,1,virginiataylor@outlook.com,1,119.04,2.75,119.04,6,2,1,Professional Learners
U00234,emily05,32,1,whuynh@outlook.com,2,326.02,3.74,163.01,1,0,1,Professional Learners
U00235,williamscharles,34,1,joneschristopher@outlook.com,3,472.28,3.856666666666667,157.42666666666665,9,1,1,Professional Learners
U00236,colin32,25,0,vmora@yahoo.com,1,394.26,1.35,394.26,2,2,2,Premium Learners
U00237,anthony70,20,1,meghan00@gmail.com,1,0.0,3.15,0.0,1,0,1,Professional Learners
U00238,joshuaescobar,24,0,isaiahwest@outlook.com,15,1872.92,3.1626666666666665,124.86133333333333,1,1,3,Casual Learners
U00239,vberg,32,0,angelagonzalez@outlook.com,1,0.0,4.44,0.0,5,1,0,Budget Learners
U00240,ismith,34,0,sullivansean@hotmail.com,2,0.0,3.33,0.0,1,0,0,Budget Learners
U00241,thomascummings,23,0,brandyjones@yahoo.com,2,0.0,4.2700000000000005,0.0,2,1,0,Budget Learners
U00242,wernerjesus,27,1,joe20@gmail.com,2,266.93,3.285,133.465,0,0,1,Professional Learners
U00243,thomastimothy,24,0,upennington@gmail.com,1,177.34,3.89,177.34,5,0,0,Budget Learners
U00244,josemartinez,28,1,rebeccalamb@outlook.com,1,276.37,2.72,276.37,4,0,2,Premium Learners
U00245,twilson,31,0,kimberly44@gmail.com,1,0.0,4.14,0.0,6,1,0,Budget Learners
U00246,william30,31,1,jennifer12@gmail.com,1,472.28,4.74,472.28,9,1,2,Premium Learners
U00247,edwardsadam,30,0,jessicaadams@gmail.com,1,0.0,2.01,0.0,8,0,0,Budget Learners
U00248,christopher76,17,1,kaylafuentes@yahoo.com,1,0.0,1.59,0.0,6,0,1,Professional Learners
U00249,donaldmccoy,35,0,zparsons@hotmail.com,1,0.0,2.88,0.0,9,1,0,Budget Learners
U00250,gregorypierce,21,1,mark81@hotmail.com,1,342.61,4.84,342.61,10,2,2,Premium Learners
U00251,summersjamie,28,0,daniel37@outlook.com,13,1310.57,3.493846153846154,100.81307692307692,6,1,3,Casual Learners
U00252,millermary,29,0,jasonnelson@hotmail.com,1,0.0,1.52,0.0,4,0,0,Budget Learners
U00253,ymcgrath,19,1,steven91@gmail.com,1,0.0,4.66,0.0,5,2,1,Professional Learners
U00254,yatesadrian,19,0,josephgraham@hotmail.com,1,0.0,4.94,0.0,2,1,0,Budget Learners
U00255,fschmidt,26,0,zharper@gmail.com,1,394.26,1.35,394.26,2,2,2,Premium Learners
U00256,pearsonannette,35,0,humphreyjennifer@gmail.com,1,0.0,4.51,0.0,4,1,0,Budget Learners
U00257,danielle50,29,1,jennifer70@outlook.com,1,0.0,3.45,0.0,10,2,1,Professional Learners
U00258,marilynbailey,19,1,paulkeller@gmail.com,1,117.68,2.57,117.68,3,0,1,Professional Learners
U00259,jennifershaw,35,1,christopher75@gmail.com,1,342.61,4.84,342.61,10,2,2,Premium Learners
U00260,heather26,35,1,denisesmith@yahoo.com,15,2445.2,3.1526666666666667,163.01333333333332,4,0,3,Casual Learners
U00261,darrell83,28,0,walkerjames@gmail.com,1,0.0,1.13,0.0,7,1,0,Budget Learners
U00262,dawnsawyer,24,1,robertpotter@gmail.com,1,0.0,1.91,0.0,2,2,1,Professional Learners
U00263,chapmanjennifer,15,1,brucejacqueline@gmail.com,4,0.0,2.8325,0.0,3,2,1,Professional Learners
U00264,mmullen,18,0,wrightmargaret@outlook.com,3,0.0,3.4599999999999995,0.0,2,2,0,Budget Learners
U00265,william96,15,1,kristenmaxwell@hotmail.com,14,2087.85,3.4299999999999997,149.13214285714284,5,2,3,Casual Learners
U00266,fstephens,25,0,omann@hotmail.com,1,212.39,3.15,212.39,5,0,0,Budget Learners
U00267,amandataylor,34,1,colemanjennifer@outlook.com,4,906.53,3.0325,226.6325,1,0,2,Premium Learners
U00268,donna26,29,0,andrewmorris@gmail.com,1,0.0,3.6,0.0,3,2,0,Budget Learners
U00269,brandonharper,22,0,laura67@yahoo.com,1,0.0,3.93,0.0,2,2,0,Budget Learners
U00270,karenpratt,23,1,reyesmorgan@outlook.com,1,0.0,2.67,0.0,11,0,1,Professional Learners
U00271,ldurham,15,1,martinezrenee@yahoo.com,1,0.0,4.44,0.0,5,1,1,Professional Learners
U00272,wvasquez,25,1,ashley40@yahoo.com,13,1229.1999999999998,3.2284615384615383,94.55384615384614,5,0,3,Casual Learners
U00273,wattsphilip,25,0,jessicabrown@hotmail.com,1,0.0,2.14,0.0,5,1,0,Budget Learners
U00274,john92,32,0,tcole@outlook.com,2,177.34,3.52,88.67,1,0,0,Budget Learners
U00275,benjaminmendoza,28,0,stevenroberts@gmail.com,1,0.0,2.98,0.0,8,0,0,Budget Learners
U00276,cassandrayoung,22,0,hilljames@outlook.com,1,299.57,3.74,299.57,3,1,2,Premium Learners
U00277,oriddle,21,1,jeremy92@hotmail.com,1,0.0,2.01,0.0,8,0,1,Professional Learners
U00278,erikayoung,27,1,cynthia53@hotmail.com,1,0.0,3.85,0.0,9,1,1,Professional Learners
U00279,mackenzie39,24,1,hdavis@gmail.com,3,295.02,2.6833333333333336,98.33999999999999,3,0,1,Professional Learners
U00280,psnyder,15,1,josephtammy@hotmail.com,1,299.57,3.74,299.57,3,1,2,Premium Learners
U00281,bailey28,30,0,christopher14@yahoo.com,1,0.0,4.11,0.0,8,2,0,Budget Learners
U00282,eandrews,19,1,jeremy00@outlook.com,14,1034.17,2.472142857142857,73.86928571428572,1,0,3,Casual Learners
U00283,mryan,28,1,xcordova@hotmail.com,2,0.0,2.8600000000000003,0.0,5,1,1,Professional Learners
U00284,gallaghergregory,30,1,emily63@hotmail.com,1,342.61,4.84,342.61,10,2,2,Premium Learners
U00285,lunabrandon,29,0,andersonjessica@outlook.com,1,57.32,4.74,57.32,11,0,0,Budget Learners
U00286,angelaclark,24,0,ejackson@hotmail.com,3,0.0,3.106666666666667,0.0,11,0,0,Budget Learners
U00287,rkennedy,21,0,syork@hotmail.com,2,0.0,4.585,0.0,4,0,0,Budget Learners
U00288,michellemartin,35,1,brooksjeffrey@outlook.com,1,0.0,3.93,0.0,2,2,1,Professional Learners
U00289,christopher37,17,0,johnsonchad@hotmail.com,1,0.78,3.89,0.78,7,0,0,Budget Learners
U00290,frankalvarado,17,0,alex83@hotmail.com,3,57.32,4.430000000000001,19.106666666666666,5,0,0,Budget Learners
U00291,nicholas62,16,0,ygomez@hotmail.com,3,276.37,3.6966666666666668,92.12333333333333,0,0,0,Budget Learners
U00292,andrewbrown,33,1,natalie44@gmail.com,12,965.62,3.1333333333333333,80.46833333333333,2,2,3,Casual Learners
U00293,brian93,25,0,reyesangela@gmail.com,13,1426.48,2.94,109.72923076923077,7,0,3,Casual Learners
U00294,traceybrown,21,0,john01@gmail.com,1,0.0,4.73,0.0,7,2,0,Budget Learners
U00295,jean02,29,1,mark44@gmail.com,1,0.0,1.13,0.0,7,1,1,Professional Learners
U00296,marshallolivia,31,0,bassjustin@gmail.com,2,177.34,3.67,88.67,5,0,0,Budget Learners
U00297,mgarrett,29,1,dclayton@hotmail.com,1,0.0,2.14,0.0,5,1,1,Professional Learners
U00298,steven02,32,1,torresjoseph@outlook.com,14,2020.42,3.2892857142857146,144.31571428571428,10,2,3,Casual Learners
U00299,vincentadam,20,0,mgreer@hotmail.com,1,0.0,3.15,0.0,1,0,0,Budget Learners
U00300,anthonyhess,26,0,meagansalas@gmail.com,2,487.92,2.92,243.96,1,0,2,Premium Learners
U00301,shale,26,1,zprice@gmail.com,14,1201.4299999999998,3.0685714285714285,85.81642857142856,9,1,3,Casual Learners
U00302,nelsonsamantha,34,0,vjackson@yahoo.com,1,37.89,1.3,37.89,11,0,0,Budget Learners
U00303,fcollins,35,1,benjamin32@yahoo.com,14,1085.94,3.027142857142857,77.56714285714285,7,0,3,Casual Learners
U00304,lucaswilliam,35,1,michael33@outlook.com,1,327.99,1.51,327.99,10,1,2,Premium Learners
U00305,ypeters,22,1,jacquelinegonzalez@yahoo.com,1,0.0,4.94,0.0,2,1,1,Professional Learners
U00306,aaronfrazier,28,1,jsimmons@yahoo.com,1,0.0,4.14,0.0,6,1,1,Professional Learners
U00307,orichardson,33,0,kevinrobinson@hotmail.com,1,0.0,2.43,0.0,9,2,0,Budget Learners
U00308,carrollwalter,26,1,kimberly41@gmail.com,4,790.47,3.5625,197.6175,0,1,2,Premium Learners
U00309,gilbertjoseph,27,1,jenny26@gmail.com,1,342.61,4.84,342.61,10,2,2,Premium Learners
U00310,davidbarrera,26,0,aray@yahoo.com,11,465.17,3.097272727272727,42.28818181818182,3,0,3,Casual Learners
U00311,mandy48,18,0,mcfarlandangela@gmail.com,1,0.0,3.15,0.0,1,0,0,Budget Learners
U00312,hallerin,30,0,jflores@outlook.com,1,0.0,3.45,0.0,10,2,0,Budget Learners
U00313,qsmith,29,0,anngrant@gmail.com,1,0.0,4.66,0.0,5,2,0,Budget Learners
U00314,tgonzalez,19,0,carmen64@gmail.com,3,0.0,2.9766666666666666,0.0,9,1,0,Budget Learners
U00315,stephanie14,31,0,desireereese@gmail.com,12,972.29,3.3516666666666666,81.02416666666666,3,1,3,Casual Learners
U00316,jasonjohnston,19,0,umatthews@gmail.com,2,0.0,3.87,0.0,3,1,0,Budget Learners
U00317,williamscaroline,19,1,dcunningham@hotmail.com,3,57.32,3.813333333333333,19.106666666666666,2,0,1,Professional Learners
U00318,dudleyaimee,20,1,brian51@yahoo.com,1,326.02,2.69,326.02,1,2,2,Premium Learners
U00319,ysmith,15,0,josephclark@hotmail.com,1,346.71,1.23,346.71,10,0,2,Premium Learners
U00320,hannahromero,29,1,rhondataylor@outlook.com,1,285.05,1.96,285.05,1,1,2,Premium Learners
U00321,mhammond,28,1,tsosa@gmail.com,14,1822.94,2.579285714285714,130.21,0,1,3,Casual Learners
U00322,idillon,23,1,wmoore@gmail.com,14,626.3,3.067857142857143,44.73571428571428,11,1,3,Casual Learners
U00323,irichard,21,0,robertsrobyn@yahoo.com,15,948.99,3.3059999999999996,63.266,1,0,3,Casual Learners
U00324,wpowell,16,1,amy68@outlook.com,1,0.0,2.88,0.0,9,1,1,Professional Learners
U00325,thomas96,26,1,carollewis@outlook.com,1,0.0,3.15,0.0,1,0,1,Professional Learners
U00326,ashleyjohnson,25,0,jacob36@yahoo.com,1,0.0,2.2,0.0,11,1,0,Budget Learners
U00327,hannahmccoy,31,0,christopherdelgado@hotmail.com,4,177.34,4.035,44.335,5,2,0,Budget Learners
U00328,glennmoore,29,0,kathygrimes@yahoo.com,15,1319.8899999999999,3.31,87.99266666666666,6,1,3,Casual Learners
U00329,ellisangela,20,0,piercefrederick@gmail.com,12,1632.4199999999998,3.035833333333333,136.035,3,1,3,Casual Learners
U00330,jsherman,15,0,paulirwin@hotmail.com,14,1268.62,2.775714285714286,90.61571428571428,8,2,3,Casual Learners
U00331,john39,17,1,yjohnson@outlook.com,1,276.37,2.72,276.37,4,0,2,Premium Learners
U00332,steinjane,25,1,rachelsingleton@outlook.com,1,0.0,1.81,0.0,7,0,1,Professional Learners
U00333,carmen47,26,0,trose@outlook.com,1,0.0,1.59,0.0,6,0,0,Budget Learners
U00334,dianasanchez,24,0,dmccarthy@hotmail.com,13,887.52,2.64,68.27076923076923,0,1,3,Casual Learners
U00335,garneranthony,33,0,teresafrank@gmail.com,1,0.0,4.94,0.0,2,1,0,Budget Learners
U00336,milescaitlin,19,1,starkmargaret@yahoo.com,1,0.0,3.64,0.0,0,1,1,Professional Learners
U00337,kimberly57,29,0,johnnycarr@outlook.com,1,0.0,1.73,0.0,7,2,0,Budget Learners
U00338,brianlee,23,0,villegasbrandon@yahoo.com,14,832.77,3.3842857142857143,59.48357142857143,3,1,3,Casual Learners
U00339,emmaallen,29,1,sbeard@gmail.com,16,2087.63,3.13625,130.476875,10,0,3,Casual Learners
U00340,george01,30,1,hillamber@yahoo.com,14,1220.42,2.9549999999999996,87.17285714285715,1,0,3,Casual Learners
U00341,ggonzalez,24,1,abennett@yahoo.com,1,0.0,4.79,0.0,8,0,1,Professional Learners
U00342,myersmark,26,0,richardcarpenter@hotmail.com,1,0.0,4.73,0.0,7,2,0,Budget Learners
U00343,adriana50,31,1,lhayes@gmail.com,1,0.0,1.13,0.0,7,1,1,Professional Learners
U00344,jennifernorris,17,1,hornejohn@yahoo.com,1,0.0,3.93,0.0,2,2,1,Professional Learners
U00345,whiteheadjessica,16,1,carolanderson@outlook.com,15,1367.21,3.5193333333333334,91.14733333333334,9,1,3,Casual Learners
U00346,marymcclain,33,0,george34@outlook.com,3,326.02,3.3699999999999997,108.67333333333333,1,2,0,Budget Learners
U00347,dorothy78,32,0,turnermarcus@gmail.com,2,346.71,2.67,173.355,8,0,0,Budget Learners
U00348,wigginsearl,30,0,bradyjason@outlook.com,1,299.57,3.74,299.57,3,1,2,Premium Learners
U00349,fostermichael,28,1,fwhite@outlook.com,1,0.0,1.13,0.0,7,1,1,Professional Learners
U00350,fmartin,17,1,jamiehopkins@outlook.com,2,89.59,3.8100000000000005,44.795,0,1,1,Professional Learners
U00351,carlsonjason,18,0,juan61@gmail.com,13,777.1,2.9269230769230767,59.776923076923076,2,0,3,Casual Learners
U00352,danderson,28,1,michael93@yahoo.com,15,1009.69,3.0853333333333333,67.31266666666667,1,1,3,Casual Learners
U00353,webbcharles,34,0,jeffrey93@hotmail.com,14,918.31,3.3785714285714286,65.59357142857142,5,0,3,Casual Learners
U00354,elizabeth42,35,1,christopheralexander@outlook.com,2,0.0,4.550000000000001,0.0,5,1,1,Professional Learners
U00355,johnsonfrederick,15,0,brenda96@gmail.com,1,0.0,4.45,0.0,4,0,0,Budget Learners
U00356,donaldjacobs,21,0,lhull@yahoo.com,15,619.16,3.0913333333333335,41.27733333333333,0,0,3,Casual Learners
U00357,ychavez,15,0,gjohnson@yahoo.com,15,2191.98,3.1853333333333333,146.132,0,1,3,Casual Learners
U00358,johnmcdonald,19,1,tylerpatterson@outlook.com,1,0.0,3.45,0.0,10,2,1,Professional Learners
U00359,jeremiahshaw,29,0,david28@outlook.com,1,0.0,1.28,0.0,9,1,0,Budget Learners
U00360,qburke,32,1,waterskenneth@outlook.com,1,0.0,3.6,0.0,3,2,1,Professional Learners
U00361,pmoon,18,0,cunninghamandrew@outlook.com,1,0.0,4.72,0.0,8,2,0,Budget Learners
U00362,eugene97,16,1,felicia89@gmail.com,13,1113.03,3.089230769230769,85.61769230769231,9,0,3,Casual Learners
U00363,haysbarbara,32,0,kennedybryan@hotmail.com,1,0.0,1.52,0.0,4,0,0,Budget Learners
U00364,cynthiamiller,34,1,brenda08@outlook.com,1,0.0,4.68,0.0,10,1,1,Professional Learners
U00365,bfox,30,0,hchapman@outlook.com,13,500.28000000000003,2.576923076923077,38.48307692307692,8,0,3,Casual Learners
U00366,gerald45,28,1,lewisanthony@hotmail.com,2,0.0,3.545,0.0,0,1,1,Professional Learners
U00367,robert90,21,1,tiffany36@hotmail.com,1,0.0,2.67,0.0,11,0,1,Professional Learners
U00368,michael12,26,1,burchbrian@outlook.com,1,0.0,1.52,0.0,4,0,1,Professional Learners
U00369,beckerterry,19,1,yoconnell@yahoo.com,4,0.0,2.665,0.0,1,0,1,Professional Learners
U00370,bstevens,17,1,huffmanchristopher@outlook.com,2,606.96,3.1950000000000003,303.48,1,0,2,Premium Learners
U00371,grayandrea,17,0,jay48@hotmail.com,1,0.0,3.02,0.0,3,2,0,Budget Learners
U00372,bpatrick,23,1,jonathan64@yahoo.com,1,0.78,3.89,0.78,7,0,1,Professional Learners
U00373,daniel56,26,0,valerie64@yahoo.com,1,0.0,2.0,0.0,1,0,0,Budget Learners
U00374,hmarsh,28,0,chelseywarren@outlook.com,1,0.0,3.64,0.0,0,1,0,Budget Learners
U00375,powellmatthew,34,0,jjohnson@hotmail.com,1,326.02,2.69,326.02,1,2,2,Premium Learners
U00376,jeffrey59,29,1,xbradley@hotmail.com,1,0.0,4.51,0.0,4,1,1,Professional Learners
U00377,andersondonald,21,0,anthony75@yahoo.com,1,177.34,3.89,177.34,5,0,0,Budget Learners
U00378,cookjoseph,21,0,kathleen96@outlook.com,2,0.0,3.63,0.0,1,0,0,Budget Learners
U00379,garciajohn,20,1,sharonmejia@yahoo.com,14,3054.37,3.4035714285714285,218.1692857142857,8,1,3,Casual Learners
U00380,rebeccabowman,23,0,morganstephenson@gmail.com,1,0.78,3.89,0.78,7,0,0,Budget Learners
U00381,richardsondanny,32,1,emily94@yahoo.com,1,0.0,4.45,0.0,4,0,1,Professional Learners
U00382,martinpayne,25,1,christopher66@outlook.com,3,394.26,2.08,131.42,2,0,1,Professional Learners
U00383,michael40,29,0,kaitlynanderson@hotmail.com,15,1668.4,2.848,111.22666666666667,0,0,3,Casual Learners
U00384,joshuamiller,32,0,michael54@gmail.com,2,299.57,2.875,149.785,3,0,0,Budget Learners
U00385,melissa61,20,1,bruce80@gmail.com,1,0.0,1.73,0.0,7,2,1,Professional Learners
U00386,gary74,29,0,cassandra26@yahoo.com,2,299.57,4.125,149.785,3,1,0,Budget Learners
U00387,elliottjacob,29,0,jmiller@yahoo.com,1,0.78,3.89,0.78,7,0,0,Budget Learners
U00388,jbennett,18,1,christina14@outlook.com,1,342.61,4.84,342.61,10,2,2,Premium Learners
U00389,qhunt,27,0,griffithebony@gmail.com,1,0.0,1.91,0.0,2,2,0,Budget Learners
U00390,newtonjohnny,18,0,cooperthomas@yahoo.com,3,0.0,3.1266666666666665,0.0,11,1,0,Budget Learners
U00391,morrisonronald,19,0,karenhicks@gmail.com,1,0.0,3.93,0.0,2,2,0,Budget Learners
U00392,coleamanda,19,0,lgonzales@hotmail.com,1,327.99,1.51,327.99,10,1,2,Premium Learners
U00393,ryan80,30,1,janice29@gmail.com,1,0.0,4.94,0.0,2,1,1,Professional Learners
U00394,dianaeverett,30,0,ubutler@yahoo.com,11,38.67,2.611818181818182,3.5154545454545456,1,0,0,Budget Learners
U00395,karenholder,22,0,david38@hotmail.com,1,0.0,4.94,0.0,2,1,0,Budget Learners
U00396,soliskaren,30,1,carrollandrew@gmail.com,2,0.0,2.915,0.0,6,2,1,Professional Learners
U00397,padams,16,1,whitakerbonnie@yahoo.com,1,37.89,1.3,37.89,11,0,1,Professional Learners
U00398,brandon42,27,0,qsmith@yahoo.com,3,117.68,3.313333333333333,39.22666666666667,2,0,0,Budget Learners
U00399,xgraham,31,0,hmiller@yahoo.com,12,1648.36,3.0908333333333338,137.36333333333332,0,0,3,Casual Learners
U00400,ann81,23,1,porterrachel@yahoo.com,2,0.0,2.83,0.0,7,0,1,Professional Learners
U00401,christina44,21,0,beth28@gmail.com,2,0.0,2.95,0.0,3,1,0,Budget Learners
U00402,mary54,23,1,thompsonclaudia@hotmail.com,2,0.0,2.13,0.0,6,0,1,Professional Learners
U00403,stevencruz,34,0,hamiltonbrenda@outlook.com,1,0.0,4.1,0.0,6,2,0,Budget Learners
U00404,lucerojonathan,21,0,christy17@yahoo.com,14,1617.6399999999999,3.105714285714286,115.54571428571428,6,0,3,Casual Learners
U00405,douglasholmes,24,1,xyang@hotmail.com,2,689.3199999999999,3.035,344.65999999999997,10,0,2,Premium Learners
U00406,miranda71,33,1,markguerrero@gmail.com,15,1417.44,2.902,94.49600000000001,3,1,3,Casual Learners
U00407,zlopez,23,1,martinezchristopher@outlook.com,15,1611.98,3.3033333333333332,107.46533333333333,0,2,3,Casual Learners
U00408,jacquelinelee,19,0,phillipsdonna@yahoo.com,1,0.0,3.15,0.0,1,0,0,Budget Learners
U00409,jenniferolson,35,1,manuelcurtis@yahoo.com,2,0.0,2.85,0.0,6,0,1,Professional Learners
U00410,bcantu,33,1,cheyenne28@gmail.com,1,0.0,2.67,0.0,11,0,1,Professional Learners
U00411,robert66,17,0,alexandra14@yahoo.com,12,789.6700000000001,3.2883333333333336,65.80583333333334,8,0,3,Casual Learners
U00412,qwatkins,24,0,wileyjoseph@gmail.com,4,236.72000000000003,3.3175,59.18000000000001,6,2,0,Budget Learners
U00413,sharon56,23,1,michaelcalderon@outlook.com,2,472.28,4.335,236.14,2,1,2,Premium Learners
U00414,popesteven,25,1,heatherballard@gmail.com,1,0.0,2.61,0.0,4,0,1,Professional Learners
U00415,lisaponce,31,0,dustin99@yahoo.com,13,804.99,3.1138461538461537,61.92230769230769,6,0,3,Casual Learners
U00416,simmonspatricia,17,0,nicholasgarcia@outlook.com,2,0.0,2.925,0.0,3,1,0,Budget Learners
U00417,erica01,32,0,hcross@yahoo.com,2,0.0,2.92,0.0,0,1,0,Budget Learners
U00418,anthonyanderson,23,0,rnoble@hotmail.com,3,528.79,2.3266666666666667,176.26333333333332,0,1,2,Premium Learners
U00419,willismorgan,21,0,walkerkevin@gmail.com,1,0.78,3.89,0.78,7,0,0,Budget Learners
U00420,jennifer64,24,0,jennifer47@hotmail.com,1,327.99,1.51,327.99,10,1,2,Premium Learners
U00421,karenlambert,32,1,caleb56@gmail.com,1,0.0,4.45,0.0,4,0,1,Professional Learners
U00422,sanfordmichael,15,0,tsantos@yahoo.com,3,285.05,2.8266666666666667,95.01666666666667,1,1,0,Budget Learners
U00423,reginaberg,27,0,bradgalloway@hotmail.com,12,1601.22,3.0866666666666664,133.435,0,1,3,Casual Learners
U00424,kristi64,35,1,fbarnett@yahoo.com,11,1213.72,3.1900000000000004,110.33818181818182,0,0,3,Casual Learners
U00425,erik67,19,1,michaelhernandez@outlook.com,1,490.9,4.55,490.9,0,1,2,Premium Learners
U00426,xknox,21,1,charleswilliams@yahoo.com,4,472.28,3.6750000000000003,118.07,9,1,1,Professional Learners
U00427,bernardsexton,29,0,rjenkins@yahoo.com,16,1374.23,3.033125,85.889375,0,1,3,Casual Learners
U00428,stewartdiane,23,1,kristylee@outlook.com,1,0.0,2.98,0.0,8,0,1,Professional Learners
U00429,bmckay,23,0,anthony19@outlook.com,1,0.0,4.1,0.0,6,2,0,Budget Learners
U00430,mark51,27,1,brianmontgomery@hotmail.com,1,487.92,3.64,487.92,1,0,2,Premium Learners
U00431,collinsjason,15,0,ywalker@hotmail.com,1,487.92,3.64,487.92,1,0,2,Premium Learners
U00432,umiller,31,1,petersendarren@gmail.com,1,0.0,4.79,0.0,8,0,1,Professional Learners
U00433,elewis,32,0,aaronevans@yahoo.com,1,276.37,2.72,276.37,4,0,2,Premium Learners
U00434,knightjake,22,1,wfrank@outlook.com,1,177.34,3.89,177.34,5,0,1,Professional Learners
U00435,lgreene,34,0,robertsjohnny@outlook.com,1,119.04,2.75,119.04,6,2,0,Budget Learners
U00436,hodgeserin,20,0,lindsay44@hotmail.com,1,490.9,4.55,490.9,0,1,2,Premium Learners
U00437,pricealexander,28,1,andre59@hotmail.com,3,0.0,3.6666666666666665,0.0,3,1,1,Professional Learners
U00438,eric69,21,1,angelagreen@gmail.com,14,633.26,3.3907142857142856,45.23285714285714,2,0,3,Casual Learners
U00439,idiaz,31,0,reedcourtney@yahoo.com,1,0.0,1.52,0.0,4,0,0,Budget Learners
U00440,maxwellsmith,20,0,leonardsolis@outlook.com,1,0.0,2.67,0.0,11,0,0,Budget Learners
U00441,taylor92,19,1,melanie66@hotmail.com,1,37.89,1.3,37.89,11,0,1,Professional Learners
U00442,umaldonado,21,0,croberts@hotmail.com,1,285.05,1.96,285.05,1,1,2,Premium Learners
U00443,desiree20,21,0,xshelton@yahoo.com,2,978.8199999999999,4.095,489.40999999999997,0,0,2,Premium Learners
U00444,morrowmichael,15,0,christopher38@outlook.com,13,1568.18,3.7700000000000005,120.62923076923077,3,0,3,Casual Learners
U00445,vlong,31,0,micheal11@gmail.com,1,285.05,1.96,285.05,1,1,2,Premium Learners
U00446,smithjack,19,0,sandra71@yahoo.com,2,53.86,2.895,26.93,6,1,0,Budget Learners
U00447,fwebb,23,1,ryan98@outlook.com,1,0.0,3.02,0.0,3,2,1,Professional Learners
U00448,smithjeffrey,27,1,wilsonjeremy@outlook.com,3,0.0,3.8366666666666673,0.0,2,2,1,Professional Learners
U00449,brownkaren,33,0,ambercruz@yahoo.com,14,1328.04,2.9135714285714287,94.86,3,0,3,Casual Learners
U00450,colemanroy,20,1,lyonsjohn@outlook.com,12,1262.44,3.125,105.20333333333333,1,0,3,Casual Learners
U00451,sabrinafoster,20,1,erin09@outlook.com,1,248.1,1.2,248.1,0,1,2,Premium Learners
U00452,williamsamy,23,1,anthonyflynn@hotmail.com,3,57.32,3.706666666666667,19.106666666666666,6,0,1,Professional Learners
U00453,jasmineowens,20,1,brianpowell@gmail.com,1,490.9,4.55,490.9,0,1,2,Premium Learners
U00454,lauralewis,28,0,corey28@outlook.com,4,758.12,3.4774999999999996,189.53,10,1,0,Budget Learners
U00455,angelica53,19,1,sbutler@outlook.com,3,0.0,3.24,0.0,0,1,1,Professional Learners
U00456,bobbyfaulkner,24,0,jpatel@gmail.com,2,0.0,2.58,0.0,3,1,0,Budget Learners
U00457,amytaylor,34,0,vmason@outlook.com,2,37.89,3.045,18.945,8,0,0,Budget Learners
U00458,zle,31,0,gordonlawrence@gmail.com,4,207.27,3.0324999999999998,51.8175,0,0,0,Budget Learners
U00459,andrewthomas,22,1,efletcher@gmail.com,1,0.0,3.45,0.0,10,2,1,Professional Learners
U00460,youngmike,24,0,vingram@hotmail.com,2,415.51,3.38,207.755,0,1,2,Premium Learners
U00461,kramerlogan,21,0,wmills@hotmail.com,2,490.9,4.640000000000001,245.45,0,1,2,Premium Learners
U00462,lmason,30,1,coryhernandez@hotmail.com,2,326.02,3.74,163.01,1,0,1,Professional Learners
U00463,smithryan,18,0,johnstonbrandon@yahoo.com,1,0.0,3.45,0.0,10,2,0,Budget Learners
U00464,blakejoseph,25,1,rogersdakota@hotmail.com,12,1024.06,2.8266666666666667,85.33833333333332,4,1,3,Casual Learners
U00465,garrettjenny,26,1,leoncarolyn@outlook.com,1,0.78,3.89,0.78,7,0,1,Professional Learners
U00466,armstrongluis,32,0,mackenzie76@hotmail.com,2,212.39,3.9349999999999996,106.195,5,0,0,Budget Learners
U00467,awalker,34,1,kpineda@yahoo.com,1,0.0,2.38,0.0,2,0,1,Professional Learners
U00468,greeneaaron,19,0,qgarcia@gmail.com,1,0.0,4.94,0.0,2,1,0,Budget Learners
U00469,scott82,20,0,justin81@gmail.com,2,0.0,1.9,0.0,7,0,0,Budget Learners
U00470,antoniohanson,18,0,williamschristopher@outlook.com,1,89.59,2.68,89.59,0,2,0,Budget Learners
U00471,clopez,31,0,yrodriguez@gmail.com,1,0.0,4.44,0.0,5,1,0,Budget Learners
U00472,nhicks,22,0,nmccoy@gmail.com,1,0.0,4.68,0.0,10,1,0,Budget Learners
U00473,smithamanda,32,0,zachary67@yahoo.com,3,342.61,3.0966666666666662,114.20333333333333,7,1,0,Budget Learners
U00474,renee73,31,1,vegarachael@outlook.com,1,57.32,4.74,57.32,11,0,1,Professional Learners
U00475,stevenwilliams,24,1,adamsjames@hotmail.com,3,604.36,2.4166666666666665,201.45333333333335,3,0,2,Premium Learners
U00476,devin94,29,0,jlutz@outlook.com,2,276.37,2.1550000000000002,138.185,4,0,0,Budget Learners
U00477,jason69,19,1,david15@outlook.com,1,37.89,1.3,37.89,11,0,1,Professional Learners
U00478,john69,30,1,jessicajones@yahoo.com,2,57.32,3.2350000000000003,28.66,7,0,1,Professional Learners
U00479,cunninghamaaron,33,1,suzanne77@gmail.com,2,0.0,2.8499999999999996,0.0,2,0,1,Professional Learners
U00480,rnash,20,0,leerachel@outlook.com,1,0.0,4.66,0.0,5,2,0,Budget Learners
U00481,bakeranna,32,0,brandy09@yahoo.com,1,326.02,2.69,326.02,1,2,2,Premium Learners
U00482,leewhite,33,0,parksdan@gmail.com,1,0.0,4.66,0.0,5,2,0,Budget Learners
U00483,weberhelen,22,1,kyle52@gmail.com,1,487.92,3.64,487.92,1,0,2,Premium Learners
U00484,wesleyfreeman,16,1,ghicks@outlook.com,2,0.0,2.725,0.0,3,2,1,Professional Learners
U00485,garrettevans,29,0,whitetimothy@gmail.com,1,0.0,4.68,0.0,10,1,0,Budget Learners
U00486,coryalvarado,21,0,diazjamie@yahoo.com,2,0.0,4.09,0.0,7,2,0,Budget Learners
U00487,kayla77,15,0,alvaradoronald@hotmail.com,2,0.0,3.335,0.0,3,1,0,Budget Learners
U00488,barbara10,20,1,dominic07@hotmail.com,2,119.04,2.6799999999999997,59.52,4,0,1,Professional Learners
U00489,aguirrejessica,18,1,lindsey98@hotmail.com,3,448.12,1.6500000000000001,149.37333333333333,2,1,2,Premium Learners
U00490,smithjody,33,1,andrewmiller@gmail.com,1,0.0,3.15,0.0,1,0,1,Professional Learners
U00491,brianna74,20,1,vjackson@gmail.com,1,394.26,1.35,394.26,2,2,2,Premium Learners
U00492,billy39,20,0,smithchristine@gmail.com,1,177.34,3.89,177.34,5,0,0,Budget Learners
U00493,rioschristina,30,1,patricia26@outlook.com,1,0.0,3.45,0.0,10,2,1,Professional Learners
U00494,joel15,26,1,iwalker@yahoo.com,13,1007.0,3.180769230769231,77.46153846153847,0,0,3,Casual Learners
U00495,johnsonchristina,35,0,tara89@yahoo.com,2,285.05,3.235,142.525,1,1,0,Budget Learners
U00496,clarktonya,29,0,kristine00@hotmail.com,1,0.0,2.38,0.0,2,0,0,Budget Learners
U00497,cmclean,21,0,christyevans@outlook.com,3,0.0,3.0533333333333332,0.0,11,1,0,Budget Learners
U00498,sheri69,20,0,omassey@hotmail.com,3,0.0,4.073333333333333,0.0,5,2,0,Budget Learners
U00499,keith86,21,1,moseschristopher@gmail.com,1,415.51,3.11,415.51,0,2,2,Premium Learners
U00500,frederick07,16,0,robert76@outlook.com,2,590.71,3.02,295.355,0,1,2,Premium Learners
U00501,andersonkathy,26,0,jacobglenn@gmail.com,1,0.0,3.93,0.0,2,2,0,Budget Learners
U00502,reynoldserin,22,0,tiffany72@hotmail.com,2,0.78,3.87,0.39,7,0,0,Budget Learners
U00503,robinsonmargaret,15,1,annette75@gmail.com,2,0.0,4.475,0.0,4,1,1,Professional Learners
U00504,cantrellscott,16,1,eric29@yahoo.com,2,0.0,3.625,0.0,2,1,1,Professional Learners
U00505,mcleanchris,17,1,jacqueline78@yahoo.com,1,0.0,4.1,0.0,6,2,1,Professional Learners
U00506,aliciagiles,33,0,gomezcarla@outlook.com,1,0.0,3.6,0.0,3,2,0,Budget Learners
U00507,nichole08,15,1,lukelove@yahoo.com,2,177.34,3.455,88.67,3,0,1,Professional Learners
U00508,dalesmith,28,0,thomaskenneth@outlook.com,1,0.0,4.44,0.0,5,1,0,Budget Learners
U00509,alexandereaton,20,0,qmurphy@outlook.com,1,0.0,4.14,0.0,6,1,0,Budget Learners
U00510,noblechristy,15,1,rgarza@outlook.com,1,0.0,2.0,0.0,1,0,1,Professional Learners
U00511,becky57,28,1,jacobcollins@gmail.com,1,0.0,2.98,0.0,8,0,1,Professional Learners
U00512,joshua36,22,1,elizabeththomas@gmail.com,2,326.02,2.14,163.01,1,0,1,Professional Learners
U00513,kcoleman,25,1,jacksoncynthia@gmail.com,1,0.0,4.44,0.0,5,1,1,Professional Learners
U00514,tammysmall,30,0,mariaryan@outlook.com,3,589.96,3.3966666666666665,196.65333333333334,9,1,0,Budget Learners
U00515,martinbrian,19,0,jconway@gmail.com,2,0.0,3.085,0.0,1,0,0,Budget Learners
U00516,charles14,33,0,kristenrobinson@outlook.com,1,177.34,3.89,177.34,5,0,0,Budget Learners
U00517,rachelsmith,22,0,cody45@hotmail.com,1,0.0,3.6,0.0,3,2,0,Budget Learners
U00518,jasonlara,20,0,kirkmichelle@outlook.com,1,415.51,3.11,415.51,0,2,2,Premium Learners
U00519,phaynes,27,0,hernandezshawn@gmail.com,1,0.0,3.6,0.0,3,2,0,Budget Learners
U00520,tammy29,29,1,cpineda@yahoo.com,1,0.0,3.6,0.0,3,2,1,Professional Learners
U00521,amanda69,26,0,mramirez@yahoo.com,1,0.0,1.81,0.0,7,0,0,Budget Learners
U00522,qbrooks,21,1,brandon68@yahoo.com,1,0.0,4.68,0.0,10,1,1,Professional Learners
U00523,crystal86,31,1,toddwilson@outlook.com,1,342.61,4.84,342.61,10,2,2,Premium Learners
U00524,knighthector,24,1,williamsjames@yahoo.com,2,119.04,3.445,59.52,6,1,1,Professional Learners
U00525,victor26,31,1,corybrady@outlook.com,1,0.0,4.66,0.0,5,2,1,Professional Learners
U00526,dunndeborah,24,1,dudleyaaron@outlook.com,1,0.0,3.64,0.0,0,1,1,Professional Learners
U00527,moralesmatthew,18,1,kevinhayden@gmail.com,2,0.0,3.8200000000000003,0.0,5,0,1,Professional Learners
U00528,wwebb,26,0,mmatthews@hotmail.com,1,0.0,1.28,0.0,9,1,0,Budget Learners
U00529,tharper,25,1,dustinsmith@yahoo.com,2,0.0,2.105,0.0,8,0,1,Professional Learners
U00530,wilsonjeanne,35,0,lisajuarez@yahoo.com,1,53.86,2.47,53.86,6,1,0,Budget Learners
U00531,hannahking,24,1,william89@outlook.com,2,394.26,2.8950000000000005,197.13,2,1,2,Premium Learners
U00532,spencerjennifer,15,0,walkerheather@gmail.com,1,472.28,4.74,472.28,9,1,2,Premium Learners
U00533,brandonfuller,29,1,roberttaylor@outlook.com,2,0.0,3.665,0.0,4,0,1,Professional Learners
U00534,michellestone,27,0,llopez@outlook.com,4,177.34,2.83,44.335,5,0,0,Budget Learners
U00535,rodriguezryan,23,1,ffoster@yahoo.com,2,415.51,3.52,207.755,0,2,2,Premium Learners
U00536,lukewilliams,35,0,wardallison@yahoo.com,1,0.0,3.45,0.0,10,2,0,Budget Learners
U00537,opatterson,25,0,gmartin@outlook.com,2,346.71,3.01,173.355,8,0,0,Budget Learners
U00538,salinasthomas,20,1,angelawarren@outlook.com,1,0.0,3.15,0.0,1,0,1,Professional Learners
U00539,jennifer10,25,1,george03@yahoo.com,1,299.57,3.74,299.57,3,1,2,Premium Learners
U00540,james88,15,1,mjohnson@outlook.com,1,53.86,2.47,53.86,6,1,1,Professional Learners
U00541,dhill,19,1,michaela09@hotmail.com,3,330.07,3.39,110.02333333333333,3,0,1,Professional Learners
U00542,ericjones,32,1,staceysullivan@outlook.com,1,0.0,3.15,0.0,1,0,1,Professional Learners
U00543,broberts,18,0,leryan@hotmail.com,13,1371.22,2.9076923076923076,105.47846153846154,0,2,3,Casual Learners
U00544,williamskaren,30,1,gonzalesjoseph@outlook.com,1,0.0,3.85,0.0,9,1,1,Professional Learners
U00545,bryandavis,18,0,sandra89@gmail.com,1,0.0,3.64,0.0,0,1,0,Budget Learners
U00546,nathanstevenson,25,1,pfields@outlook.com,1,0.0,4.1,0.0,6,2,1,Professional Learners
U00547,loganthomas,19,0,irowe@gmail.com,1,177.34,3.89,177.34,5,0,0,Budget Learners
U00548,vanessa32,32,0,tinamiller@yahoo.com,14,1922.05,2.8528571428571428,137.2892857142857,1,0,3,Casual Learners
U00549,andrea24,17,0,tatebrian@outlook.com,1,53.86,2.47,53.86,6,1,0,Budget Learners
U00550,gwyatt,17,1,jonathan11@yahoo.com,2,0.0,2.6399999999999997,0.0,4,0,1,Professional Learners
U00551,harveybenjamin,35,1,elaine58@gmail.com,4,234.66,4.105,58.665,3,0,1,Professional Learners
U00552,nicholastorres,30,0,shortbeverly@yahoo.com,2,0.0,2.005,0.0,7,1,0,Budget Learners
U00553,whiteheadhoward,15,1,sarah35@hotmail.com,2,0.0,3.225,0.0,1,0,1,Professional Learners
U00554,tlopez,18,1,williamball@gmail.com,1,285.05,1.96,285.05,1,1,2,Premium Learners
U00555,rodriguezaudrey,17,0,scottbarr@yahoo.com,1,415.51,3.11,415.51,0,2,2,Premium Learners
U00556,martinezkenneth,25,0,michael48@hotmail.com,14,1315.72,3.281428571428571,93.98,4,1,3,Casual Learners
U00557,kross,31,1,carolyn55@gmail.com,2,0.78,4.34,0.39,7,0,1,Professional Learners
U00558,kimberlymoore,32,1,sharonsmith@outlook.com,1,0.0,4.14,0.0,6,1,1,Professional Learners
U00559,jonathanmendoza,20,1,mark39@gmail.com,11,719.21,2.5172727272727276,65.38272727272728,0,1,3,Casual Learners
U00560,danielle56,32,1,baileymoran@outlook.com,2,790.47,4.145,395.235,0,1,2,Premium Learners
U00561,perryterry,33,1,benjamin16@outlook.com,1,0.0,4.68,0.0,10,1,1,Professional Learners
U00562,douglasbright,23,0,michelle98@gmail.com,15,1598.45,2.4859999999999998,106.56333333333333,6,0,3,Casual Learners
U00563,jacksonchristopher,31,0,willie43@outlook.com,2,0.0,3.22,0.0,1,0,0,Budget Learners
U00564,nkeller,15,1,amahoney@gmail.com,1,53.86,2.47,53.86,6,1,1,Professional Learners
U00565,teresabell,28,1,kempsharon@outlook.com,2,248.1,1.67,124.05,0,1,1,Professional Learners
U00566,zrowland,31,1,crystal11@gmail.com,2,0.78,4.275,0.39,5,0,1,Professional Learners
U00567,edeleon,20,1,mendezjonathan@hotmail.com,1,285.05,1.96,285.05,1,1,2,Premium Learners
U00568,lmorris,16,0,michelleshepherd@outlook.com,1,0.0,3.15,0.0,1,0,0,Budget Learners
U00569,danieljimenez,15,0,ghunter@gmail.com,14,1063.45,3.0749999999999997,75.96071428571429,10,0,3,Casual Learners
U00570,dunncharles,27,1,spearsanna@yahoo.com,14,777.67,3.4992857142857146,55.54785714285714,0,1,3,Casual Learners
U00571,tracey67,22,0,wardkatherine@yahoo.com,2,0.0,4.324999999999999,0.0,4,1,0,Budget Learners
U00572,jesse11,32,1,richardsonjonathan@outlook.com,13,567.28,3.1284615384615386,43.636923076923075,2,0,3,Casual Learners
U00573,florestyler,30,1,acrawford@gmail.com,11,1047.29,3.0790909090909087,95.20818181818181,2,2,3,Casual Learners
U00574,thomas63,33,0,rebecca64@yahoo.com,14,779.6099999999999,2.6185714285714288,55.686428571428564,0,0,3,Casual Learners
U00575,swilliams,35,1,hwise@yahoo.com,1,0.0,4.1,0.0,6,2,1,Professional Learners
U00576,harrispenny,16,1,jessica68@outlook.com,13,1001.74,3.3969230769230774,77.05692307692308,5,0,3,Casual Learners
U00577,raymond98,17,0,charles65@outlook.com,1,342.61,4.84,342.61,10,2,2,Premium Learners
U00578,palmerkristy,26,1,kochsusan@gmail.com,1,0.0,4.66,0.0,5,2,1,Professional Learners
U00579,walkertracie,34,1,fbennett@yahoo.com,1,0.0,3.85,0.0,9,1,1,Professional Learners
U00580,whitepatrick,24,0,donnaolsen@yahoo.com,3,0.0,2.75,0.0,2,1,0,Budget Learners
U00581,rodriguezsamantha,32,0,john72@hotmail.com,2,89.59,2.675,44.795,0,0,0,Budget Learners
U00582,wagnervalerie,26,1,fwilson@outlook.com,1,0.0,2.88,0.0,9,1,1,Professional Learners
U00583,qmarsh,21,0,carolynbarker@gmail.com,1,0.0,2.38,0.0,2,0,0,Budget Learners
U00584,christine43,31,0,brittanysantiago@yahoo.com,14,2559.85,2.7164285714285716,182.84642857142856,6,2,3,Casual Learners
U00585,jennifer48,19,0,frances95@gmail.com,2,0.0,2.2249999999999996,0.0,7,1,0,Budget Learners
U00586,ericamorris,21,1,albert93@outlook.com,1,299.57,3.74,299.57,3,1,2,Premium Learners
U00587,melissahancock,22,0,michael35@outlook.com,2,346.71,2.54,173.355,9,0,0,Budget Learners
U00588,shelia09,24,1,kristen55@yahoo.com,1,57.32,4.74,57.32,11,0,1,Professional Learners
U00589,matthew86,19,0,juliediaz@outlook.com,1,0.0,1.52,0.0,4,0,0,Budget Learners
U00590,browndonna,19,1,jonathan07@gmail.com,1,0.0,3.15,0.0,1,0,1,Professional Learners
U00591,kendramcdonald,35,1,hwright@yahoo.com,2,0.0,2.87,0.0,3,1,1,Professional Learners
U00592,barbara94,18,0,david98@yahoo.com,14,963.18,3.4057142857142857,68.79857142857142,0,1,3,Casual Learners
U00593,fmaxwell,23,1,erictorres@gmail.com,2,89.59,2.3449999999999998,44.795,0,0,1,Professional Learners
U00594,gsims,20,1,williamsjeremy@outlook.com,1,0.0,3.85,0.0,9,1,1,Professional Learners
U00595,hrichardson,29,1,aaronfigueroa@gmail.com,14,1075.46,2.6028571428571428,76.81857142857143,4,1,3,Casual Learners
U00596,hshaw,26,1,harmonkaren@outlook.com,2,177.34,3.605,88.67,5,0,1,Professional Learners
U00597,suzanne13,28,0,julielivingston@gmail.com,1,248.1,1.2,248.1,0,1,2,Premium Learners
U00598,acraig,28,1,simpsonmichael@gmail.com,1,415.51,3.11,415.51,0,2,2,Premium Learners
U00599,kristinharrison,33,1,joseph09@yahoo.com,1,0.0,1.73,0.0,7,2,1,Professional Learners
U00600,philip29,21,1,rebekah00@gmail.com,1,0.0,2.14,0.0,5,1,1,Professional Learners
U00601,ginawilkins,24,1,annjenkins@outlook.com,1,0.0,2.67,0.0,11,0,1,Professional Learners
U00602,chowell,25,0,jessefisher@gmail.com,3,0.0,3.85,0.0,5,1,0,Budget Learners
U00603,xbryant,35,1,cruzkatherine@gmail.com,2,0.78,3.995,0.39,6,0,1,Professional Learners
U00604,mercedes21,30,0,jonathanmorales@hotmail.com,14,662.4399999999999,2.843571428571429,47.317142857142855,7,0,3,Casual Learners
U00605,graypatricia,30,0,rebecca06@gmail.com,3,117.68,3.643333333333333,39.22666666666667,0,0,0,Budget Learners
U00606,tiffanywilliams,33,0,fhawkins@yahoo.com,2,0.0,3.255,0.0,1,0,0,Budget Learners
U00607,bobby98,30,1,crios@outlook.com,2,285.99,1.25,142.995,0,0,1,Professional Learners
U00608,adrianconley,31,1,autumnlee@gmail.com,1,0.0,2.43,0.0,9,2,1,Professional Learners
U00609,marissa45,33,0,colin68@hotmail.com,4,327.99,2.8275,81.9975,1,0,0,Budget Learners
U00610,ericcraig,19,1,martineztimothy@gmail.com,1,0.0,4.79,0.0,8,0,1,Professional Learners
U00611,christophercontreras,30,1,jamescampbell@yahoo.com,2,415.51,3.065,207.755,0,2,2,Premium Learners
U00612,kellytaylor,23,1,shawbrenda@hotmail.com,1,57.32,4.74,57.32,11,0,1,Professional Learners
U00613,jessica15,24,1,osmith@outlook.com,2,490.9,2.915,245.45,0,1,2,Premium Learners
U00614,samuelmiles,23,0,carlos12@outlook.com,1,0.0,4.44,0.0,5,1,0,Budget Learners
U00615,mrobinson,20,1,linda21@hotmail.com,1,0.0,3.15,0.0,1,0,1,Professional Learners
U00616,joshua33,19,0,mariacontreras@yahoo.com,2,0.0,3.035,0.0,2,1,0,Budget Learners
U00617,bradyolivia,18,0,glennhill@outlook.com,1,0.0,3.02,0.0,3,2,0,Budget Learners
U00618,rlee,22,1,palmerdawn@outlook.com,1,0.0,2.14,0.0,5,1,1,Professional Learners
U00619,brittanymclean,32,0,vwilliams@yahoo.com,12,636.6500000000001,3.4450000000000003,53.054166666666674,2,2,3,Casual Learners
U00620,antonio11,30,1,newmanrichard@gmail.com,1,0.0,1.59,0.0,6,0,1,Professional Learners
U00621,smithjill,20,1,justinmendez@yahoo.com,2,0.0,1.975,0.0,9,0,1,Professional Learners
U00622,xhernandez,28,0,hoodmelinda@yahoo.com,13,524.05,3.5276923076923077,40.31153846153846,3,0,3,Casual Learners
U00623,omar61,23,0,diana26@yahoo.com,2,119.04,3.705,59.52,5,2,0,Budget Learners
U00624,reneeanderson,34,0,jasonsmith@outlook.com,2,0.0,3.915,0.0,4,1,0,Budget Learners
U00625,kimberly36,28,1,jeffreyhernandez@gmail.com,4,394.26,3.1950000000000003,98.565,2,2,1,Professional Learners
U00626,emily75,19,1,morganheather@hotmail.com,1,177.34,3.89,177.34,5,0,1,Professional Learners
U00627,robertsdavid,34,0,theresa32@outlook.com,4,487.92,1.945,121.98,7,1,0,Budget Learners
U00628,david75,32,0,brittany51@outlook.com,2,472.28,4.03,236.14,9,1,0,Budget Learners
U00629,toni46,20,0,rickybruce@outlook.com,1,0.0,2.61,0.0,4,0,0,Budget Learners
U00630,trevorwhite,17,1,ksmith@outlook.com,3,296.38,3.5933333333333333,98.79333333333334,6,0,1,Professional Learners
U00631,heathdonna,20,1,aliciathomas@yahoo.com,2,0.0,4.19,0.0,2,0,1,Professional Learners
U00632,zknox,26,0,mcneildaniel@hotmail.com,1,0.0,1.81,0.0,7,0,0,Budget Learners
U00633,reidlisa,35,0,alexanderblack@gmail.com,14,1177.45,2.855,84.10357142857143,1,0,3,Casual Learners
U00634,bradley56,15,0,prestonemily@gmail.com,3,276.37,3.44,92.12333333333333,4,0,0,Budget Learners
U00635,dmahoney,26,0,rolsen@yahoo.com,1,0.0,4.73,0.0,7,2,0,Budget Learners
U00636,parkermaria,21,0,fgarza@yahoo.com,13,1701.73,3.174615384615385,130.9023076923077,1,1,3,Casual Learners
U00637,kbrandt,22,0,rruiz@outlook.com,2,529.6,4.74,264.8,9,0,2,Premium Learners
U00638,austin36,19,0,moyerbrian@outlook.com,2,57.32,3.705,28.66,11,0,0,Budget Learners
U00639,wscott,33,0,joshuaharrell@hotmail.com,14,1010.86,3.0192857142857146,72.20428571428572,2,0,3,Casual Learners
U00640,jon73,31,1,yjackson@gmail.com,1,490.9,4.55,490.9,0,1,2,Premium Learners
U00641,nancy60,32,1,kayleewashington@gmail.com,1,342.61,4.84,342.61,10,2,2,Premium Learners
U00642,rmeza,17,1,christopherfarrell@yahoo.com,2,0.0,2.66,0.0,1,0,1,Professional Learners
U00643,cynthia57,20,0,nthomas@gmail.com,1,327.99,1.51,327.99,10,1,2,Premium Learners
U00644,montgomerykathleen,20,0,ymata@hotmail.com,1,0.0,2.88,0.0,9,1,0,Budget Learners
U00645,dennis23,23,0,johnsonkimberly@yahoo.com,1,299.57,3.74,299.57,3,1,2,Premium Learners
U00646,smurphy,29,0,jamie76@hotmail.com,1,0.0,2.88,0.0,9,1,0,Budget Learners
U00647,richard50,26,0,jwatkins@outlook.com,1,487.92,3.64,487.92,1,0,2,Premium Learners
U00648,madeline85,19,1,mcclainderrick@yahoo.com,2,472.28,4.7,236.14,5,1,2,Premium Learners
U00649,thomaslawson,32,1,thomas06@outlook.com,1,415.51,3.11,415.51,0,2,2,Premium Learners
U00650,xknapp,26,0,samuelolson@hotmail.com,1,0.0,4.72,0.0,8,2,0,Budget Learners
U00651,mmeadows,29,1,johnwright@hotmail.com,4,296.38,3.3425000000000002,74.095,9,1,1,Professional Learners
U00652,cwebb,16,0,cassidyanderson@gmail.com,2,394.26,2.335,197.13,2,1,2,Premium Learners
U00653,terrigreen,15,1,michelle26@yahoo.com,1,346.71,1.23,346.71,10,0,2,Premium Learners
U00654,ehall,24,1,brandon30@gmail.com,2,53.86,1.875,26.93,6,1,1,Professional Learners
U00655,jbailey,33,0,bmason@gmail.com,1,53.86,2.47,53.86,6,1,0,Budget Learners
U00656,vanessapearson,31,1,johnbarnett@hotmail.com,1,0.0,4.14,0.0,6,1,1,Professional Learners
U00657,bensonandrew,23,1,swilson@hotmail.com,1,89.59,2.68,89.59,0,2,1,Professional Learners
U00658,djohnston,23,0,timothyfarmer@yahoo.com,1,0.0,4.66,0.0,5,2,0,Budget Learners
U00659,dbennett,33,1,rebekahjacobson@hotmail.com,2,0.0,4.41,0.0,6,1,1,Professional Learners
U00660,gardnerjohn,22,1,harrisdavid@outlook.com,2,577.51,3.16,288.755,0,0,2,Premium Learners
U00661,robert38,23,0,curtispaul@gmail.com,4,212.39,2.87,53.0975,9,2,0,Budget Learners
U00662,greggcarter,30,0,debra93@gmail.com,1,285.05,1.96,285.05,1,1,2,Premium Learners
U00663,brittneysanders,35,1,elowe@yahoo.com,1,285.05,1.96,285.05,1,1,2,Premium Learners
U00664,lopezashley,17,1,jeremy21@outlook.com,1,117.68,2.57,117.68,3,0,1,Professional Learners
U00665,laura09,35,1,millersonya@yahoo.com,1,37.89,1.3,37.89,11,0,1,Professional Learners
U00666,idavis,30,0,lucasderek@hotmail.com,12,969.72,2.910833333333333,80.81,10,0,3,Casual Learners
U00667,oconnorjennifer,18,0,emily56@gmail.com,2,212.39,3.065,106.195,5,0,0,Budget Learners
U00668,jeffreybishop,34,0,hernandezthomas@yahoo.com,2,0.0,4.32,0.0,8,0,0,Budget Learners
U00669,yvette06,20,0,joseph22@hotmail.com,1,248.1,1.2,248.1,0,1,2,Premium Learners
U00670,david51,17,1,nathan64@gmail.com,2,0.0,4.52,0.0,2,1,1,Professional Learners
U00671,brandonsteele,18,0,louis72@gmail.com,1,0.0,3.15,0.0,1,0,0,Budget Learners
U00672,andersonanita,15,1,derrick43@gmail.com,1,0.0,4.11,0.0,8,2,1,Professional Learners
U00673,michaeldavid,24,0,harveytaylor@gmail.com,2,380.5,3.07,190.25,10,0,0,Budget Learners
U00674,stephen71,21,1,zoliver@hotmail.com,1,0.0,2.0,0.0,1,0,1,Professional Learners
U00675,hollandashley,20,0,courtneybryant@yahoo.com,1,0.0,2.01,0.0,8,0,0,Budget Learners
U00676,qwilliams,32,1,scott24@yahoo.com,2,0.0,3.1550000000000002,0.0,4,0,1,Professional Learners
U00677,jodynolan,35,0,lhill@outlook.com,1,415.51,3.11,415.51,0,2,2,Premium Learners
U00678,brooksheather,33,0,danielmelendez@outlook.com,1,0.0,4.14,0.0,6,1,0,Budget Learners
U00679,morganscott,28,1,michellelang@yahoo.com,1,276.37,2.72,276.37,4,0,2,Premium Learners
U00680,patricia23,35,0,martinburch@yahoo.com,1,487.92,3.64,487.92,1,0,2,Premium Learners
U00681,mary67,32,1,henglish@gmail.com,2,0.0,3.3,0.0,1,0,1,Professional Learners
U00682,moneill,33,1,imiles@yahoo.com,1,0.0,4.44,0.0,5,1,1,Professional Learners
U00683,fernandeznathan,20,0,paulsanchez@yahoo.com,1,0.0,2.61,0.0,4,0,0,Budget Learners
U00684,kennethjohnston,28,0,bradfordwayne@gmail.com,3,0.0,3.0666666666666664,0.0,4,0,0,Budget Learners
U00685,nwashington,29,0,tracey29@gmail.com,1,487.92,3.64,487.92,1,0,2,Premium Learners
U00686,kjohnson,35,0,ojames@hotmail.com,1,0.0,2.2,0.0,11,1,0,Budget Learners
U00687,richard03,29,0,smithadam@yahoo.com,15,1775.49,2.806,118.366,11,1,3,Casual Learners
U00688,cassandra27,30,0,allen54@gmail.com,2,0.78,2.85,0.39,7,0,0,Budget Learners
U00689,mary45,19,0,jennifersmith@outlook.com,2,0.0,3.67,0.0,4,0,0,Budget Learners
U00690,chad34,29,0,laurie35@outlook.com,1,0.0,4.66,0.0,5,2,0,Budget Learners
U00691,bthompson,16,0,ehebert@outlook.com,1,0.0,2.61,0.0,4,0,0,Budget Learners
U00692,ramirezcarol,27,1,turnerkathleen@hotmail.com,1,0.0,3.45,0.0,10,2,1,Professional Learners
U00693,sawyerjustin,35,0,tracyhernandez@hotmail.com,1,57.32,4.74,57.32,11,0,0,Budget Learners
U00694,gthompson,33,0,brownrachel@gmail.com,1,0.0,3.6,0.0,3,2,0,Budget Learners
U00695,escobardaniel,31,0,michaelwilliams@yahoo.com,1,0.0,4.45,0.0,4,0,0,Budget Learners
U00696,edwardbryant,25,1,rpratt@outlook.com,1,0.0,3.45,0.0,10,2,1,Professional Learners
U00697,rebekah50,32,0,sean35@hotmail.com,1,0.0,3.85,0.0,9,1,0,Budget Learners
U00698,petersonkaren,32,0,sanchezlawrence@outlook.com,2,37.89,3.045,18.945,8,0,0,Budget Learners
U00699,noah18,20,1,armstrongdanielle@yahoo.com,2,0.0,3.2649999999999997,0.0,7,0,1,Professional Learners
U00700,amyarnold,25,1,rkelly@yahoo.com,1,117.68,2.57,117.68,3,0,1,Professional Learners
U00701,alexis83,32,1,wcowan@yahoo.com,14,1435.67,3.005,102.54785714285715,1,0,3,Casual Learners
U00702,robertwashington,22,0,jason32@outlook.com,3,0.0,2.5066666666666664,0.0,4,0,0,Budget Learners
U00703,traviswilson,32,0,holmesjustin@yahoo.com,3,469.37,2.6533333333333333,156.45666666666668,0,0,0,Budget Learners
U00704,veronica98,30,1,john82@outlook.com,13,1528.24,3.506153846153846,117.55692307692308,10,1,3,Casual Learners
U00705,lynnburke,15,1,navarrosteven@gmail.com,1,0.0,4.79,0.0,8,0,1,Professional Learners
U00706,jonesmary,21,1,jonespatricia@outlook.com,2,787.49,3.6900000000000004,393.745,1,0,2,Premium Learners
U00707,eric25,29,1,nathanthomas@hotmail.com,1,0.0,4.51,0.0,4,1,1,Professional Learners
U00708,rodney07,29,0,stephaniedavis@outlook.com,1,0.0,4.72,0.0,8,2,0,Budget Learners
U00709,ygregory,23,0,nsmith@yahoo.com,14,1042.92,3.5092857142857143,74.49428571428572,5,0,3,Casual Learners
U00710,virginia47,19,1,mullinsdavid@outlook.com,1,248.1,1.2,248.1,0,1,2,Premium Learners
U00711,ataylor,27,1,allenerica@outlook.com,2,327.99,2.415,163.995,10,1,1,Professional Learners
U00712,wendybrown,27,0,jarvischelsea@outlook.com,2,0.0,3.05,0.0,1,0,0,Budget Learners
U00713,joseph60,17,0,nancy15@outlook.com,1,472.28,4.74,472.28,9,1,2,Premium Learners
U00714,curtissmith,25,1,rgreene@gmail.com,3,0.0,4.273333333333333,0.0,3,1,1,Professional Learners
U00715,teresalynn,25,0,christopher01@gmail.com,1,0.0,3.15,0.0,1,0,0,Budget Learners
U00716,victoriawalter,29,1,cjones@gmail.com,4,295.02,3.005,73.755,3,0,1,Professional Learners
U00717,michaeljohnson,34,0,webernicholas@yahoo.com,1,0.0,1.91,0.0,2,2,0,Budget Learners
U00718,christopher99,27,0,mia13@yahoo.com,2,285.05,2.42,142.525,1,1,0,Budget Learners
U00719,diazlinda,25,0,nmiller@yahoo.com,1,117.68,2.57,117.68,3,0,0,Budget Learners
U00720,coleashley,17,0,briggsgrant@hotmail.com,1,415.51,3.11,415.51,0,2,2,Premium Learners
U00721,adavenport,20,0,cgriffin@outlook.com,1,0.0,2.61,0.0,4,0,0,Budget Learners
U00722,smontgomery,16,0,michaelhunter@gmail.com,3,276.37,1.95,92.12333333333333,1,0,0,Budget Learners
U00723,tcolon,35,1,benjamin17@hotmail.com,14,1213.66,3.0942857142857143,86.69000000000001,10,0,3,Casual Learners
U00724,elizabeth68,16,0,patrick77@hotmail.com,15,1375.81,3.530666666666667,91.72066666666666,1,2,3,Casual Learners
U00725,martinbarbara,28,0,christine02@gmail.com,1,0.0,3.32,0.0,11,1,0,Budget Learners
U00726,ssanchez,26,0,erikamccann@outlook.com,1,472.28,4.74,472.28,9,1,2,Premium Learners
U00727,jeffreystewart,33,0,tsexton@gmail.com,4,389.73,3.0225,97.4325,5,0,0,Budget Learners
U00728,teresa67,17,1,christopher71@hotmail.com,1,0.0,4.11,0.0,8,2,1,Professional Learners
U00729,vsmith,30,1,william39@yahoo.com,2,0.0,3.835,0.0,8,0,1,Professional Learners
U00730,nbuckley,30,1,ianderson@hotmail.com,2,487.92,3.31,243.96,1,0,2,Premium Learners
U00731,duane21,16,1,spearsmitchell@outlook.com,2,285.05,2.6399999999999997,142.525,1,1,1,Professional Learners
U00732,andrew96,22,1,darryllucas@hotmail.com,1,394.26,1.35,394.26,2,2,2,Premium Learners
U00733,evansjill,28,0,randyberry@yahoo.com,1,0.0,2.61,0.0,4,0,0,Budget Learners
U00734,georgemartin,20,1,christophercox@outlook.com,4,299.57,2.7875,74.8925,3,0,1,Professional Learners
U00735,brian79,17,1,mejiaveronica@gmail.com,2,212.39,2.575,106.195,1,0,1,Professional Learners
U00736,yarmstrong,19,0,miranda26@yahoo.com,1,0.0,4.73,0.0,7,2,0,Budget Learners
U00737,david99,18,1,ddaniel@outlook.com,2,207.27,2.625,103.635,0,0,1,Professional Learners
U00738,kevin65,29,0,christopherharris@gmail.com,3,250.27999999999997,3.1300000000000003,83.42666666666666,2,0,0,Budget Learners
U00739,robinsonaaron,25,0,katie36@gmail.com,1,0.0,4.1,0.0,6,2,0,Budget Learners
U00740,lrodgers,34,0,pamerickson@hotmail.com,1,327.99,1.51,327.99,10,1,2,Premium Learners
U00741,joseph57,33,0,robertbennett@hotmail.com,4,461.65000000000003,4.1125,115.41250000000001,6,2,0,Budget Learners
U00742,sthomas,29,1,christina80@gmail.com,1,327.99,1.51,327.99,10,1,2,Premium Learners
U00743,kchandler,19,1,moralesmicheal@gmail.com,4,37.89,1.96,9.4725,9,0,1,Professional Learners
U00744,susan70,15,1,shannonbell@yahoo.com,1,0.0,2.98,0.0,8,0,1,Professional Learners
U00745,colemanshannon,29,0,laura10@hotmail.com,2,0.0,2.335,0.0,1,0,0,Budget Learners
U00746,brianwright,28,1,middletonmiranda@gmail.com,2,276.37,2.3600000000000003,138.185,1,0,1,Professional Learners
U00747,scruz,28,0,fmiller@gmail.com,1,0.0,2.2,0.0,11,1,0,Budget Learners
U00748,gyang,30,0,pwhite@gmail.com,2,0.0,2.335,0.0,1,0,0,Budget Learners
U00749,suarezjason,18,1,shelly11@outlook.com,1,0.0,4.72,0.0,8,2,1,Professional Learners
U00750,brittany20,23,0,brittany01@outlook.com,1,487.92,3.64,487.92,1,0,2,Premium Learners
U00751,alex00,19,1,tkane@hotmail.com,1,0.0,1.28,0.0,9,1,1,Professional Learners
U00752,gregoryramirez,30,1,johnnyhenderson@outlook.com,13,1666.6499999999999,2.8469230769230767,128.20384615384614,4,0,3,Casual Learners
U00753,fallen,28,1,piercejustin@hotmail.com,2,0.0,3.495,0.0,8,1,1,Professional Learners
U00754,wchapman,33,1,daniel53@hotmail.com,1,490.9,4.55,490.9,0,1,2,Premium Learners
U00755,fnelson,31,1,schmidtrussell@outlook.com,1,0.0,1.91,0.0,2,2,1,Professional Learners
U00756,gloverronald,33,0,tara80@hotmail.com,1,0.0,4.1,0.0,6,2,0,Budget Learners
U00757,greghiggins,22,0,chris37@yahoo.com,1,53.86,2.47,53.86,6,1,0,Budget Learners
U00758,jacobcherry,16,1,wongana@yahoo.com,1,0.0,2.0,0.0,1,0,1,Professional Learners
U00759,jerryfuentes,22,1,alec74@hotmail.com,1,0.78,3.89,0.78,7,0,1,Professional Learners
U00760,donnahudson,21,0,steven45@gmail.com,13,1583.69,3.2353846153846155,121.8223076923077,9,1,3,Casual Learners
U00761,vthomas,31,1,bellbrian@gmail.com,1,0.0,4.44,0.0,5,1,1,Professional Learners
U00762,marieboyd,22,0,lbryant@gmail.com,1,346.71,1.23,346.71,10,0,2,Premium Learners
U00763,ccook,16,1,nenglish@hotmail.com,1,0.0,3.02,0.0,3,2,1,Professional Learners
U00764,millerjay,18,1,smithvictoria@yahoo.com,2,0.0,2.495,0.0,8,0,1,Professional Learners
U00765,carrillonathaniel,31,0,brittany31@yahoo.com,11,1188.0,2.641818181818182,108.0,3,2,3,Casual Learners
U00766,rebecca41,31,0,brockvirginia@outlook.com,3,0.0,4.333333333333333,0.0,8,2,0,Budget Learners
U00767,iestes,16,0,idavis@yahoo.com,14,1529.52,3.0335714285714284,109.25142857142858,9,0,3,Casual Learners
U00768,castilloallen,19,1,devon29@yahoo.com,2,0.0,3.59,0.0,4,0,1,Professional Learners
U00769,nicholaswatkins,16,0,campbellsharon@gmail.com,1,0.0,4.45,0.0,4,0,0,Budget Learners
U00770,pnorris,29,1,laurennavarro@gmail.com,1,0.0,4.73,0.0,7,2,1,Professional Learners
U00771,ashley15,18,1,lewisjamie@outlook.com,1,285.05,1.96,285.05,1,1,2,Premium Learners
U00772,lindseylawson,24,0,brandon45@yahoo.com,13,342.61,3.547692307692308,26.354615384615386,2,2,3,Casual Learners
U00773,tlewis,25,0,jonesrachel@gmail.com,1,119.04,2.75,119.04,6,2,0,Budget Learners
U00774,qarmstrong,27,1,jodyolson@outlook.com,1,0.0,2.38,0.0,2,0,1,Professional Learners
U00775,timothy66,29,0,gregoryalison@hotmail.com,14,1391.4,3.281428571428571,99.38571428571429,9,1,3,Casual Learners
U00776,smithgloria,26,0,rbrown@yahoo.com,1,490.9,4.55,490.9,0,1,2,Premium Learners
U00777,donaldcastillo,29,1,lewisrachael@outlook.com,4,999.88,3.6675,249.97,1,0,2,Premium Learners
U00778,darrencarey,33,1,kristina95@gmail.com,2,0.0,2.355,0.0,7,0,1,Professional Learners
U00779,vargasemily,24,0,westvictor@gmail.com,1,0.0,2.38,0.0,2,0,0,Budget Learners
U00780,christopherduran,32,0,haleygould@yahoo.com,1,0.0,2.43,0.0,9,2,0,Budget Learners
U00781,lucasnorman,18,0,martindeborah@gmail.com,1,0.0,3.6,0.0,3,2,0,Budget Learners
U00782,hholt,25,1,grodgers@hotmail.com,1,0.0,2.61,0.0,4,0,1,Professional Learners
U00783,joliver,35,0,courtneyanthony@gmail.com,2,57.32,3.88,28.66,3,0,0,Budget Learners
U00784,obrienjessica,22,0,stephaniereed@yahoo.com,2,299.57,4.21,149.785,3,1,0,Budget Learners
U00785,fisherkathryn,17,0,menglish@yahoo.com,1,0.0,4.66,0.0,5,2,0,Budget Learners
U00786,johnobrien,32,0,tduncan@gmail.com,13,1193.7,3.2807692307692307,91.82307692307693,6,0,3,Casual Learners
U00787,alexisjones,29,0,nwatts@outlook.com,9,510.16999999999996,3.12,56.68555555555555,9,1,0,Budget Learners
U00788,dalton45,24,1,jessica89@yahoo.com,2,0.0,1.935,0.0,5,1,1,Professional Learners
U00789,edwardbishop,17,0,hgeorge@gmail.com,2,37.89,2.475,18.945,3,0,0,Budget Learners
U00790,weekssamuel,16,0,hensonkevin@yahoo.com,2,347.48999999999995,2.56,173.74499999999998,7,0,0,Budget Learners
U00791,ggibbs,34,0,megan67@yahoo.com,2,89.59,3.305,44.795,0,2,0,Budget Learners
U00792,ralphrobertson,20,1,piercestacy@hotmail.com,1,346.71,1.23,346.71,10,0,2,Premium Learners
U00793,jasonchapman,19,1,amberrice@gmail.com,4,212.39,3.45,53.0975,5,0,1,Professional Learners
U00794,zperkins,23,0,deanna03@yahoo.com,2,0.0,2.58,0.0,0,0,0,Budget Learners
U00795,pkent,34,0,kellymoore@gmail.com,3,285.05,2.9466666666666668,95.01666666666667,1,1,0,Budget Learners
U00796,belljacob,22,0,rachellewis@outlook.com,2,212.39,2.215,106.195,5,0,0,Budget Learners
U00797,djohnson,20,1,brenda73@outlook.com,3,0.0,3.4499999999999997,0.0,4,2,1,Professional Learners
U00798,phillipgarza,19,0,ashleyjohnson@outlook.com,1,0.0,1.52,0.0,4,0,0,Budget Learners
U00799,danielle30,26,0,april48@outlook.com,2,0.0,2.925,0.0,3,1,0,Budget Learners
U00800,denniskara,29,0,petersonamber@yahoo.com,2,415.51,3.92,207.755,0,2,2,Premium Learners
U00801,pmorse,32,0,kellieandrade@hotmail.com,2,415.51,3.92,207.755,0,2,2,Premium Learners
U00802,garciabradley,31,1,susan84@outlook.com,2,119.04,2.95,59.52,1,0,1,Professional Learners
U00803,vyoung,26,1,murphyelijah@hotmail.com,3,276.37,2.9633333333333334,92.12333333333333,1,0,1,Professional Learners
U00804,alexander76,24,0,volson@hotmail.com,2,89.59,1.98,44.795,0,1,0,Budget Learners
U00805,shelly99,18,0,fosterabigail@gmail.com,1,0.0,4.11,0.0,8,2,0,Budget Learners
U00806,hollowaybrian,27,1,hardyann@hotmail.com,1,0.0,3.65,0.0,3,1,1,Professional Learners
U00807,mark87,35,0,theresa07@outlook.com,1,342.61,4.84,342.61,10,2,2,Premium Learners
U00808,randalljensen,27,0,sandrashaw@outlook.com,1,0.0,3.64,0.0,0,1,0,Budget Learners
U00809,terrismith,24,1,phansen@gmail.com,1,490.9,4.55,490.9,0,1,2,Premium Learners
U00810,nshort,28,1,kelsey23@hotmail.com,1,276.37,2.72,276.37,4,0,2,Premium Learners
U00811,rachel13,25,0,kimberly43@gmail.com,3,487.92,3.0533333333333332,162.64000000000001,11,1,0,Budget Learners
U00812,greenbradley,24,0,jenniferpalmer@yahoo.com,3,285.05,3.64,95.01666666666667,4,1,0,Budget Learners
U00813,oberg,33,1,andersonanthony@hotmail.com,4,0.0,3.815,0.0,1,2,1,Professional Learners
U00814,dana01,21,0,hhoover@yahoo.com,1,0.0,2.01,0.0,8,0,0,Budget Learners
U00815,blevinskenneth,17,1,pcardenas@outlook.com,2,415.51,3.92,207.755,0,2,2,Premium Learners
U00816,nortonjennifer,34,1,christopher24@hotmail.com,3,89.59,2.106666666666667,29.863333333333333,0,2,1,Professional Learners
U00817,xwilkins,35,0,adaugherty@gmail.com,1,0.0,3.32,0.0,11,1,0,Budget Learners
U00818,josephthornton,20,0,cynthia81@gmail.com,1,0.0,4.79,0.0,8,0,0,Budget Learners
U00819,macdonaldbarry,28,0,greenangela@yahoo.com,14,1143.41,3.027857142857143,81.67214285714286,2,0,3,Casual Learners
U00820,rhunt,31,0,georgeamanda@hotmail.com,3,487.92,3.126666666666667,162.64000000000001,1,0,0,Budget Learners
U00821,sarawashington,23,1,ashley12@yahoo.com,13,1597.3,2.9061538461538463,122.86923076923077,0,1,3,Casual Learners
U00822,iweber,35,0,allenjason@gmail.com,1,0.0,2.43,0.0,9,2,0,Budget Learners
U00823,burgessashley,22,1,jsalinas@outlook.com,1,212.39,3.15,212.39,5,0,1,Professional Learners
U00824,mary48,27,1,josesmith@yahoo.com,1,0.0,4.1,0.0,6,2,1,Professional Learners
U00825,odavis,26,1,richard58@gmail.com,3,487.92,3.703333333333333,162.64000000000001,1,0,1,Professional Learners
U00826,jamespatel,16,1,maddoxashley@outlook.com,1,53.86,2.47,53.86,6,1,1,Professional Learners
U00827,joshua59,26,0,morrisonbrian@yahoo.com,2,0.0,4.41,0.0,6,2,0,Budget Learners
U00828,tanya22,25,1,brian39@hotmail.com,3,592.85,3.9066666666666663,197.61666666666667,0,2,2,Premium Learners
U00829,hthomas,22,1,householly@hotmail.com,16,1338.31,3.054375,83.644375,2,1,3,Casual Learners
U00830,cookreginald,26,0,qhiggins@outlook.com,1,326.02,2.69,326.02,1,2,2,Premium Learners
U00831,stephanie39,18,1,henryanderson@yahoo.com,2,0.0,3.16,0.0,4,0,1,Professional Learners
U00832,chumphrey,20,0,fingram@yahoo.com,1,0.0,3.85,0.0,9,1,0,Budget Learners
U00833,anna24,32,0,yangryan@hotmail.com,3,0.0,2.0066666666666664,0.0,7,0,0,Budget Learners
U00834,connor47,30,1,foxrachel@gmail.com,1,0.0,2.2,0.0,11,1,1,Professional Learners
U00835,jonesnatalie,33,0,johnstonheather@hotmail.com,1,0.0,3.02,0.0,3,2,0,Budget Learners
U00836,vlee,29,0,mgonzalez@gmail.com,15,931.7,2.886,62.11333333333334,5,1,3,Casual Learners
U00837,summersbenjamin,28,1,tina58@outlook.com,4,285.05,2.5175,71.2625,9,1,1,Professional Learners
U00838,johnmclean,25,0,ibailey@hotmail.com,12,1027.19,2.8408333333333338,85.59916666666668,3,0,3,Casual Learners
U00839,richardgonzales,33,1,anne86@outlook.com,1,0.0,4.94,0.0,2,1,1,Professional Learners
U00840,kristen96,18,1,evanschad@gmail.com,3,394.26,2.4533333333333336,131.42,2,2,1,Professional Learners
U00841,potterchristine,29,0,zjones@hotmail.com,1,0.0,1.91,0.0,2,2,0,Budget Learners
U00842,johnsonmichael,21,0,slucas@hotmail.com,2,89.59,2.7800000000000002,44.795,0,1,0,Budget Learners
U00843,danielrivera,21,1,shieldsjustin@outlook.com,1,276.37,2.72,276.37,4,0,2,Premium Learners
U00844,bellnicholas,26,1,rachelharris@gmail.com,1,0.0,4.72,0.0,8,2,1,Professional Learners
U00845,larry84,25,0,selena53@hotmail.com,1,53.86,2.47,53.86,6,1,0,Budget Learners
U00846,geraldbrown,16,1,amanda42@hotmail.com,1,57.32,4.74,57.32,11,0,1,Professional Learners
U00847,cscott,23,1,adamsjessica@gmail.com,1,0.0,4.66,0.0,5,2,1,Professional Learners
U00848,wlindsey,28,1,alan56@hotmail.com,4,415.51,3.7825,103.8775,0,2,1,Professional Learners
U00849,patrick51,20,1,thompsonjack@gmail.com,2,248.1,2.42,124.05,0,1,1,Professional Learners
U00850,christopheradams,26,1,brandon52@hotmail.com,15,897.95,3.0846666666666662,59.86333333333334,10,0,3,Casual Learners
U00851,jamesandersen,21,1,gregorycastillo@outlook.com,1,0.0,4.73,0.0,7,2,1,Professional Learners
U00852,scottgoodman,23,1,mthomas@gmail.com,13,1579.1399999999999,3.4723076923076923,121.47230769230768,0,2,3,Casual Learners
U00853,qhancock,24,1,jessicatate@yahoo.com,2,0.0,2.92,0.0,7,2,1,Professional Learners
U00854,jeffery46,28,1,jenniferking@gmail.com,2,299.57,3.3600000000000003,149.785,3,0,1,Professional Learners
U00855,cmoody,15,0,jonathan95@yahoo.com,1,0.0,1.28,0.0,9,1,0,Budget Learners
U00856,jeffreyosborne,21,0,abrown@yahoo.com,1,0.0,2.14,0.0,5,1,0,Budget Learners
U00857,rjohnson,15,1,fshaw@outlook.com,1,0.0,3.32,0.0,11,1,1,Professional Learners
U00858,hperez,20,1,josephramirez@gmail.com,15,396.47,3.258666666666667,26.431333333333335,7,1,3,Casual Learners
U00859,connie76,22,1,fjones@outlook.com,1,0.0,3.02,0.0,3,2,1,Professional Learners
U00860,charlesromero,23,0,sabrinagarcia@yahoo.com,1,490.9,4.55,490.9,0,1,2,Premium Learners
U00861,cjones,22,0,williamporter@hotmail.com,1,0.0,1.73,0.0,7,2,0,Budget Learners
U00862,ucampbell,18,0,ycruz@outlook.com,1,487.92,3.64,487.92,1,0,2,Premium Learners
U00863,carlachambers,23,0,catherine34@gmail.com,1,0.0,2.88,0.0,9,1,0,Budget Learners
U00864,taralucas,22,0,wesleygomez@hotmail.com,1,0.0,2.0,0.0,1,0,0,Budget Learners
U00865,ynguyen,27,1,katievasquez@hotmail.com,1,285.05,1.96,285.05,1,1,2,Premium Learners
U00866,kevinbryant,30,1,kaneamber@yahoo.com,1,0.0,4.73,0.0,7,2,1,Professional Learners
U00867,kadams,30,1,smiththomas@yahoo.com,1,0.0,2.61,0.0,4,0,1,Professional Learners
U00868,brookelester,16,0,jeannejones@yahoo.com,1,0.0,2.14,0.0,5,1,0,Budget Learners
U00869,kathy66,19,1,hernandezcrystal@gmail.com,1,0.0,2.01,0.0,8,0,1,Professional Learners
U00870,sarah55,22,1,kennethbrown@outlook.com,15,966.14,3.4386666666666668,64.40933333333334,8,0,3,Casual Learners
U00871,harrisangel,26,1,rebecca41@gmail.com,2,0.0,2.0549999999999997,0.0,2,0,1,Professional Learners
U00872,leonard49,27,1,uwhite@outlook.com,1,0.0,3.32,0.0,11,1,1,Professional Learners
U00873,nicholas43,28,1,deanbrandon@hotmail.com,1,0.0,4.45,0.0,4,0,1,Professional Learners
U00874,daniel14,25,1,webbalexander@yahoo.com,12,2175.74,3.276666666666667,181.31166666666664,1,0,3,Casual Learners
U00875,lauren47,23,1,cnorman@hotmail.com,1,57.32,4.74,57.32,11,0,1,Professional Learners
U00876,steven86,27,1,ghart@outlook.com,14,2352.5,3.662857142857143,168.03571428571428,0,2,3,Casual Learners
U00877,brian68,35,1,albert18@yahoo.com,1,490.9,4.55,490.9,0,1,2,Premium Learners
U00878,gregory34,31,1,christian06@hotmail.com,1,177.34,3.89,177.34,5,0,1,Professional Learners
U00879,andrea15,18,0,ygarcia@gmail.com,3,389.15999999999997,3.5100000000000002,129.72,0,2,0,Budget Learners
U00880,burnettjennifer,15,1,jodi61@outlook.com,1,177.34,3.89,177.34,5,0,1,Professional Learners
U00881,jayala,34,0,austinamy@outlook.com,16,2703.36,3.0825,168.96,0,2,3,Casual Learners
U00882,tyrone43,34,0,adamjensen@gmail.com,1,0.0,2.14,0.0,5,1,0,Budget Learners
U00883,brittany87,27,0,anthony51@hotmail.com,3,472.28,3.83,157.42666666666665,4,1,0,Budget Learners
U00884,davenportjerome,19,1,fosteredward@hotmail.com,1,487.92,3.64,487.92,1,0,2,Premium Learners
U00885,moralessherri,28,0,robinsonmichelle@gmail.com,1,117.68,2.57,117.68,3,0,0,Budget Learners
U00886,brenda56,22,0,joshuacarrillo@hotmail.com,2,0.0,1.505,0.0,7,1,0,Budget Learners
U00887,joseph48,17,1,fordmichelle@hotmail.com,1,0.0,2.14,0.0,5,1,1,Professional Learners
U00888,ywright,15,1,rubenvargas@outlook.com,4,491.67999999999995,3.525,122.91999999999999,7,0,1,Professional Learners
U00889,robbinscatherine,31,0,glopez@gmail.com,1,0.0,3.02,0.0,3,2,0,Budget Learners
U00890,jacobscharles,31,0,jonesbrian@hotmail.com,2,299.57,2.5100000000000002,149.785,3,1,0,Budget Learners
U00891,christopher59,28,0,andrew63@gmail.com,2,0.0,4.195,0.0,3,0,0,Budget Learners
U00892,joneskayla,35,1,jmack@hotmail.com,4,0.0,4.0375,0.0,2,2,1,Professional Learners
U00893,dwillis,15,1,johnjensen@gmail.com,12,1271.25,2.859166666666667,105.9375,1,0,3,Casual Learners
U00894,edwardsjared,28,0,donna27@gmail.com,3,511.94,2.86,170.64666666666668,2,2,2,Premium Learners
U00895,seanlambert,15,1,garnerjohn@hotmail.com,4,548.22,4.0225,137.055,8,0,1,Professional Learners
U00896,calvindavis,29,0,matanancy@hotmail.com,4,118.46000000000001,3.3525,29.615000000000002,2,0,0,Budget Learners
U00897,zmarshall,20,1,rjohnson@outlook.com,1,177.34,3.89,177.34,5,0,1,Professional Learners
U00898,michelleramos,24,0,fschwartz@gmail.com,12,663.22,2.9808333333333334,55.26833333333334,7,1,3,Casual Learners
U00899,hallbrian,19,1,ydavis@hotmail.com,1,0.0,2.01,0.0,8,0,1,Professional Learners
U00900,kochshannon,26,0,yclark@gmail.com,2,119.04,3.34,59.52,2,2,0,Budget Learners
U00901,adam68,23,0,john91@outlook.com,1,0.0,3.93,0.0,2,2,0,Budget Learners
U00902,jacobscameron,29,1,christinapeterson@yahoo.com,2,248.1,1.7000000000000002,124.05,0,1,1,Professional Learners
U00903,rojasjames,29,0,omoon@gmail.com,13,1238.72,2.9415384615384617,95.28615384615385,1,0,3,Casual Learners
U00904,kristen47,16,0,vmclean@yahoo.com,1,0.0,2.14,0.0,5,1,0,Budget Learners
U00905,llawrence,15,1,daniel77@outlook.com,1,0.0,4.45,0.0,4,0,1,Professional Learners
U00906,nicholsonkaren,34,0,michaelsmith@outlook.com,1,299.57,3.74,299.57,3,1,2,Premium Learners
U00907,pachecomary,23,0,adam92@outlook.com,12,2048.18,3.2266666666666666,170.68166666666664,1,1,3,Casual Learners
U00908,tommywilkinson,16,0,sarah20@gmail.com,1,0.0,3.93,0.0,2,2,0,Budget Learners
U00909,kristinevance,35,0,whiteeric@hotmail.com,1,0.0,2.88,0.0,9,1,0,Budget Learners
U00910,ramirezaaron,20,0,costatraci@hotmail.com,3,367.14,2.0500000000000003,122.38,0,1,0,Budget Learners
U00911,qallen,15,0,jennifercollins@yahoo.com,10,996.65,3.318,99.66499999999999,1,1,3,Casual Learners
U00912,anthony80,28,1,stephaniezimmerman@yahoo.com,1,0.0,1.91,0.0,2,2,1,Professional Learners
U00913,boyerjoseph,35,0,michaeladams@hotmail.com,1,57.32,4.74,57.32,11,0,0,Budget Learners
U00914,goodwinmichelle,22,1,danielmcclure@hotmail.com,1,0.0,4.11,0.0,8,2,1,Professional Learners
U00915,phillipssean,24,0,carolynrivera@outlook.com,13,1343.61,3.1823076923076923,103.35461538461537,0,1,3,Casual Learners
U00916,donnacarlson,20,1,cooperzachary@yahoo.com,1,0.0,3.02,0.0,3,2,1,Professional Learners
U00917,tylersheppard,28,0,webbheather@hotmail.com,15,1319.9099999999999,3.098,87.99399999999999,1,0,3,Casual Learners
U00918,maddoxmichael,35,1,joshuadelgado@outlook.com,1,299.57,3.74,299.57,3,1,2,Premium Learners
U00919,kwheeler,28,1,wbarrera@gmail.com,14,1415.33,2.8007142857142857,101.095,1,0,3,Casual Learners
U00920,robertortiz,18,0,randy02@gmail.com,1,0.0,4.1,0.0,6,2,0,Budget Learners
U00921,nharris,26,1,joshuaduran@gmail.com,1,487.92,3.64,487.92,1,0,2,Premium Learners
U00922,rwilliams,31,0,hball@outlook.com,2,0.0,1.4,0.0,4,0,0,Budget Learners
U00923,scott83,29,0,nataliejackson@gmail.com,3,511.94,1.6833333333333333,170.64666666666668,2,0,2,Premium Learners
U00924,grahammary,34,1,traceyortiz@gmail.com,1,0.0,2.38,0.0,2,0,1,Professional Learners
U00925,tjackson,31,1,mmendoza@yahoo.com,2,490.9,4.605,245.45,0,1,2,Premium Learners
U00926,debbie38,32,1,michelewolf@gmail.com,2,342.61,4.49,171.305,6,1,1,Professional Learners
U00927,kbowman,26,1,lguerrero@yahoo.com,2,0.0,3.065,0.0,1,0,1,Professional Learners
U00928,uleon,33,0,butlermichael@outlook.com,12,1050.48,2.85,87.54,3,0,3,Casual Learners
U00929,taylortiffany,25,0,jennifergilbert@yahoo.com,4,444.48,3.1875,111.12,3,0,0,Budget Learners
U00930,joe26,34,1,jeffreyramirez@hotmail.com,3,534.55,3.3233333333333337,178.1833333333333,0,2,2,Premium Learners
U00931,pgrant,31,1,jeffreyvaughn@outlook.com,1,117.68,2.57,117.68,3,0,1,Professional Learners
U00932,yolandamckinney,21,1,qjimenez@yahoo.com,1,57.32,4.74,57.32,11,0,1,Professional Learners
U00933,rebeccagrant,27,0,millerjessica@hotmail.com,1,0.0,2.88,0.0,9,1,0,Budget Learners
U00934,clarkamanda,15,0,jimmycampbell@outlook.com,1,0.0,4.68,0.0,10,1,0,Budget Learners
U00935,andrew43,16,0,hoconnell@outlook.com,1,0.0,3.65,0.0,3,1,0,Budget Learners
U00936,markmcbride,30,0,hrobinson@hotmail.com,1,0.0,4.44,0.0,5,1,0,Budget Learners
U00937,kimberly76,35,1,billyhamilton@hotmail.com,1,0.0,1.81,0.0,7,0,1,Professional Learners
U00938,kellylevy,30,1,uball@hotmail.com,1,0.0,4.51,0.0,4,1,1,Professional Learners
U00939,regina72,18,1,autumn95@yahoo.com,1,0.0,3.6,0.0,3,2,1,Professional Learners
U00940,bhughes,15,0,patrickdavis@hotmail.com,1,0.0,1.91,0.0,2,2,0,Budget Learners
U00941,riceemily,20,0,michael80@gmail.com,2,285.05,1.935,142.525,1,1,0,Budget Learners
U00942,greeves,21,1,jonathanmullins@hotmail.com,1,0.0,4.14,0.0,6,1,1,Professional Learners
U00943,patrickevans,21,0,christopheraguilar@hotmail.com,2,0.0,2.195,0.0,2,0,0,Budget Learners
U00944,mcdowellrichard,28,0,mwoods@yahoo.com,1,117.68,2.57,117.68,3,0,0,Budget Learners
U00945,meganaguilar,27,0,jenna45@gmail.com,1,0.0,4.68,0.0,10,1,0,Budget Learners
U00946,cobbrebecca,20,0,esmith@hotmail.com,1,0.0,4.72,0.0,8,2,0,Budget Learners
U00947,phillipsthomas,31,0,robert99@yahoo.com,1,0.0,2.14,0.0,5,1,0,Budget Learners
U00948,jenna85,34,1,harringtonjason@hotmail.com,3,0.0,4.223333333333333,0.0,6,2,1,Professional Learners
U00949,andersondaniel,16,1,dustinsimmons@hotmail.com,4,0.0,3.165,0.0,7,1,1,Professional Learners
U00950,loricruz,33,0,amartinez@yahoo.com,1,0.0,4.66,0.0,5,2,0,Budget Learners
U00951,perkinsian,15,1,benjamintaylor@gmail.com,2,342.61,4.75,171.305,5,2,1,Professional Learners
U00952,fullerlaura,22,0,dreeves@gmail.com,2,0.0,3.5,0.0,1,0,0,Budget Learners
U00953,lindsay67,31,1,randall43@hotmail.com,3,89.59,2.646666666666667,29.863333333333333,0,2,1,Professional Learners
U00954,emily45,21,0,judywilliams@yahoo.com,2,0.0,3.36,0.0,1,0,0,Budget Learners
U00955,howardfranco,35,0,christopher22@hotmail.com,3,0.0,3.3800000000000003,0.0,6,0,0,Budget Learners
U00956,sarahwilliams,21,0,kellygregory@hotmail.com,1,327.99,1.51,327.99,10,1,2,Premium Learners
U00957,courtneyspence,22,1,xmartin@gmail.com,3,212.39,2.6733333333333333,70.79666666666667,11,0,1,Professional Learners
U00958,vanessa84,28,0,douglas85@gmail.com,2,0.0,4.550000000000001,0.0,5,1,0,Budget Learners
U00959,jillianbenitez,22,1,brownmonica@outlook.com,13,1444.05,3.110769230769231,111.08076923076922,7,0,3,Casual Learners
U00960,zdominguez,17,1,jenniferzavala@gmail.com,1,0.0,2.61,0.0,4,0,1,Professional Learners
U00961,yodervalerie,31,1,elizabeth16@outlook.com,14,1242.93,3.251428571428572,88.7807142857143,0,1,3,Casual Learners
U00962,mullenraven,20,1,jamesgreen@hotmail.com,1,0.0,3.15,0.0,1,0,1,Professional Learners
U00963,xespinoza,20,0,arivera@yahoo.com,2,0.0,2.9699999999999998,0.0,2,0,0,Budget Learners
U00964,melissa75,16,0,chavezbryce@outlook.com,1,0.0,2.98,0.0,8,0,0,Budget Learners
U00965,alexanderhart,34,0,abigailstevens@hotmail.com,1,0.0,2.14,0.0,5,1,0,Budget Learners
U00966,don65,23,0,autumn61@outlook.com,1,0.0,2.43,0.0,9,2,0,Budget Learners
U00967,haledalton,15,1,tevans@outlook.com,14,816.75,3.092142857142857,58.339285714285715,10,1,3,Casual Learners
U00968,wmartin,21,1,bryan25@outlook.com,2,0.0,2.525,0.0,7,1,1,Professional Learners
U00969,kevin31,29,1,karina05@gmail.com,1,248.1,1.2,248.1,0,1,2,Premium Learners
U00970,lcollins,18,1,kelly21@yahoo.com,1,285.05,1.96,285.05,1,1,2,Premium Learners
U00971,xhicks,19,0,ybaldwin@gmail.com,3,490.9,4.12,163.63333333333333,0,0,0,Budget Learners
U00972,dross,27,0,juanthomas@gmail.com,4,591.3199999999999,3.6125,147.82999999999998,0,1,0,Budget Learners
U00973,robertsnicolas,22,1,mark15@yahoo.com,1,57.32,4.74,57.32,11,0,1,Professional Learners
U00974,qcraig,31,1,stephensonelizabeth@yahoo.com,1,0.0,4.66,0.0,5,2,1,Professional Learners
U00975,kroman,35,0,jrobinson@hotmail.com,1,0.0,3.32,0.0,11,1,0,Budget Learners
U00976,johnsonchristopher,30,1,lynchnorma@gmail.com,12,1462.63,3.1658333333333335,121.88583333333334,1,0,3,Casual Learners
U00977,mrubio,33,0,birdjeanette@yahoo.com,1,0.0,2.98,0.0,8,0,0,Budget Learners
U00978,hgonzalez,18,1,sherrypalmer@gmail.com,1,0.0,4.51,0.0,4,1,1,Professional Learners
U00979,berryjohn,16,0,richard23@hotmail.com,3,0.0,4.1433333333333335,0.0,2,1,0,Budget Learners
U00980,oliverwayne,17,1,fdavis@yahoo.com,1,0.0,1.59,0.0,6,0,1,Professional Learners
U00981,vbryant,34,1,zachary79@yahoo.com,13,1437.21,2.746923076923077,110.55461538461539,0,0,3,Casual Learners
U00982,austinandrea,27,0,gmontoya@outlook.com,1,346.71,1.23,346.71,10,0,2,Premium Learners
U00983,richardrhodes,26,0,thomasperry@yahoo.com,1,0.0,2.0,0.0,1,0,0,Budget Learners
U00984,ilambert,27,1,hhall@outlook.com,1,415.51,3.11,415.51,0,2,2,Premium Learners
U00985,sara25,21,1,sara90@hotmail.com,1,0.0,1.81,0.0,7,0,1,Professional Learners
U00986,crystalharris,25,1,davidmartin@outlook.com,2,0.0,3.66,0.0,2,0,1,Professional Learners
U00987,jonathanhanson,27,0,melissa05@gmail.com,1,0.0,4.44,0.0,5,1,0,Budget Learners
U00988,haley70,21,0,adouglas@yahoo.com,1,0.0,2.38,0.0,2,0,0,Budget Learners
U00989,dillonmatthew,26,1,dbrewer@yahoo.com,12,993.62,2.6199999999999997,82.80166666666666,1,0,3,Casual Learners
U00990,nunezsandra,20,1,hallcarl@outlook.com,1,0.0,4.1,0.0,6,2,1,Professional Learners
U00991,fernandezkristen,30,1,stephanieyork@gmail.com,1,89.59,2.68,89.59,0,2,1,Professional Learners
U00992,achase,22,0,pdean@outlook.com,4,952.31,2.8225,238.0775,1,0,2,Premium Learners
U00993,jamesarnold,17,1,crystalblankenship@outlook.com,1,326.02,2.69,326.02,1,2,2,Premium Learners
U00994,chaneyjeremy,29,0,hannah24@gmail.com,1,0.0,4.73,0.0,7,2,0,Budget Learners
U00995,yholloway,27,0,victoriawelch@hotmail.com,2,0.0,2.29,0.0,2,0,0,Budget Learners
U00996,jon28,24,1,myersanna@gmail.com,1,0.0,4.66,0.0,5,2,1,Professional Learners
U00997,vmyers,34,0,edwardbarrera@outlook.com,15,460.49,3.1686666666666667,30.699333333333335,4,0,3,Casual Learners
U00998,brendarogers,18,1,mckayandrea@gmail.com,2,327.99,2.555,163.995,3,1,1,Professional Learners
U00999,tshaffer,33,0,reedjeffrey@outlook.com,1,0.0,4.51,0.0,4,1,0,Budget Learners
U01000,tara10,16,0,matthewserrano@gmail.com,12,1151.4199999999998,3.4483333333333337,95.95166666666665,7,0,3,Casual Learners
U01001,matthewrobertson,18,1,briannaalvarado@yahoo.com,1,0.0,3.45,0.0,10,2,1,Professional Learners
U01002,paul47,19,1,sara84@yahoo.com,1,0.0,3.15,0.0,1,0,1,Professional Learners
U01003,james19,35,1,cameron98@hotmail.com,1,0.0,2.0,0.0,1,0,1,Professional Learners
U01004,albertbell,16,0,rachel22@yahoo.com,1,415.51,3.11,415.51,0,2,2,Premium Learners
U01005,zshelton,19,1,eric88@hotmail.com,1,119.04,2.75,119.04,6,2,1,Professional Learners
U01006,youngcolleen,19,1,shannonmiller@yahoo.com,2,37.89,1.8650000000000002,18.945,9,0,1,Professional Learners
U01007,thompsonalicia,30,1,maldonadopaul@gmail.com,1,0.0,4.1,0.0,6,2,1,Professional Learners
U01008,julie04,18,1,enewton@outlook.com,2,0.0,3.24,0.0,3,1,1,Professional Learners
U01009,jessicamorrow,15,0,narnold@hotmail.com,1,0.78,3.89,0.78,7,0,0,Budget Learners
U01010,staceybrown,35,0,matthewlawrence@gmail.com,1,0.0,2.61,0.0,4,0,0,Budget Learners
U01011,uarnold,18,1,ginabenitez@gmail.com,1,248.1,1.2,248.1,0,1,2,Premium Learners
U01012,aolson,35,0,kimberlylong@gmail.com,1,327.99,1.51,327.99,10,1,2,Premium Learners
U01013,pcook,22,1,kimberly96@yahoo.com,3,299.57,2.8033333333333332,99.85666666666667,1,0,1,Professional Learners
U01014,jessicalong,17,1,stevenperez@yahoo.com,3,0.0,3.366666666666667,0.0,0,0,1,Professional Learners
U01015,coledennis,29,1,browndavid@outlook.com,15,1192.84,3.234,79.52266666666667,3,2,3,Casual Learners
U01016,nwright,27,0,sandovalnorma@yahoo.com,2,57.32,3.165,28.66,6,0,0,Budget Learners
U01017,dhernandez,21,0,tylermartin@gmail.com,2,611.0699999999999,2.325,305.53499999999997,1,1,2,Premium Learners
U01018,shannonrobertson,23,0,sarasparks@yahoo.com,1,0.0,4.14,0.0,6,1,0,Budget Learners
U01019,monique55,27,1,rossashley@gmail.com,1,0.0,4.14,0.0,6,1,1,Professional Learners
U01020,vwhitehead,28,1,shannonsparks@gmail.com,12,1169.1499999999999,2.72,97.42916666666666,0,2,3,Casual Learners
U01021,richardmendez,29,0,wernerleon@yahoo.com,2,0.0,3.355,0.0,4,1,0,Budget Learners
U01022,butlerjessica,17,1,lisa97@gmail.com,13,869.3,3.6884615384615387,66.86923076923077,11,2,3,Casual Learners
U01023,eford,18,1,david19@outlook.com,2,0.0,4.22,0.0,2,1,1,Professional Learners
U01024,yandersen,17,0,fmeyer@hotmail.com,3,487.92,4.246666666666667,162.64000000000001,5,0,0,Budget Learners
U01025,tyronepham,34,1,loriyoung@outlook.com,1,490.9,4.55,490.9,0,1,2,Premium Learners
U01026,montescrystal,33,0,ayalaariana@outlook.com,1,0.0,4.14,0.0,6,1,0,Budget Learners
U01027,candice51,32,1,tinastevens@gmail.com,2,0.0,2.3,0.0,9,1,1,Professional Learners
U01028,gchapman,23,0,tammy34@hotmail.com,2,327.99,2.195,163.995,9,1,0,Budget Learners
U01029,mooneyjoseph,15,1,samantha60@outlook.com,1,119.04,2.75,119.04,6,2,1,Professional Learners
U01030,jkennedy,23,0,jonesalexandra@outlook.com,1,0.0,4.72,0.0,8,2,0,Budget Learners
U01031,vasquezsarah,15,1,ocurry@hotmail.com,13,1539.38,3.331538461538462,118.41384615384617,4,0,3,Casual Learners
U01032,brownvanessa,16,1,kathleenjones@yahoo.com,14,1389.57,3.386428571428571,99.255,8,0,3,Casual Learners
U01033,dsampson,30,1,xsingleton@outlook.com,13,1830.5,3.1692307692307695,140.80769230769232,1,0,3,Casual Learners
U01034,thomas88,18,0,michael37@gmail.com,12,149.07,3.2566666666666664,12.4225,6,0,0,Budget Learners
U01035,robert02,33,1,vmueller@hotmail.com,3,772.97,2.47,257.6566666666667,1,0,2,Premium Learners
U01036,johnwatson,35,1,cheryl57@hotmail.com,1,0.0,1.59,0.0,6,0,1,Professional Learners
U01037,jeremy46,32,0,wyatt99@gmail.com,1,415.51,3.11,415.51,0,2,2,Premium Learners
U01038,tanya50,33,1,lunajuan@hotmail.com,1,342.61,4.84,342.61,10,2,2,Premium Learners
U01039,zellis,21,0,misty82@gmail.com,1,0.0,4.94,0.0,2,1,0,Budget Learners
U01040,ecook,21,0,gamblejames@gmail.com,1,285.05,1.96,285.05,1,1,2,Premium Learners
U01041,nortontiffany,23,0,karen17@yahoo.com,1,0.0,2.67,0.0,11,0,0,Budget Learners
U01042,xjohnson,26,1,ashleymcbride@outlook.com,1,0.0,3.45,0.0,10,2,1,Professional Learners
U01043,howardtammie,19,0,devinanderson@outlook.com,4,57.32,2.515,14.33,11,0,0,Budget Learners
U01044,kwhite,31,0,jeffreybell@hotmail.com,1,0.0,2.67,0.0,11,0,0,Budget Learners
U01045,brandonperkins,32,0,jamescastro@yahoo.com,2,0.0,3.24,0.0,3,1,0,Budget Learners
U01046,ijordan,28,0,zgray@hotmail.com,1,53.86,2.47,53.86,6,1,0,Budget Learners
U01047,sarah46,29,0,vlawson@hotmail.com,1,0.0,4.51,0.0,4,1,0,Budget Learners
U01048,hwilliams,16,0,vazquezsusan@outlook.com,1,0.0,1.81,0.0,7,0,0,Budget Learners
U01049,sramirez,34,1,danielle21@outlook.com,2,0.0,3.335,0.0,3,1,1,Professional Learners
U01050,charlotte36,25,0,cameron97@outlook.com,1,0.0,1.91,0.0,2,2,0,Budget Learners
U01051,fmanning,18,0,whitneysarah@gmail.com,2,0.0,3.23,0.0,4,0,0,Budget Learners
U01052,villakenneth,22,0,franklinmichelle@outlook.com,2,0.0,4.62,0.0,4,1,0,Budget Learners
U01053,gonzalesmatthew,26,0,thomaslivingston@outlook.com,1,0.0,3.02,0.0,3,2,0,Budget Learners
U01054,jason85,20,0,jacqueline31@yahoo.com,2,0.0,2.21,0.0,4,0,0,Budget Learners
U01055,gloria53,22,0,xcasey@outlook.com,1,0.0,4.73,0.0,7,2,0,Budget Learners
U01056,heather91,15,1,pruittmichael@hotmail.com,2,0.78,3.91,0.39,2,0,1,Professional Learners
U01057,mcdowellaudrey,33,1,richardsonangela@gmail.com,1,0.0,4.1,0.0,6,2,1,Professional Learners
U01058,jon17,34,0,alandavis@gmail.com,2,606.65,2.25,303.325,2,0,2,Premium Learners
U01059,john53,30,1,sandraswanson@hotmail.com,1,0.0,4.72,0.0,8,2,1,Professional Learners
U01060,edwin85,34,0,caitlyn34@outlook.com,1,119.04,2.75,119.04,6,2,0,Budget Learners
U01061,akemp,22,0,shelby47@outlook.com,2,342.61,4.76,171.305,10,1,0,Budget Learners
U01062,kellerkaren,22,0,rebeccawilliams@gmail.com,1,0.0,4.45,0.0,4,0,0,Budget Learners
U01063,djones,31,0,qhernandez@gmail.com,1,0.0,2.67,0.0,11,0,0,Budget Learners
U01064,nfields,26,0,mstokes@gmail.com,2,487.92,4.16,243.96,1,0,2,Premium Learners
U01065,stewartdavid,15,1,bcallahan@gmail.com,4,327.99,2.6574999999999998,81.9975,1,0,1,Professional Learners
U01066,jennifer14,19,0,kgonzalez@hotmail.com,12,970.1700000000001,2.953333333333333,80.84750000000001,3,0,3,Casual Learners
U01067,kcurry,17,1,davidwhite@hotmail.com,1,0.0,1.91,0.0,2,2,1,Professional Learners
U01068,amercer,32,0,annetteshaffer@gmail.com,2,0.0,4.2700000000000005,0.0,2,1,0,Budget Learners
U01069,jonyoung,35,1,travis38@yahoo.com,1,0.0,4.94,0.0,2,1,1,Professional Learners
U01070,mark45,32,1,hannahpaul@yahoo.com,1,0.0,4.14,0.0,6,1,1,Professional Learners
U01071,stonecheryl,19,0,lauramcneil@hotmail.com,2,497.44,2.5549999999999997,248.72,1,0,2,Premium Learners
U01072,monica52,32,1,cshields@yahoo.com,1,327.99,1.51,327.99,10,1,2,Premium Learners
U01073,kristinrivera,23,1,eingram@gmail.com,2,748.65,3.7300000000000004,374.325,4,0,2,Premium Learners
U01074,dfoster,26,0,robinsondouglas@gmail.com,1,0.0,1.59,0.0,6,0,0,Budget Learners
U01075,rachel61,17,1,alvaradochristopher@gmail.com,2,490.9,3.9349999999999996,245.45,0,1,2,Premium Learners
U01076,michaelcarr,20,1,christina08@yahoo.com,1,0.0,4.45,0.0,4,0,1,Professional Learners
U01077,morenosarah,24,0,markrose@outlook.com,2,490.9,3.3449999999999998,245.45,0,1,2,Premium Learners
U01078,daniel49,27,1,herreralinda@hotmail.com,2,0.0,2.795,0.0,4,0,1,Professional Learners
U01079,jeffreyallen,21,1,buckkevin@gmail.com,13,37.89,2.927692307692308,2.914615384615385,7,0,1,Professional Learners
U01080,ashley40,30,0,tanya13@gmail.com,1,117.68,2.57,117.68,3,0,0,Budget Learners
U01081,unewman,26,0,brianbush@gmail.com,1,326.02,2.69,326.02,1,2,2,Premium Learners
U01082,harristimothy,25,1,efranklin@yahoo.com,1,0.0,4.1,0.0,6,2,1,Professional Learners
U01083,markmoore,29,1,morgan59@gmail.com,15,1779.54,3.182666666666667,118.636,3,0,3,Casual Learners
U01084,pwright,24,1,lwilson@yahoo.com,13,2165.7799999999997,3.3153846153846156,166.59846153846152,0,1,3,Casual Learners
U01085,bmosley,26,0,mistygould@gmail.com,2,119.04,2.59,59.52,6,2,0,Budget Learners
U01086,zhensley,29,0,cford@hotmail.com,1,117.68,2.57,117.68,3,0,0,Budget Learners
U01087,colerobert,19,1,khughes@outlook.com,1,299.57,3.74,299.57,3,1,2,Premium Learners
U01088,paigeryan,21,1,shaffersabrina@hotmail.com,2,451.58,3.045,225.79,2,0,2,Premium Learners
U01089,stewartdrew,17,0,blackmark@outlook.com,1,0.0,2.14,0.0,5,1,0,Budget Learners
U01090,lhubbard,25,0,kimhayes@hotmail.com,2,0.0,3.1950000000000003,0.0,5,2,0,Budget Learners
U01091,lisa81,29,0,michelle24@outlook.com,2,0.0,4.42,0.0,7,2,0,Budget Learners
U01092,ureese,34,0,mikeroberts@gmail.com,15,2119.66,3.2646666666666664,141.31066666666666,0,1,3,Casual Learners
U01093,vharris,23,0,bshields@outlook.com,1,0.0,3.85,0.0,9,1,0,Budget Learners
U01094,davidmolina,30,1,mark40@hotmail.com,2,285.05,3.345,142.525,1,1,1,Professional Learners
U01095,kathleenrios,21,0,floydmelanie@gmail.com,1,0.0,4.51,0.0,4,1,0,Budget Learners
U01096,karen44,18,1,ellisteresa@hotmail.com,16,769.7199999999999,2.90875,48.107499999999995,6,0,3,Casual Learners
U01097,aaronhinton,29,0,debra95@yahoo.com,1,0.0,2.67,0.0,11,0,0,Budget Learners
U01098,robert85,17,0,xbarker@yahoo.com,4,1181.75,2.6825,295.4375,1,0,2,Premium Learners
U01099,joyweaver,35,0,escott@gmail.com,1,0.0,4.79,0.0,8,0,0,Budget Learners
U01100,zparrish,24,0,sanchezamber@gmail.com,3,0.0,2.606666666666667,0.0,2,0,0,Budget Learners
U01101,nicole06,33,1,aprilwoodard@gmail.com,1,0.0,2.01,0.0,8,0,1,Professional Learners
U01102,brian27,23,0,meghangreen@outlook.com,2,276.37,3.83,138.185,2,0,0,Budget Learners
U01103,ywheeler,22,1,michellewhitney@yahoo.com,4,394.26,2.9050000000000002,98.565,1,0,1,Professional Learners
U01104,russellbryant,29,1,marshjohn@hotmail.com,1,0.78,3.89,0.78,7,0,1,Professional Learners
U01105,brownsusan,27,1,wbailey@hotmail.com,1,0.0,2.38,0.0,2,0,1,Professional Learners
U01106,johnsjulie,31,1,christopherbrown@outlook.com,1,327.99,1.51,327.99,10,1,2,Premium Learners
U01107,chris50,30,0,robynsmith@gmail.com,1,0.0,3.64,0.0,0,1,0,Budget Learners
U01108,stoneandrew,16,1,smithchristopher@hotmail.com,4,276.37,2.48,69.0925,0,1,1,Professional Learners
U01109,christopher92,24,0,hallcrystal@outlook.com,1,0.0,2.0,0.0,1,0,0,Budget Learners
U01110,garrettbrandi,23,0,kenneth82@outlook.com,2,37.89,1.9849999999999999,18.945,11,0,0,Budget Learners
U01111,fitzgeraldmarie,31,1,ericmoore@outlook.com,1,0.0,1.13,0.0,7,1,1,Professional Learners
U01112,brownbrian,24,0,christopherpreston@hotmail.com,1,212.39,3.15,212.39,5,0,0,Budget Learners
U01113,gdavis,22,0,angiemccann@gmail.com,1,487.92,3.64,487.92,1,0,2,Premium Learners
U01114,ericksonedward,32,1,qchang@gmail.com,1,0.0,3.02,0.0,3,2,1,Professional Learners
U01115,nmartinez,18,1,badams@yahoo.com,1,327.99,1.51,327.99,10,1,2,Premium Learners
U01116,wgomez,21,0,chad64@yahoo.com,1,0.0,1.59,0.0,6,0,0,Budget Learners
U01117,brian45,23,0,ajones@hotmail.com,1,0.0,2.43,0.0,9,2,0,Budget Learners
U01118,elliottjoseph,31,1,davidtaylor@outlook.com,1,119.04,2.75,119.04,6,2,1,Professional Learners
U01119,bswanson,17,0,erica19@hotmail.com,1,0.0,2.43,0.0,9,2,0,Budget Learners
U01120,ashleymarshall,35,0,paul48@yahoo.com,1,117.68,2.57,117.68,3,0,0,Budget Learners
U01121,qmcintyre,20,1,fbrown@yahoo.com,1,117.68,2.57,117.68,3,0,1,Professional Learners
U01122,kathrynsutton,29,0,medwards@yahoo.com,2,212.39,3.795,106.195,5,0,0,Budget Learners
U01123,garzamichael,29,0,kimberly19@outlook.com,15,1720.26,2.884666666666667,114.684,4,1,3,Casual Learners
U01124,vgill,30,0,richardpaul@hotmail.com,3,342.61,3.01,114.20333333333333,4,0,0,Budget Learners
U01125,sandracruz,32,0,judyowen@hotmail.com,2,0.0,3.9400000000000004,0.0,1,0,0,Budget Learners
U01126,xdaniels,15,1,gregoryhess@outlook.com,2,0.0,4.395,0.0,8,1,1,Professional Learners
U01127,amanda40,28,0,rebecca93@hotmail.com,3,119.04,3.9766666666666666,39.68,4,2,0,Budget Learners
U01128,vthompson,31,0,castillojohn@gmail.com,2,0.0,4.39,0.0,6,1,0,Budget Learners
U01129,robertvillegas,28,0,briana87@gmail.com,1,326.02,2.69,326.02,1,2,2,Premium Learners
U01130,calebmclaughlin,28,1,gabriel37@hotmail.com,1,53.86,2.47,53.86,6,1,1,Professional Learners
U01131,jmartinez,25,1,kimberly80@gmail.com,3,0.78,2.5366666666666666,0.26,4,0,1,Professional Learners
U01132,sandrabrown,27,0,bruceevans@yahoo.com,4,425.44,2.615,106.36,0,1,0,Budget Learners
U01133,mlee,35,0,robertsalexander@outlook.com,1,0.0,4.51,0.0,4,1,0,Budget Learners
U01134,cameron67,19,0,martinezronald@gmail.com,3,0.0,3.0833333333333335,0.0,2,0,0,Budget Learners
U01135,joseph79,22,1,ytaylor@yahoo.com,1,0.0,2.61,0.0,4,0,1,Professional Learners
U01136,carlmcclain,35,1,lisabrown@hotmail.com,1,212.39,3.15,212.39,5,0,1,Professional Learners
U01137,jacobkerr,28,0,johngray@gmail.com,2,487.92,2.385,243.96,1,0,2,Premium Learners
U01138,xrowland,22,0,flemingchelsea@hotmail.com,1,89.59,2.68,89.59,0,2,0,Budget Learners
U01139,corey88,22,0,wjohnson@hotmail.com,1,0.0,3.85,0.0,9,1,0,Budget Learners
U01140,matthew95,29,0,hunter59@outlook.com,1,119.04,2.75,119.04,6,2,0,Budget Learners
U01141,montoyabenjamin,17,0,bellkaren@yahoo.com,1,276.37,2.72,276.37,4,0,2,Premium Learners
U01142,monicastevenson,27,1,donaldcollier@gmail.com,2,0.0,3.245,0.0,7,0,1,Professional Learners
U01143,michealwhite,31,1,reneehenderson@yahoo.com,14,1018.19,2.850714285714286,72.72785714285715,0,2,3,Casual Learners
U01144,fsanders,29,0,wevans@yahoo.com,2,346.71,2.415,173.355,3,0,0,Budget Learners
U01145,hfields,15,0,colewright@yahoo.com,1,472.28,4.74,472.28,9,1,2,Premium Learners
U01146,ibrown,15,1,adamsteresa@gmail.com,13,178.12,3.130769230769231,13.701538461538462,7,0,3,Casual Learners
U01147,wendy58,15,1,dwhite@outlook.com,1,0.0,2.43,0.0,9,2,1,Professional Learners
U01148,michaela68,28,1,katie01@hotmail.com,2,0.0,3.3,0.0,2,0,1,Professional Learners
U01149,jbrown,26,0,meganhuffman@outlook.com,4,1263.87,3.72,315.9675,1,1,2,Premium Learners
U01150,nicholeellis,20,1,kayla32@yahoo.com,1,53.86,2.47,53.86,6,1,1,Professional Learners
U01151,jjimenez,28,0,craig42@yahoo.com,14,1085.1599999999999,2.6735714285714285,77.51142857142857,1,1,3,Casual Learners
U01152,penalisa,34,1,mark00@hotmail.com,1,346.71,1.23,346.71,10,0,2,Premium Learners
U01153,stevenbarron,15,0,amy11@hotmail.com,1,342.61,4.84,342.61,10,2,2,Premium Learners
U01154,joanna92,24,1,jonesjasmine@hotmail.com,2,0.0,3.125,0.0,5,0,1,Professional Learners
U01155,juan00,32,0,derrickscott@outlook.com,4,212.39,2.525,53.0975,2,0,0,Budget Learners
U01156,roblesjeremy,30,1,lauriedavies@hotmail.com,2,0.0,3.34,0.0,1,0,1,Professional Learners
U01157,elizabeth72,31,0,pruittshannon@gmail.com,4,487.92,3.355,121.98,1,0,0,Budget Learners
U01158,zachary52,35,1,mathiskevin@hotmail.com,12,1213.9299999999998,3.486666666666667,101.16083333333331,2,1,3,Casual Learners
U01159,marissaherrera,26,0,cyu@hotmail.com,1,0.0,4.72,0.0,8,2,0,Budget Learners
U01160,jbrewer,15,0,steven39@gmail.com,4,266.25,2.885,66.5625,5,0,0,Budget Learners
U01161,owensteresa,33,1,melissa33@outlook.com,1,0.0,4.1,0.0,6,2,1,Professional Learners
U01162,jacksonspencer,19,0,suedavila@yahoo.com,1,0.0,1.81,0.0,7,0,0,Budget Learners
U01163,melissabrown,24,1,johnross@yahoo.com,13,1719.94,3.1576923076923076,132.30307692307693,4,0,3,Casual Learners
U01164,estone,25,0,rhondawallace@hotmail.com,1,0.0,2.67,0.0,11,0,0,Budget Learners
U01165,janice83,24,1,annette68@hotmail.com,2,346.71,2.415,173.355,3,0,1,Professional Learners
U01166,gcantu,21,1,freemandaniel@hotmail.com,2,285.05,2.315,142.525,1,0,1,Professional Learners
U01167,manuelmcdowell,16,0,maria23@yahoo.com,11,645.69,2.639090909090909,58.69909090909091,11,0,3,Casual Learners
U01168,dawn22,27,0,jimenezlori@gmail.com,1,37.89,1.3,37.89,11,0,0,Budget Learners
U01169,monicasantos,31,0,gonzalesashlee@yahoo.com,1,0.0,4.73,0.0,7,2,0,Budget Learners
U01170,dwashington,27,0,ycoffey@yahoo.com,14,2739.04,3.0435714285714286,195.6457142857143,0,0,3,Casual Learners
U01171,smayo,19,1,fkemp@outlook.com,1,327.99,1.51,327.99,10,1,2,Premium Learners
U01172,todd75,30,1,jerryhall@hotmail.com,3,301.98,3.516666666666666,100.66000000000001,0,2,1,Professional Learners
U01173,cwheeler,26,0,oward@yahoo.com,3,346.71,2.6733333333333333,115.57,1,0,0,Budget Learners
U01174,denise08,15,0,karen98@outlook.com,1,89.59,2.68,89.59,0,2,0,Budget Learners
U01175,melissa04,20,0,april94@yahoo.com,1,0.0,1.52,0.0,4,0,0,Budget Learners
U01176,hooverrobert,20,1,johngross@yahoo.com,3,0.0,3.823333333333333,0.0,0,1,1,Professional Learners
U01177,keith32,16,1,katienelson@outlook.com,13,538.86,3.083076923076923,41.45076923076923,6,1,3,Casual Learners
U01178,michaelholden,21,0,patriciaallen@yahoo.com,2,0.0,2.78,0.0,2,1,0,Budget Learners
U01179,alan43,31,0,qprice@gmail.com,2,594.81,1.2149999999999999,297.405,0,0,2,Premium Learners
U01180,crawfordcarol,18,1,brandon16@yahoo.com,13,1707.59,3.05,131.3530769230769,3,0,3,Casual Learners
U01181,zgonzalez,27,0,dawn03@gmail.com,1,0.0,3.85,0.0,9,1,0,Budget Learners
U01182,masoncynthia,25,0,charlesmurray@outlook.com,3,383.34,3.19,127.77999999999999,1,0,0,Budget Learners
U01183,rogeradams,21,0,iking@outlook.com,2,0.0,2.455,0.0,6,0,0,Budget Learners
U01184,lopezmackenzie,31,1,mcculloughtaylor@gmail.com,1,53.86,2.47,53.86,6,1,1,Professional Learners
U01185,kdavis,28,1,cherrykristen@gmail.com,2,670.63,2.035,335.315,2,0,2,Premium Learners
U01186,ronaldjohnson,34,1,amandaerickson@hotmail.com,1,0.0,3.64,0.0,0,1,1,Professional Learners
U01187,zvasquez,35,0,timothy34@gmail.com,1,0.0,2.38,0.0,2,0,0,Budget Learners
U01188,hudsonmelinda,24,1,schmittleslie@hotmail.com,1,0.0,1.73,0.0,7,2,1,Professional Learners
U01189,keaton,28,1,donna01@gmail.com,1,0.0,4.11,0.0,8,2,1,Professional Learners
U01190,paulperez,31,1,williamscrystal@gmail.com,1,0.0,4.94,0.0,2,1,1,Professional Learners
U01191,ygray,28,0,sandersdavid@hotmail.com,1,472.28,4.74,472.28,9,1,2,Premium Learners
U01192,sarahhampton,20,0,rburke@gmail.com,1,0.0,4.11,0.0,8,2,0,Budget Learners
U01193,tanya85,20,0,kristinegreen@yahoo.com,2,487.92,2.58,243.96,1,0,2,Premium Learners
U01194,timothy82,32,0,carriedawson@hotmail.com,1,0.0,2.2,0.0,11,1,0,Budget Learners
U01195,cmurray,23,1,ehayes@outlook.com,1,487.92,3.64,487.92,1,0,2,Premium Learners
U01196,mosleychelsea,21,0,bradleyholland@hotmail.com,2,277.15,3.305,138.575,4,0,0,Budget Learners
U01197,sharon57,28,1,ronaldbell@hotmail.com,14,632.95,3.2135714285714285,45.21071428571429,2,2,3,Casual Learners
U01198,jeffrey72,33,0,nbaker@hotmail.com,1,0.0,1.52,0.0,4,0,0,Budget Learners
U01199,theresa94,17,0,chelseasmith@outlook.com,1,0.0,2.67,0.0,11,0,0,Budget Learners
U01200,phamilton,15,0,jpaul@yahoo.com,1,0.0,2.2,0.0,11,1,0,Budget Learners
U01201,burtonbryan,28,1,martinjames@gmail.com,1,177.34,3.89,177.34,5,0,1,Professional Learners
U01202,heidicampos,29,0,julie05@outlook.com,1,0.0,4.45,0.0,4,0,0,Budget Learners
U01203,jared15,15,1,meyerdavid@hotmail.com,16,1827.61,3.033125,114.225625,1,0,3,Casual Learners
U01204,johnny06,17,0,whiteautumn@gmail.com,3,0.0,1.8499999999999999,0.0,7,0,0,Budget Learners
U01205,vanessagray,27,1,erica64@hotmail.com,2,330.07,2.86,165.035,3,0,1,Professional Learners
U01206,seancastaneda,15,0,andrewtaylor@outlook.com,1,37.89,1.3,37.89,11,0,0,Budget Learners
U01207,rachel72,30,0,qsmith@hotmail.com,1,0.0,4.73,0.0,7,2,0,Budget Learners
U01208,kimwilliam,27,0,nielsenbrianna@outlook.com,1,0.0,4.11,0.0,8,2,0,Budget Learners
U01209,maria58,20,1,anthonymcmillan@outlook.com,2,0.0,3.915,0.0,4,1,1,Professional Learners
U01210,lwheeler,22,0,fsanchez@hotmail.com,1,0.0,4.45,0.0,4,0,0,Budget Learners
U01211,xsaunders,32,0,danielthomas@hotmail.com,1,490.9,4.55,490.9,0,1,2,Premium Learners
U01212,choimichelle,18,0,brenda71@outlook.com,1,0.0,4.45,0.0,4,0,0,Budget Learners
U01213,vmathews,20,0,rcross@outlook.com,1,177.34,3.89,177.34,5,0,0,Budget Learners
U01214,twilliams,31,0,qjackson@hotmail.com,1,0.0,1.81,0.0,7,0,0,Budget Learners
U01215,jessicaboyer,15,0,wpatel@outlook.com,1,490.9,4.55,490.9,0,1,2,Premium Learners
U01216,robertserin,15,1,gsimmons@yahoo.com,1,37.89,1.3,37.89,11,0,1,Professional Learners
U01217,lowerysuzanne,25,0,bowmanerika@outlook.com,1,0.0,4.11,0.0,8,2,0,Budget Learners
U01218,wagnerhenry,34,1,megan61@outlook.com,1,487.92,3.64,487.92,1,0,2,Premium Learners
U01219,christina30,16,1,glassmegan@yahoo.com,1,117.68,2.57,117.68,3,0,1,Professional Learners
U01220,jessicamiranda,29,0,prodriguez@gmail.com,1,285.05,1.96,285.05,1,1,2,Premium Learners
U01221,leonardholmes,32,1,glendalee@hotmail.com,13,1246.52,2.833846153846154,95.88615384615385,0,0,3,Casual Learners
U01222,banksdebra,19,0,brownchristina@hotmail.com,3,415.51,3.4766666666666666,138.50333333333333,2,0,0,Budget Learners
U01223,teresa46,23,0,brianna85@yahoo.com,1,0.0,4.66,0.0,5,2,0,Budget Learners
U01224,villanuevagregory,23,0,stewartmichael@hotmail.com,11,1662.67,2.8445454545454547,151.1518181818182,0,0,3,Casual Learners
U01225,michele28,30,0,jameswilliams@hotmail.com,2,0.0,3.8499999999999996,0.0,3,2,0,Budget Learners
U01226,megan63,31,0,holdenjamie@gmail.com,2,276.37,2.0,138.185,4,0,0,Budget Learners
U01227,geraldspears,15,1,melissa02@yahoo.com,1,327.99,1.51,327.99,10,1,2,Premium Learners
U01228,andrew58,28,1,dsheppard@gmail.com,4,432.15,1.5775000000000001,108.0375,2,0,1,Professional Learners
U01229,georgereyes,27,0,brian00@yahoo.com,2,0.0,3.62,0.0,0,1,0,Budget Learners
U01230,dmanning,23,0,billyhughes@gmail.com,3,37.89,3.6566666666666667,12.63,2,0,0,Budget Learners
U01231,kpetersen,21,0,walkerjohn@yahoo.com,14,1794.67,3.055,128.19071428571428,11,0,3,Casual Learners
U01232,elaine98,27,0,hwhite@hotmail.com,1,0.0,3.65,0.0,3,1,0,Budget Learners
U01233,ztran,28,1,ryan69@outlook.com,11,1564.55,3.039090909090909,142.23181818181817,0,1,3,Casual Learners
U01234,johnsingh,27,1,leewilliams@gmail.com,1,0.0,2.98,0.0,8,0,1,Professional Learners
U01235,zacharybell,27,0,natalieyates@gmail.com,14,1659.11,3.307857142857143,118.50785714285713,7,0,3,Casual Learners
U01236,brettarroyo,20,0,hbrowning@hotmail.com,1,0.0,3.6,0.0,3,2,0,Budget Learners
U01237,savannah66,24,1,amandacontreras@outlook.com,13,1279.42,3.4476923076923076,98.41692307692308,3,1,3,Casual Learners
U01238,stephengarza,35,1,wgardner@gmail.com,1,0.0,3.6,0.0,3,2,1,Professional Learners
U01239,steve19,20,1,robinmarshall@gmail.com,12,2182.67,3.0233333333333334,181.88916666666668,1,1,3,Casual Learners
U01240,kellywiley,16,1,aaron37@gmail.com,1,0.0,1.81,0.0,7,0,1,Professional Learners
U01241,leebailey,25,1,markgibson@outlook.com,2,0.0,3.225,0.0,1,0,1,Professional Learners
U01242,stoutjennifer,22,1,haleandres@hotmail.com,2,37.89,1.8399999999999999,18.945,2,0,1,Professional Learners
U01243,brooksjessica,31,0,jesus73@gmail.com,2,326.02,2.65,163.01,1,0,0,Budget Learners
U01244,sanderscindy,30,0,qpaul@yahoo.com,14,1829.42,3.2357142857142853,130.67285714285714,1,0,3,Casual Learners
U01245,fowlerdavid,35,1,shawn59@yahoo.com,1,0.0,3.64,0.0,0,1,1,Professional Learners
U01246,ujackson,27,1,candicebartlett@hotmail.com,2,0.0,2.44,0.0,1,0,1,Professional Learners
U01247,arandall,19,1,kholt@yahoo.com,1,0.0,3.02,0.0,3,2,1,Professional Learners
U01248,pleon,16,1,andrebenson@hotmail.com,2,0.78,3.25,0.39,4,0,1,Professional Learners
U01249,ahenderson,25,1,williamssandra@yahoo.com,14,2031.51,3.187857142857143,145.10785714285714,1,1,3,Casual Learners
U01250,robert97,27,0,fskinner@gmail.com,15,578.35,3.1373333333333333,38.556666666666665,0,0,3,Casual Learners
U01251,ricardobender,29,1,charleshawkins@yahoo.com,2,0.0,2.49,0.0,1,0,1,Professional Learners
U01252,natalie03,19,0,pallen@yahoo.com,1,415.51,3.11,415.51,0,2,2,Premium Learners
U01253,juliejackson,17,1,aortega@hotmail.com,1,212.39,3.15,212.39,5,0,1,Professional Learners
U01254,tsmith,23,1,selena67@hotmail.com,1,0.0,1.81,0.0,7,0,1,Professional Learners
U01255,belljennifer,29,0,figueroajames@yahoo.com,4,178.12,3.235,44.53,1,0,0,Budget Learners
U01256,steelevincent,32,1,dukematthew@hotmail.com,1,0.0,2.43,0.0,9,2,1,Professional Learners
U01257,kconley,29,0,nicholasrhodes@hotmail.com,2,0.0,3.35,0.0,2,0,0,Budget Learners
U01258,riggsmichael,25,1,turnerjeanette@yahoo.com,4,837.6099999999999,2.335,209.40249999999997,0,1,2,Premium Learners
U01259,ericksonpamela,18,0,jamesbenton@yahoo.com,1,394.26,1.35,394.26,2,2,2,Premium Learners
U01260,hughesshannon,31,0,hstevens@yahoo.com,1,0.0,3.65,0.0,3,1,0,Budget Learners
U01261,maxwelljones,25,1,zpeck@hotmail.com,13,1543.8000000000002,2.8592307692307695,118.75384615384617,5,0,3,Casual Learners
U01262,crawfordsherri,29,0,marycurtis@outlook.com,4,577.51,3.2975000000000003,144.3775,0,2,2,Premium Learners
U01263,ymartinez,17,0,oconnelljennifer@hotmail.com,1,490.9,4.55,490.9,0,1,2,Premium Learners
U01264,jdavis,15,1,estesjuan@yahoo.com,1,0.0,4.94,0.0,2,1,1,Professional Learners
U01265,durhammichelle,23,1,kennedynicole@hotmail.com,2,0.0,2.525,0.0,2,0,1,Professional Learners
U01266,paulcampos,18,0,davidcollins@gmail.com,14,1950.9,2.567142857142857,139.35,1,0,3,Casual Learners
U01267,markcarpenter,30,0,kristine41@hotmail.com,14,1581.46,2.7257142857142855,112.96142857142857,4,0,3,Casual Learners
U01268,jennifer28,33,1,katrina74@gmail.com,13,1192.24,3.413846153846154,91.71076923076923,3,0,3,Casual Learners
U01269,dawnthompson,25,0,ericbeard@outlook.com,1,326.02,2.69,326.02,1,2,2,Premium Learners
U01270,elizabethbates,19,1,bjones@gmail.com,2,0.0,3.83,0.0,1,0,1,Professional Learners
U01271,michaelhurst,23,0,donald27@yahoo.com,1,0.0,1.91,0.0,2,2,0,Budget Learners
U01272,qhernandez,16,0,laura14@outlook.com,1,0.0,4.45,0.0,4,0,0,Budget Learners
U01273,johnsonalexander,31,0,amber26@yahoo.com,1,0.0,3.64,0.0,0,1,0,Budget Learners
U01274,stevengonzalez,32,0,eward@yahoo.com,1,346.71,1.23,346.71,10,0,2,Premium Learners
U01275,ellismichael,35,1,shawn31@hotmail.com,1,0.0,4.94,0.0,2,1,1,Professional Learners
U01276,fmiller,27,0,iharris@gmail.com,2,0.0,3.8499999999999996,0.0,3,2,0,Budget Learners
U01277,antoniotravis,26,0,matthewgraham@yahoo.com,12,177.34,3.4341666666666666,14.778333333333334,2,0,0,Budget Learners
U01278,frenchcharles,16,0,michelemartinez@yahoo.com,2,89.59,3.0,44.795,0,1,0,Budget Learners
U01279,ksalinas,29,0,chanwilliam@outlook.com,3,299.57,2.7866666666666666,99.85666666666667,3,0,0,Budget Learners
U01280,geoffreylong,26,0,maria44@outlook.com,12,913.6500000000001,2.533333333333333,76.1375,7,1,3,Casual Learners
U01281,gibsonkevin,23,0,fullerjennifer@outlook.com,13,875.9000000000001,3.0923076923076924,67.37692307692308,3,0,3,Casual Learners
U01282,smithpaul,26,1,howelldavid@gmail.com,3,0.0,3.64,0.0,4,1,1,Professional Learners
U01283,josephrodriguez,15,1,crosbydesiree@yahoo.com,1,0.0,1.81,0.0,7,0,1,Professional Learners
U01284,ashepherd,34,0,susanmartin@gmail.com,15,2437.75,3.1086666666666667,162.51666666666668,3,0,3,Casual Learners
U01285,cunninghampamela,35,0,williamevans@gmail.com,4,0.78,2.8875,0.195,7,0,0,Budget Learners
U01286,fjohnson,27,1,henrynathaniel@hotmail.com,13,1821.19,3.326923076923077,140.09153846153848,3,0,3,Casual Learners
U01287,emily69,33,0,hvaughn@yahoo.com,12,1971.19,3.0658333333333334,164.26583333333335,0,2,3,Casual Learners
U01288,danieljohnson,18,1,trodriguez@yahoo.com,2,177.34,3.91,88.67,2,0,1,Professional Learners
U01289,vwalker,35,0,lori86@yahoo.com,1,0.0,2.61,0.0,4,0,0,Budget Learners
U01290,mario14,16,1,karen05@outlook.com,14,506.84000000000003,2.982142857142857,36.20285714285715,1,2,3,Casual Learners
U01291,jtanner,34,0,swright@yahoo.com,1,0.0,2.67,0.0,11,0,0,Budget Learners
U01292,levans,29,1,andrea96@outlook.com,1,0.0,2.67,0.0,11,0,1,Professional Learners
U01293,diazraymond,33,1,tammy31@hotmail.com,1,394.26,1.35,394.26,2,2,2,Premium Learners
U01294,nancyfernandez,30,1,ritaunderwood@outlook.com,1,0.0,2.61,0.0,4,0,1,Professional Learners
U01295,scott12,34,0,moorecarlos@hotmail.com,4,395.41,3.4475,98.8525,3,2,0,Budget Learners
U01296,glennrebecca,21,0,raymond92@hotmail.com,1,0.0,4.68,0.0,10,1,0,Budget Learners
U01297,smallchristian,27,1,melissa79@yahoo.com,1,0.0,1.81,0.0,7,0,1,Professional Learners
U01298,nancy57,22,0,randy42@gmail.com,1,0.0,4.44,0.0,5,1,0,Budget Learners
U01299,amber65,28,0,lisalee@gmail.com,1,0.0,4.72,0.0,8,2,0,Budget Learners
U01300,joseph98,19,1,ericjohnson@outlook.com,1,0.0,3.15,0.0,1,0,1,Professional Learners
U01301,hhernandez,27,1,andrea14@hotmail.com,1,0.0,4.44,0.0,5,1,1,Professional Learners
U01302,jonathanhawkins,19,0,matthewgutierrez@outlook.com,2,0.0,3.885,0.0,4,0,0,Budget Learners
U01303,jenniferlawson,23,0,brent72@outlook.com,2,117.68,3.25,58.84,2,0,0,Budget Learners
U01304,pearsonrobert,33,0,mercerlaura@outlook.com,2,0.0,2.995,0.0,5,1,0,Budget Learners
U01305,christinacastaneda,22,0,williamphelps@yahoo.com,3,0.0,2.76,0.0,6,0,0,Budget Learners
U01306,oscott,22,1,ekennedy@outlook.com,1,0.0,2.67,0.0,11,0,1,Professional Learners
U01307,justinroberts,16,0,theresawatson@hotmail.com,1,0.0,4.45,0.0,4,0,0,Budget Learners
U01308,romerochristina,23,1,jonathanturner@outlook.com,1,0.0,2.38,0.0,2,0,1,Professional Learners
U01309,tpowell,35,1,rolson@outlook.com,2,0.0,2.83,0.0,3,0,1,Professional Learners
U01310,hallaaron,21,0,christian27@outlook.com,3,0.0,3.606666666666667,0.0,4,2,0,Budget Learners
U01311,mark71,27,1,amy78@gmail.com,1,327.99,1.51,327.99,10,1,2,Premium Learners
U01312,churchpatrick,16,1,valerieortiz@gmail.com,1,0.0,2.61,0.0,4,0,1,Professional Learners
U01313,nicholas58,31,1,jasonphillips@hotmail.com,3,248.1,3.5500000000000003,82.7,0,2,1,Professional Learners
U01314,stevenmurphy,26,0,connie81@hotmail.com,2,299.57,3.9250000000000003,149.785,3,1,0,Budget Learners
U01315,bryantjacob,33,1,dpeterson@gmail.com,13,1870.02,2.9376923076923074,143.8476923076923,1,0,3,Casual Learners
U01316,brownjonathan,31,0,vcastro@gmail.com,1,0.0,3.15,0.0,1,0,0,Budget Learners
U01317,thompsonkathleen,32,0,markbell@hotmail.com,1,0.0,1.59,0.0,6,0,0,Budget Learners
U01318,angelaward,18,0,jacqueline76@hotmail.com,14,1337.15,3.0364285714285715,95.51071428571429,2,0,3,Casual Learners
U01319,whitejeffrey,25,1,bullockcarlos@hotmail.com,1,0.0,4.72,0.0,8,2,1,Professional Learners
U01320,wfrancis,20,1,vaughnelizabeth@hotmail.com,4,285.05,2.83,71.2625,1,1,1,Professional Learners
U01321,vdunn,35,1,mary33@gmail.com,14,852.9399999999999,2.7807142857142857,60.92428571428571,7,0,3,Casual Learners
U01322,julieblair,26,0,arthurhernandez@gmail.com,12,760.6400000000001,3.393333333333333,63.38666666666668,3,0,3,Casual Learners
U01323,lhood,15,1,raymaddox@gmail.com,2,0.0,3.6500000000000004,0.0,9,1,1,Professional Learners
U01324,contrerasderek,24,1,kristin78@gmail.com,1,0.0,4.66,0.0,5,2,1,Professional Learners
U01325,ugraves,18,0,thomasprice@hotmail.com,2,177.34,3.25,88.67,4,0,0,Budget Learners
U01326,zmoore,15,0,pricericky@yahoo.com,2,0.78,4.275,0.39,5,0,0,Budget Learners
U01327,yrangel,23,1,laurahorn@hotmail.com,1,487.92,3.64,487.92,1,0,2,Premium Learners
U01328,amybush,27,1,ianschmidt@yahoo.com,1,248.1,1.2,248.1,0,1,2,Premium Learners
U01329,bettyunderwood,15,0,richardgrimes@outlook.com,1,276.37,2.72,276.37,4,0,2,Premium Learners
U01330,phillipspatrick,20,0,ravenanderson@outlook.com,2,0.0,2.8200000000000003,0.0,0,0,0,Budget Learners
U01331,qmartin,16,1,shelley53@hotmail.com,13,1288.06,2.6507692307692308,99.08153846153846,3,0,3,Casual Learners
U01332,kiara65,20,1,amy17@outlook.com,12,1377.3400000000001,2.986666666666667,114.77833333333335,8,0,3,Casual Learners
U01333,amiller,15,1,stephanie50@gmail.com,1,0.0,2.61,0.0,4,0,1,Professional Learners
U01334,stricklandrachel,35,0,lindsey34@outlook.com,13,661.19,2.963846153846154,50.860769230769236,2,2,3,Casual Learners
U01335,markpotter,16,0,tortiz@yahoo.com,1,0.0,4.73,0.0,7,2,0,Budget Learners
U01336,isabella45,33,1,johnsonjasmine@outlook.com,14,870.65,2.967142857142857,62.18928571428571,3,0,3,Casual Learners
U01337,williamsrobert,32,0,rachel05@hotmail.com,16,1242.9,2.9125,77.68125,7,0,3,Casual Learners
U01338,tina99,15,1,martinleonard@gmail.com,3,0.0,2.353333333333333,0.0,2,0,1,Professional Learners
U01339,ryan92,35,1,yberry@gmail.com,2,415.51,2.77,207.755,0,2,2,Premium Learners
U01340,kristinpatton,32,0,ryangarrett@outlook.com,2,415.51,2.195,207.755,0,1,2,Premium Learners
U01341,tellison,29,1,edward48@gmail.com,3,117.68,2.8066666666666666,39.22666666666667,3,1,1,Professional Learners
U01342,amorgan,25,1,ambercraig@yahoo.com,2,0.0,3.5,0.0,1,0,1,Professional Learners
U01343,sweeneymelinda,32,1,blong@outlook.com,14,1956.72,2.975714285714286,139.7657142857143,2,2,3,Casual Learners
U01344,ipeters,25,0,jennifer42@outlook.com,14,680.3,2.9035714285714285,48.59285714285714,4,1,3,Casual Learners
U01345,hamiltondavid,19,1,dwaynekim@gmail.com,1,0.0,2.2,0.0,11,1,1,Professional Learners
U01346,erinjohnston,16,1,brownjuan@gmail.com,15,1390.85,2.9886666666666666,92.72333333333333,0,0,3,Casual Learners
U01347,brandonjones,20,1,jameszamora@yahoo.com,13,820.38,3.2384615384615385,63.106153846153845,0,0,3,Casual Learners
U01348,livingstonrachel,29,0,jordan90@hotmail.com,2,0.0,3.21,0.0,2,1,0,Budget Learners
U01349,kristin57,26,1,matthewfry@outlook.com,1,0.0,1.73,0.0,7,2,1,Professional Learners
U01350,jay37,16,0,rachel52@gmail.com,13,1088.15,3.2746153846153847,83.70384615384616,2,1,3,Casual Learners
U01351,luisortiz,16,1,tmiller@hotmail.com,2,0.78,3.67,0.39,7,0,1,Professional Learners
U01352,emilyberg,25,1,williamromero@yahoo.com,13,1319.58,3.845384615384615,101.50615384615384,8,2,3,Casual Learners
U01353,victoriawatkins,20,0,davidwalton@gmail.com,1,0.0,2.2,0.0,11,1,0,Budget Learners
U01354,usalazar,15,1,parker94@hotmail.com,2,0.0,4.585,0.0,4,0,1,Professional Learners
U01355,parrishkevin,28,0,johnsonandrea@gmail.com,13,1449.74,3.5300000000000002,111.51846153846154,8,0,3,Casual Learners
U01356,johnsonrenee,26,0,rachel58@hotmail.com,3,89.59,3.28,29.863333333333333,0,2,0,Budget Learners
U01357,jeffreyhall,28,0,weavermatthew@gmail.com,1,0.78,3.89,0.78,7,0,0,Budget Learners
U01358,annalester,31,1,vcherry@gmail.com,1,37.89,1.3,37.89,11,0,1,Professional Learners
U01359,mwarner,18,0,briananewton@yahoo.com,2,0.0,3.21,0.0,2,1,0,Budget Learners
U01360,kingdarren,22,0,wlee@gmail.com,1,119.04,2.75,119.04,6,2,0,Budget Learners
U01361,kelli73,31,1,lisa54@outlook.com,1,0.0,2.2,0.0,11,1,1,Professional Learners
U01362,zwalsh,26,1,vjacobs@yahoo.com,3,0.0,2.92,0.0,0,1,1,Professional Learners
U01363,perezsarah,25,1,raypeterson@outlook.com,2,0.0,3.29,0.0,3,0,1,Professional Learners
U01364,pkoch,16,0,john98@gmail.com,13,1734.8,3.3515384615384614,133.44615384615383,5,0,3,Casual Learners
U01365,thull,25,1,meganwalters@yahoo.com,14,1709.25,2.9314285714285715,122.08928571428571,3,1,3,Casual Learners
U01366,ltaylor,29,0,iscott@outlook.com,1,0.0,1.59,0.0,6,0,0,Budget Learners
U01367,baxtersamantha,22,1,darlene18@hotmail.com,1,0.0,4.68,0.0,10,1,1,Professional Learners
U01368,patrickkari,24,0,tmckenzie@hotmail.com,1,0.0,2.2,0.0,11,1,0,Budget Learners
U01369,alexandra74,21,1,gilbert75@outlook.com,1,0.0,3.02,0.0,3,2,1,Professional Learners
U01370,joseph11,21,0,rhanson@gmail.com,3,276.37,2.2433333333333336,92.12333333333333,4,0,0,Budget Learners
U01371,lynn61,22,1,millermary@yahoo.com,1,0.0,3.02,0.0,3,2,1,Professional Learners
U01372,maryrogers,19,0,craigdowns@outlook.com,1,0.0,4.66,0.0,5,2,0,Budget Learners
U01373,wongmichelle,24,1,lopezrachel@hotmail.com,1,0.0,3.93,0.0,2,2,1,Professional Learners
U01374,derrick45,32,0,torresmartha@yahoo.com,1,0.0,2.14,0.0,5,1,0,Budget Learners
U01375,fwalker,22,1,donald46@gmail.com,13,1934.77,3.1692307692307695,148.82846153846154,8,1,3,Casual Learners
U01376,gregory21,28,1,cody90@hotmail.com,1,0.0,4.68,0.0,10,1,1,Professional Learners
U01377,silvaamy,16,1,amanda48@hotmail.com,4,833.09,2.6125,208.2725,0,2,2,Premium Learners
U01378,turnerkelly,35,1,tgarcia@yahoo.com,2,472.28,4.625,236.14,4,1,2,Premium Learners
U01379,carloliver,22,1,brandonryan@yahoo.com,2,299.57,2.435,149.785,3,1,1,Professional Learners
U01380,susan26,26,1,eberry@gmail.com,1,37.89,1.3,37.89,11,0,1,Professional Learners
U01381,danielle11,15,1,ralphnguyen@outlook.com,1,0.0,4.14,0.0,6,1,1,Professional Learners
U01382,iansloan,22,0,pamelaking@gmail.com,1,326.02,2.69,326.02,1,2,2,Premium Learners
U01383,gallagherandrea,32,1,hopkinsjustin@hotmail.com,1,0.0,3.93,0.0,2,2,1,Professional Learners
U01384,tfrederick,23,0,lauren87@gmail.com,3,472.28,3.4433333333333334,157.42666666666665,4,0,0,Budget Learners
U01385,tbryant,33,0,snowamber@hotmail.com,1,0.0,4.14,0.0,6,1,0,Budget Learners
U01386,tomibarra,16,1,ygreen@yahoo.com,1,487.92,3.64,487.92,1,0,2,Premium Learners
U01387,ronaldberg,21,0,susan78@outlook.com,1,0.0,3.65,0.0,3,1,0,Budget Learners
U01388,mnelson,27,1,jeffreychandler@yahoo.com,1,0.0,2.61,0.0,4,0,1,Professional Learners
U01389,pattersoncharles,30,1,vlowery@outlook.com,1,0.0,3.85,0.0,9,1,1,Professional Learners
U01390,eriley,33,0,srogers@hotmail.com,2,0.0,3.255,0.0,1,0,0,Budget Learners
U01391,moranthomas,30,1,christy49@outlook.com,1,0.0,3.15,0.0,1,0,1,Professional Learners
U01392,donaldjohnson,29,0,qjuarez@gmail.com,3,248.1,2.4233333333333333,82.7,0,1,0,Budget Learners
U01393,eric14,30,1,donna02@hotmail.com,1,0.0,3.02,0.0,3,2,1,Professional Learners
U01394,mannchristopher,26,0,benjaminmoore@gmail.com,14,680.0699999999999,3.4364285714285714,48.576428571428565,3,1,3,Casual Learners
U01395,marshallsherry,31,1,samanthajohnson@outlook.com,14,1137.83,2.882857142857143,81.27357142857143,4,1,3,Casual Learners
U01396,ogreene,17,0,avilabrian@gmail.com,3,394.26,2.813333333333333,131.42,2,2,0,Budget Learners
U01397,victoria70,28,1,alexanderroberts@gmail.com,13,887.1,3.2100000000000004,68.23846153846154,3,1,3,Casual Learners
U01398,craigsosa,23,0,brianna09@outlook.com,1,0.0,2.67,0.0,11,0,0,Budget Learners
U01399,mitchellcarlos,20,1,owenkelsey@gmail.com,16,1648.93,3.179375,103.058125,0,1,3,Casual Learners
U01400,heather82,21,0,jamesshane@outlook.com,1,0.0,3.64,0.0,0,1,0,Budget Learners
U01401,jeffdavis,19,0,norrisvalerie@gmail.com,1,327.99,1.51,327.99,10,1,2,Premium Learners
U01402,guerrerojason,19,0,ebony07@hotmail.com,4,383.34,3.95,95.835,0,2,0,Budget Learners
U01403,cindy97,27,1,hollowayheather@outlook.com,1,0.0,1.91,0.0,2,2,1,Professional Learners
U01404,hoffmanjennifer,18,0,browndavid@yahoo.com,1,0.0,2.67,0.0,11,0,0,Budget Learners
U01405,amandamoore,35,1,vbrown@outlook.com,12,1034.4099999999999,2.874166666666667,86.20083333333332,3,0,3,Casual Learners
U01406,yjimenez,21,0,mitchellday@hotmail.com,1,0.0,2.67,0.0,11,0,0,Budget Learners
U01407,lisaperez,34,0,dwolf@yahoo.com,1,0.0,4.72,0.0,8,2,0,Budget Learners
U01408,lortiz,18,1,danielbaker@yahoo.com,2,0.0,3.0999999999999996,0.0,9,1,1,Professional Learners
U01409,jason20,31,1,ericksondavid@gmail.com,4,591.3199999999999,3.025,147.82999999999998,6,2,1,Professional Learners
U01410,bradley01,17,1,tylercoleman@outlook.com,1,37.89,1.3,37.89,11,0,1,Professional Learners
U01411,davidsonrandy,21,1,lmurillo@gmail.com,15,1440.09,3.5106666666666664,96.006,4,0,3,Casual Learners
U01412,mitchelldavid,16,1,robertsantos@outlook.com,3,58.1,4.243333333333333,19.366666666666667,6,0,1,Professional Learners
U01413,driley,24,1,rose19@hotmail.com,1,0.0,1.73,0.0,7,2,1,Professional Learners
U01414,david25,35,0,johnsonbrett@outlook.com,16,1200.1,3.05875,75.00625,2,0,3,Casual Learners
U01415,uhudson,18,1,austingraham@gmail.com,3,1086.1399999999999,2.393333333333333,362.0466666666666,0,2,2,Premium Learners
U01416,walkerbrandon,22,0,phillipsaaron@hotmail.com,2,326.02,3.8150000000000004,163.01,1,1,0,Budget Learners
U01417,katherinehaynes,26,0,stephaniemartin@hotmail.com,2,346.71,2.955,173.355,10,0,0,Budget Learners
U01418,kcastaneda,20,0,bmeyer@hotmail.com,1,0.0,4.45,0.0,4,0,0,Budget Learners
U01419,qwright,34,0,justin88@hotmail.com,2,327.99,1.395,163.995,9,1,0,Budget Learners
U01420,eric82,34,0,calvin46@hotmail.com,3,339.69,2.7733333333333334,113.23,1,1,0,Budget Learners
U01421,katelyncastro,22,1,usmith@hotmail.com,1,0.0,4.14,0.0,6,1,1,Professional Learners
U01422,ashleynorton,16,1,jessica60@yahoo.com,2,490.9,4.324999999999999,245.45,0,1,2,Premium Learners
U01423,elizabethpatrick,25,1,josephmyers@gmail.com,1,0.0,4.45,0.0,4,0,1,Professional Learners
U01424,edgar29,28,0,robin66@outlook.com,1,415.51,3.11,415.51,0,2,2,Premium Learners
U01425,usanchez,25,0,milleramanda@yahoo.com,1,0.0,4.68,0.0,10,1,0,Budget Learners
U01426,mramirez,24,1,jimenezamy@yahoo.com,1,89.59,2.68,89.59,0,2,1,Professional Learners
U01427,harrisalec,25,1,cruzsonia@outlook.com,1,0.0,3.64,0.0,0,1,1,Professional Learners
U01428,robertsonjennifer,35,0,bryantrachel@hotmail.com,1,0.0,4.79,0.0,8,0,0,Budget Learners
U01429,bonniegreen,31,0,ijones@hotmail.com,15,829.17,3.6806666666666668,55.278,4,1,3,Casual Learners
U01430,travislaura,19,0,miguel78@yahoo.com,13,1296.6799999999998,3.4553846153846157,99.74461538461537,2,0,3,Casual Learners
U01431,amanda65,34,0,christine75@yahoo.com,2,0.0,4.0200000000000005,0.0,2,2,0,Budget Learners
U01432,josephanderson,17,0,kingjason@yahoo.com,12,2266.34,3.285,188.86166666666668,0,2,3,Casual Learners
U01433,kgibson,16,0,wilsonjimmy@yahoo.com,2,89.59,3.16,44.795,0,1,0,Budget Learners
U01434,villanuevatammy,24,1,scott10@yahoo.com,2,90.37,3.285,45.185,0,0,1,Professional Learners
U01435,kaylaruiz,16,1,ihuff@gmail.com,13,1478.6599999999999,2.9015384615384616,113.74307692307691,0,2,3,Casual Learners
U01436,allison21,34,0,ncarroll@gmail.com,2,0.0,2.8,0.0,1,0,0,Budget Learners
U01437,gabrielle52,33,0,gregoryalvarado@hotmail.com,1,0.0,4.14,0.0,6,1,0,Budget Learners
U01438,randymorrison,30,0,danabishop@hotmail.com,4,37.89,2.3200000000000003,9.4725,11,1,0,Budget Learners
U01439,mcarter,22,1,lhenderson@yahoo.com,1,327.99,1.51,327.99,10,1,2,Premium Learners
U01440,garzakatherine,20,0,garciarebecca@gmail.com,2,394.26,2.64,197.13,2,2,2,Premium Learners
U01441,rogerschristine,24,0,fgrant@yahoo.com,1,327.99,1.51,327.99,10,1,2,Premium Learners
U01442,pcurry,34,0,maldonadojonathan@gmail.com,3,559.0999999999999,2.33,186.36666666666665,4,0,0,Budget Learners
U01443,traceyandrews,17,0,jacksonlisa@outlook.com,2,0.0,3.125,0.0,0,0,0,Budget Learners
U01444,matthew02,29,1,wilsonmary@yahoo.com,2,436.29999999999995,1.955,218.14999999999998,0,0,2,Premium Learners
U01445,vtran,29,1,alexander51@gmail.com,12,1584.32,2.795833333333333,132.02666666666667,11,1,3,Casual Learners
U01446,samuelbenton,32,0,veronica77@gmail.com,1,0.0,3.32,0.0,11,1,0,Budget Learners
U01447,fpark,17,0,edwardvasquez@outlook.com,1,0.0,3.15,0.0,1,0,0,Budget Learners
U01448,lori27,25,0,brandy06@yahoo.com,1,0.0,3.6,0.0,3,2,0,Budget Learners
U01449,xwalker,34,1,christopheryoung@yahoo.com,2,0.0,3.99,0.0,5,1,1,Professional Learners
U01450,crystal02,16,0,wesleyjohnson@gmail.com,11,1039.6299999999999,3.4645454545454544,94.51181818181817,0,2,3,Casual Learners
U01451,jessicaturner,17,1,kristenanderson@yahoo.com,11,906.41,3.328181818181818,82.40090909090908,0,1,3,Casual Learners
U01452,donaldmendoza,23,1,holderkara@gmail.com,2,155.57,1.935,77.785,3,0,1,Professional Learners
U01453,sandra01,17,1,rhondadavis@outlook.com,2,0.0,3.1750000000000003,0.0,2,1,1,Professional Learners
U01454,terrybryce,18,0,nlamb@hotmail.com,2,0.0,2.26,0.0,2,0,0,Budget Learners
U01455,arielwilliams,22,0,burnettjennifer@gmail.com,14,994.88,3.0978571428571433,71.06285714285714,0,0,3,Casual Learners
U01456,gentrybethany,30,1,sanchezmary@outlook.com,1,0.0,4.14,0.0,6,1,1,Professional Learners
U01457,huntertamara,27,1,barbaramarsh@outlook.com,1,394.26,1.35,394.26,2,2,2,Premium Learners
U01458,nmoore,24,1,qrussell@yahoo.com,1,0.0,2.0,0.0,1,0,1,Professional Learners
U01459,elizabethwatkins,17,0,fkelly@yahoo.com,1,0.0,1.28,0.0,9,1,0,Budget Learners
U01460,pvazquez,32,0,zblack@yahoo.com,13,1634.62,3.0584615384615383,125.74,2,0,3,Casual Learners
U01461,landerson,16,1,bstrickland@outlook.com,1,327.99,1.51,327.99,10,1,2,Premium Learners
U01462,vbuchanan,27,1,williameaton@hotmail.com,1,212.39,3.15,212.39,5,0,1,Professional Learners
U01463,jerome86,30,0,williamsbeverly@yahoo.com,13,1219.22,3.256153846153846,93.78615384615385,6,1,3,Casual Learners
U01464,iyoung,33,1,tina46@yahoo.com,1,0.0,4.51,0.0,4,1,1,Professional Learners
U01465,kgonzalez,33,1,shannon44@hotmail.com,2,394.26,3.04,197.13,2,2,2,Premium Learners
U01466,williamluna,22,1,mcmahonphillip@outlook.com,2,0.0,3.8,0.0,1,0,1,Professional Learners
U01467,reynoldsdennis,19,0,alisoncampbell@yahoo.com,1,487.92,3.64,487.92,1,0,2,Premium Learners
U01468,tvillanueva,28,0,jhawkins@gmail.com,2,299.57,3.06,149.785,2,0,0,Budget Learners
U01469,andersonbrandi,29,0,rstewart@yahoo.com,2,0.0,3.585,0.0,2,0,0,Budget Learners
U01470,jyoung,28,1,hinesamanda@hotmail.com,2,415.51,3.52,207.755,0,2,2,Premium Learners
U01471,garciachristine,19,0,robinsonjessica@outlook.com,1,0.0,3.64,0.0,0,1,0,Budget Learners
U01472,william95,27,0,michael27@yahoo.com,12,1086.16,3.0775,90.51333333333334,2,0,3,Casual Learners
U01473,nicolewalter,17,0,jeremysingh@gmail.com,15,2381.73,2.89,158.782,0,1,3,Casual Learners
U01474,sherryfowler,20,1,hansenrobert@gmail.com,2,0.0,2.435,0.0,11,0,1,Professional Learners
U01475,richardrocha,20,1,erin18@yahoo.com,15,1295.42,2.888,86.36133333333333,0,0,3,Casual Learners
U01476,kenneth36,35,0,williamssteven@outlook.com,1,326.02,2.69,326.02,1,2,2,Premium Learners
U01477,phamtiffany,17,0,michael59@hotmail.com,1,0.0,2.14,0.0,5,1,0,Budget Learners
U01478,lindaparrish,35,0,allendavid@hotmail.com,1,0.0,2.43,0.0,9,2,0,Budget Learners
U01479,kathleenlewis,25,0,wheelerjames@yahoo.com,1,0.0,4.14,0.0,6,1,0,Budget Learners
U01480,zsmith,20,0,cynthia24@yahoo.com,1,0.78,3.89,0.78,7,0,0,Budget Learners
U01481,david54,20,1,catherineriddle@outlook.com,1,0.0,1.73,0.0,7,2,1,Professional Learners
U01482,amanda99,17,1,ucarney@gmail.com,2,490.9,3.375,245.45,0,1,2,Premium Learners
U01483,morrisonrebecca,18,1,catherine26@outlook.com,1,0.0,4.51,0.0,4,1,1,Professional Learners
U01484,travisroman,17,1,ruizchristopher@hotmail.com,1,0.0,1.28,0.0,9,1,1,Professional Learners
U01485,holtjohn,16,1,castanedajessica@hotmail.com,1,0.0,4.14,0.0,6,1,1,Professional Learners
U01486,dwilliams,17,1,edwardatkins@yahoo.com,1,0.0,1.59,0.0,6,0,1,Professional Learners
U01487,david91,17,0,nicholasscott@hotmail.com,2,0.0,3.09,0.0,4,0,0,Budget Learners
U01488,lawsonbeth,27,1,thomasprice@gmail.com,12,599.76,2.9324999999999997,49.98,3,2,3,Casual Learners
U01489,mmacdonald,27,1,fharris@outlook.com,1,487.92,3.64,487.92,1,0,2,Premium Learners
U01490,whenry,19,0,nicholas42@outlook.com,1,0.0,1.91,0.0,2,2,0,Budget Learners
U01491,zfinley,17,0,wujames@hotmail.com,3,0.0,4.6066666666666665,0.0,5,2,0,Budget Learners
U01492,bettywillis,23,0,amy04@outlook.com,4,837.6099999999999,3.645,209.40249999999997,0,1,2,Premium Learners
U01493,lmatthews,18,0,zoconnor@hotmail.com,1,415.51,3.11,415.51,0,2,2,Premium Learners
U01494,twalker,32,1,hwolfe@outlook.com,1,0.0,2.38,0.0,2,0,1,Professional Learners
U01495,xsanchez,31,0,parkermark@hotmail.com,1,0.0,3.45,0.0,10,2,0,Budget Learners
U01496,katelynanderson,22,0,erussell@gmail.com,13,1683.07,3.2684615384615388,129.46692307692308,1,0,3,Casual Learners
U01497,ccrawford,35,0,perryashley@gmail.com,13,837.6099999999999,3.14,64.43153846153845,5,1,3,Casual Learners
U01498,joshuacastillo,15,1,christopherperez@yahoo.com,1,0.0,2.0,0.0,1,0,1,Professional Learners
U01499,morrisdaniel,30,0,bobby50@yahoo.com,1,0.0,1.81,0.0,7,0,0,Budget Learners
U01500,lindsey29,15,1,michellemejia@outlook.com,13,1002.27,3.012307692307693,77.09769230769231,0,0,3,Casual Learners
U01501,dawnmccarty,23,1,arianarobinson@hotmail.com,1,119.04,2.75,119.04,6,2,1,Professional Learners
U01502,stephen90,28,0,mwilson@outlook.com,1,57.32,4.74,57.32,11,0,0,Budget Learners
U01503,julie92,30,0,christopher75@yahoo.com,1,276.37,2.72,276.37,4,0,2,Premium Learners
U01504,qblack,31,1,christophermartin@outlook.com,1,472.28,4.74,472.28,9,1,2,Premium Learners
U01505,haley15,35,1,sandra88@hotmail.com,3,0.0,4.2299999999999995,0.0,2,1,1,Professional Learners
U01506,nancy99,34,1,wnelson@hotmail.com,15,1160.56,3.232,77.37066666666666,0,0,3,Casual Learners
U01507,aboyd,18,0,dramos@yahoo.com,3,353.43,2.736666666666667,117.81,1,1,0,Budget Learners
U01508,ljohnson,34,1,hannahcombs@yahoo.com,1,0.0,4.94,0.0,2,1,1,Professional Learners
U01509,benjamin24,15,0,shannonross@outlook.com,1,57.32,4.74,57.32,11,0,0,Budget Learners
U01510,reginald30,16,0,masonamber@hotmail.com,2,0.0,2.075,0.0,3,1,0,Budget Learners
U01511,garycarr,15,1,victoria98@yahoo.com,13,957.8900000000001,3.202307692307692,73.68384615384616,4,1,3,Casual Learners
U01512,stevensexton,19,1,stephen15@hotmail.com,12,1597.8600000000001,2.6366666666666667,133.155,2,0,3,Casual Learners
U01513,valerieharmon,23,1,hamiltonmaria@hotmail.com,1,0.0,4.1,0.0,6,2,1,Professional Learners
U01514,craig92,25,1,daniel50@hotmail.com,1,0.0,3.64,0.0,0,1,1,Professional Learners
U01515,rossanthony,35,0,coreyfowler@gmail.com,1,0.0,1.52,0.0,4,0,0,Budget Learners
U01516,daviddavis,19,1,wchapman@gmail.com,1,0.0,2.61,0.0,4,0,1,Professional Learners
U01517,lindsaykelly,26,1,kellymorgan@outlook.com,14,1184.67,2.8249999999999997,84.61928571428572,0,0,3,Casual Learners
U01518,carolgamble,21,1,gregg70@gmail.com,1,490.9,4.55,490.9,0,1,2,Premium Learners
U01519,christopher18,16,1,holmesnatalie@hotmail.com,2,0.0,2.8150000000000004,0.0,4,0,1,Professional Learners
U01520,mhayes,26,0,gilbert23@yahoo.com,1,0.0,4.66,0.0,5,2,0,Budget Learners
U01521,georgeerin,34,0,owensara@hotmail.com,1,327.99,1.51,327.99,10,1,2,Premium Learners
U01522,vnelson,31,0,robin05@gmail.com,14,461.27,2.8892857142857147,32.94785714285714,5,0,3,Casual Learners
U01523,egutierrez,16,1,kimcolleen@yahoo.com,1,0.0,1.73,0.0,7,2,1,Professional Learners
U01524,adam56,30,0,othompson@outlook.com,1,0.0,4.44,0.0,5,1,0,Budget Learners
U01525,lisa07,32,0,gstrickland@gmail.com,2,347.48999999999995,2.56,173.74499999999998,7,0,0,Budget Learners
U01526,jeremyarnold,20,1,robert14@yahoo.com,12,1765.17,3.315,147.0975,10,1,3,Casual Learners
U01527,lucas92,29,0,gutierrezerin@hotmail.com,1,37.89,1.3,37.89,11,0,0,Budget Learners
U01528,thompsontammy,16,1,tracy13@gmail.com,14,2194.62,3.25,156.75857142857143,1,1,3,Casual Learners
U01529,wgraves,19,0,barbara11@gmail.com,3,0.0,3.616666666666667,0.0,2,0,0,Budget Learners
U01530,qhorton,16,1,diazbreanna@hotmail.com,15,544.11,2.9426666666666668,36.274,7,0,3,Casual Learners
U01531,brianberry,30,0,diazjessica@gmail.com,14,623.0799999999999,3.4464285714285716,44.505714285714284,4,1,3,Casual Learners
U01532,alexanderjacob,28,0,brittanycampbell@gmail.com,1,0.0,3.02,0.0,3,2,0,Budget Learners
U01533,rebecca74,16,0,christopher19@gmail.com,3,111.18,3.9066666666666667,37.06,4,1,0,Budget Learners
U01534,robertpeters,28,1,annette96@hotmail.com,1,0.0,4.94,0.0,2,1,1,Professional Learners
U01535,khernandez,20,1,simpsonmandy@yahoo.com,4,944.3,3.1025,236.075,0,2,2,Premium Learners
U01536,guerrerotonya,33,0,rachelvalencia@hotmail.com,12,1758.18,3.2183333333333337,146.51500000000001,0,0,3,Casual Learners
U01537,qroberts,27,0,vasquezkayla@hotmail.com,3,887.79,3.623333333333333,295.93,0,2,2,Premium Learners
U01538,thompsonjack,27,0,schaeferkara@hotmail.com,1,415.51,3.11,415.51,0,2,2,Premium Learners
U01539,hmcdaniel,24,0,murphyrebecca@outlook.com,1,0.0,4.73,0.0,7,2,0,Budget Learners
U01540,arroyojohn,30,0,lopezaaron@hotmail.com,1,0.0,4.94,0.0,2,1,0,Budget Learners
U01541,barrerajohn,29,0,erika24@gmail.com,4,684.17,2.02,171.0425,3,0,2,Premium Learners
U01542,jsmith,18,0,patriciasmith@hotmail.com,1,177.34,3.89,177.34,5,0,0,Budget Learners
U01543,smithjames,25,0,teresa86@yahoo.com,16,1848.28,3.141875,115.5175,6,2,3,Casual Learners
U01544,cphillips,31,0,debbieharris@yahoo.com,1,119.04,2.75,119.04,6,2,0,Budget Learners
U01545,ganderson,15,0,vgreen@gmail.com,1,0.0,2.2,0.0,11,1,0,Budget Learners
U01546,stefanie21,34,1,dawnnunez@hotmail.com,1,0.0,3.64,0.0,0,1,1,Professional Learners
U01547,cookdesiree,17,1,ofuentes@hotmail.com,2,0.0,1.665,0.0,4,0,1,Professional Learners
U01548,travis26,35,0,danielslisa@yahoo.com,1,0.0,2.88,0.0,9,1,0,Budget Learners
U01549,katherinerobertson,34,0,zjohnson@outlook.com,1,0.0,2.14,0.0,5,1,0,Budget Learners
U01550,raymond40,16,1,fwalker@yahoo.com,1,0.0,1.73,0.0,7,2,1,Professional Learners
U01551,julian48,16,1,bryanmorris@hotmail.com,1,0.0,2.98,0.0,8,0,1,Professional Learners
U01552,krussell,32,1,todd69@outlook.com,1,0.0,4.45,0.0,4,0,1,Professional Learners
U01553,melinda52,27,1,dflynn@hotmail.com,15,631.0,2.920666666666667,42.06666666666667,3,0,3,Casual Learners
U01554,smithcarl,20,1,hernandezlisa@yahoo.com,4,0.0,3.46,0.0,2,1,1,Professional Learners
U01555,parkerrobert,23,0,zachary80@yahoo.com,1,0.0,3.65,0.0,3,1,0,Budget Learners
U01556,benjamin25,23,0,linda46@outlook.com,2,0.0,4.445,0.0,6,0,0,Budget Learners
U01557,rossdiane,17,1,omacdonald@yahoo.com,1,0.0,1.81,0.0,7,0,1,Professional Learners
U01558,deborah16,32,1,sheila12@outlook.com,1,57.32,4.74,57.32,11,0,1,Professional Learners
U01559,brownthomas,19,1,patrickgomez@hotmail.com,1,89.59,2.68,89.59,0,2,1,Professional Learners
U01560,vickibrown,24,1,ghawkins@hotmail.com,1,0.0,3.6,0.0,3,2,1,Professional Learners
U01561,miranda44,32,1,philipjohnson@yahoo.com,1,0.0,3.02,0.0,3,2,1,Professional Learners
U01562,crawfordmark,18,0,lreese@yahoo.com,1,0.0,2.14,0.0,5,1,0,Budget Learners
U01563,tiffanylopez,35,0,williamsrobert@yahoo.com,1,0.0,4.1,0.0,6,2,0,Budget Learners
U01564,vpena,28,0,susan39@outlook.com,1,346.71,1.23,346.71,10,0,2,Premium Learners
U01565,daniellyons,32,1,louisday@hotmail.com,1,212.39,3.15,212.39,5,0,1,Professional Learners
U01566,buckdenise,29,1,chrisphelps@gmail.com,1,0.0,3.64,0.0,0,1,1,Professional Learners
U01567,olivia94,22,1,odonnellcraig@yahoo.com,1,0.0,2.14,0.0,5,1,1,Professional Learners
U01568,maldonadoandrew,26,0,tmorales@gmail.com,3,415.51,3.07,138.50333333333333,0,2,0,Budget Learners
U01569,laurasmith,35,1,wfranco@yahoo.com,1,0.0,2.01,0.0,8,0,1,Professional Learners
U01570,smithmark,31,1,robinirwin@hotmail.com,2,326.02,3.415,163.01,1,1,1,Professional Learners
U01571,nicolerobinson,19,1,mary04@outlook.com,2,0.0,1.9849999999999999,0.0,2,0,1,Professional Learners
U01572,harrisonstephen,29,0,adam98@yahoo.com,1,53.86,2.47,53.86,6,1,0,Budget Learners
U01573,jenniferscott,18,0,grayanne@gmail.com,2,487.92,3.545,243.96,1,0,2,Premium Learners
U01574,whitemercedes,17,1,lamamber@gmail.com,1,346.71,1.23,346.71,10,0,2,Premium Learners
U01575,richardsontammy,15,0,millerrandy@hotmail.com,13,1289.19,3.3392307692307694,99.16846153846154,2,1,3,Casual Learners
U01576,charlessmith,35,1,aaguilar@hotmail.com,2,0.0,2.605,0.0,2,1,1,Professional Learners
U01577,parkerkatelyn,30,1,andersonlisa@yahoo.com,1,0.0,1.52,0.0,4,0,1,Professional Learners
U01578,talvarado,26,1,valdezshannon@hotmail.com,15,1408.0,2.884666666666667,93.86666666666666,0,2,3,Casual Learners
U01579,clewis,31,1,ashleyparker@gmail.com,1,0.0,1.59,0.0,6,0,1,Professional Learners
U01580,ryanmoreno,15,0,bakeranne@hotmail.com,2,394.26,1.54,197.13,2,2,2,Premium Learners
U01581,lori53,30,1,kruiz@yahoo.com,2,215.23000000000002,2.595,107.61500000000001,5,0,1,Professional Learners
U01582,kingkristen,16,1,morrisjennifer@hotmail.com,1,0.0,4.11,0.0,8,2,1,Professional Learners
U01583,daniel76,30,0,zcross@outlook.com,1,0.0,3.45,0.0,10,2,0,Budget Learners
U01584,steven45,32,1,bradley75@outlook.com,1,0.0,4.44,0.0,5,1,1,Professional Learners
U01585,vclark,27,1,brentbrooks@gmail.com,11,891.67,3.441818181818182,81.06090909090909,6,1,3,Casual Learners
U01586,bobby05,27,1,garrett72@hotmail.com,14,1193.63,3.0142857142857147,85.25928571428572,7,1,3,Casual Learners
U01587,greg26,27,1,evazquez@yahoo.com,2,37.89,2.615,18.945,2,0,1,Professional Learners
U01588,williamwalker,32,1,nicolejohnson@outlook.com,1,0.0,3.45,0.0,10,2,1,Professional Learners
U01589,harristravis,16,0,knightjanet@hotmail.com,1,0.0,4.94,0.0,2,1,0,Budget Learners
U01590,erinjohnson,33,1,cynthiaholland@hotmail.com,1,0.0,4.68,0.0,10,1,1,Professional Learners
U01591,robert84,32,0,davisconnie@gmail.com,2,0.0,3.01,0.0,0,0,0,Budget Learners
U01592,travisweber,33,1,raymond75@yahoo.com,4,0.0,2.295,0.0,2,1,1,Professional Learners
U01593,susan32,34,1,derekmiller@gmail.com,1,0.0,4.44,0.0,5,1,1,Professional Learners
U01594,rking,35,1,xbrown@hotmail.com,1,37.89,1.3,37.89,11,0,1,Professional Learners
U01595,ronaldperry,15,1,wjackson@hotmail.com,2,592.85,3.5,296.425,0,0,2,Premium Learners
U01596,yorkerica,22,1,murrayjack@yahoo.com,2,0.0,2.3899999999999997,0.0,3,1,1,Professional Learners
U01597,sarahhopkins,21,0,nguyendonna@yahoo.com,1,299.57,3.74,299.57,3,1,2,Premium Learners
U01598,zlevine,30,0,jessica13@gmail.com,1,0.0,3.32,0.0,11,1,0,Budget Learners
U01599,tracy23,29,0,hcoleman@gmail.com,1,0.0,2.98,0.0,8,0,0,Budget Learners
U01600,sanderselizabeth,29,0,anthony38@yahoo.com,1,326.02,2.69,326.02,1,2,2,Premium Learners
U01601,phall,23,0,kathleensandoval@yahoo.com,2,346.71,2.87,173.355,4,0,0,Budget Learners
U01602,davisangel,31,0,ballen@outlook.com,13,871.4,3.276153846153846,67.03076923076922,0,1,3,Casual Learners
U01603,kennethmartinez,32,1,bromero@outlook.com,2,89.59,2.1350000000000002,44.795,0,0,1,Professional Learners
U01604,kevinmeza,31,0,timothy98@yahoo.com,1,0.0,3.45,0.0,10,2,0,Budget Learners
U01605,acurtis,18,1,arthur42@yahoo.com,1,57.32,4.74,57.32,11,0,1,Professional Learners
U01606,mdavies,17,0,grosscharles@gmail.com,1,346.71,1.23,346.71,10,0,2,Premium Learners
U01607,ryan98,25,1,obaird@outlook.com,1,89.59,2.68,89.59,0,2,1,Professional Learners
U01608,debbie14,15,0,watsonroger@outlook.com,1,0.0,1.73,0.0,7,2,0,Budget Learners
U01609,jonesjoan,15,1,tyler47@hotmail.com,1,0.0,2.2,0.0,11,1,1,Professional Learners
U01610,kgarcia,31,1,michael22@gmail.com,1,0.0,2.01,0.0,8,0,1,Professional Learners
U01611,sheilawilson,27,1,jerrylynn@hotmail.com,1,0.0,2.01,0.0,8,0,1,Professional Learners
U01612,htaylor,29,1,kristine84@outlook.com,1,0.0,1.73,0.0,7,2,1,Professional Learners
U01613,alex16,25,1,rhodesjessica@outlook.com,1,0.0,4.94,0.0,2,1,1,Professional Learners
U01614,mcarpenter,17,1,geoffrey77@hotmail.com,1,0.0,4.66,0.0,5,2,1,Professional Learners
U01615,allisonpeters,29,1,ndaniel@gmail.com,1,0.0,1.81,0.0,7,0,1,Professional Learners
U01616,lcalderon,20,1,nataliemartin@gmail.com,1,0.0,3.32,0.0,11,1,1,Professional Learners
U01617,marquezedward,21,1,brownbelinda@hotmail.com,1,0.0,1.28,0.0,9,1,1,Professional Learners
U01618,victoriawebster,15,0,robertmccall@hotmail.com,13,898.9499999999999,3.129230769230769,69.14999999999999,8,0,3,Casual Learners
U01619,dbrown,20,0,william74@hotmail.com,1,490.9,4.55,490.9,0,1,2,Premium Learners
U01620,dtorres,19,0,donovankatherine@gmail.com,1,0.0,4.44,0.0,5,1,0,Budget Learners
U01621,kylebell,16,0,amy94@gmail.com,2,0.0,1.905,0.0,1,0,0,Budget Learners
U01622,scottkennedy,15,0,christina10@hotmail.com,1,0.78,3.89,0.78,7,0,0,Budget Learners
U01623,sarathomas,23,1,garciasean@gmail.com,1,0.0,2.14,0.0,5,1,1,Professional Learners
U01624,markwells,34,0,william38@hotmail.com,4,809.56,3.265,202.39,0,0,2,Premium Learners
U01625,taylorjoshua,33,0,brittany29@outlook.com,3,394.26,3.2099999999999995,131.42,2,2,0,Budget Learners
U01626,amythornton,26,0,howardjennifer@yahoo.com,1,0.0,4.14,0.0,6,1,0,Budget Learners
U01627,collinslisa,23,0,diazjessica@outlook.com,13,732.86,2.856923076923077,56.37384615384615,2,1,3,Casual Learners
U01628,emilymartin,26,1,martincynthia@gmail.com,14,1576.41,2.5435714285714286,112.60071428571429,1,0,3,Casual Learners
U01629,hansondennis,28,0,shannondelgado@hotmail.com,1,53.86,2.47,53.86,6,1,0,Budget Learners
U01630,laurie24,33,1,fnichols@gmail.com,1,0.0,3.02,0.0,3,2,1,Professional Learners
U01631,aaron63,18,0,gregorylarsen@hotmail.com,2,394.26,1.435,197.13,2,0,2,Premium Learners
U01632,ygarcia,21,1,gouldphilip@yahoo.com,1,0.0,3.93,0.0,2,2,1,Professional Learners
U01633,randy38,34,1,asimmons@hotmail.com,1,0.0,4.68,0.0,10,1,1,Professional Learners
U01634,kevin78,35,1,victormiller@yahoo.com,1,0.0,3.02,0.0,3,2,1,Professional Learners
U01635,candrews,18,0,collierjeremy@gmail.com,14,743.14,2.9021428571428567,53.08142857142857,1,0,3,Casual Learners
U01636,stevenknapp,19,1,zadams@hotmail.com,1,0.0,4.45,0.0,4,0,1,Professional Learners
U01637,ferrellgeorge,30,1,robertwade@yahoo.com,13,1567.34,3.713846153846154,120.56461538461538,5,1,3,Casual Learners
U01638,jonathan56,26,1,leesavannah@yahoo.com,1,0.0,2.2,0.0,11,1,1,Professional Learners
U01639,ubridges,27,1,seth87@hotmail.com,1,0.0,2.43,0.0,9,2,1,Professional Learners
U01640,taylorkimberly,23,0,thomas13@yahoo.com,1,0.0,4.72,0.0,8,2,0,Budget Learners
U01641,bbowen,17,1,qlewis@gmail.com,1,0.0,4.1,0.0,6,2,1,Professional Learners
U01642,juliehernandez,26,1,hnelson@outlook.com,1,0.0,3.65,0.0,3,1,1,Professional Learners
U01643,moorejulia,25,1,englishjustin@yahoo.com,1,89.59,2.68,89.59,0,2,1,Professional Learners
U01644,katherine11,23,1,awallace@outlook.com,3,487.92,3.526666666666667,162.64000000000001,1,0,1,Professional Learners
U01645,curtis73,19,1,jbaker@hotmail.com,3,0.78,3.3333333333333335,0.26,1,0,1,Professional Learners
U01646,wrojas,28,0,daviddaugherty@outlook.com,1,0.0,2.43,0.0,9,2,0,Budget Learners
U01647,smithvincent,17,0,kellyflores@hotmail.com,13,1297.69,3.5084615384615385,99.8223076923077,2,1,3,Casual Learners
U01648,mmosley,22,0,jessica65@hotmail.com,4,118.46000000000001,2.4924999999999997,29.615000000000002,7,0,0,Budget Learners
U01649,maryharris,35,1,taylor63@outlook.com,13,2151.13,2.853846153846154,165.47153846153847,0,2,3,Casual Learners
U01650,bethpalmer,33,1,tonyward@gmail.com,1,0.0,1.81,0.0,7,0,1,Professional Learners
U01651,anthonygomez,25,0,ologan@yahoo.com,1,212.39,3.15,212.39,5,0,0,Budget Learners
U01652,markharper,35,1,lisajones@yahoo.com,2,327.99,2.72,163.995,2,1,1,Professional Learners
U01653,richard46,21,0,geraldbrown@outlook.com,1,0.0,2.61,0.0,4,0,0,Budget Learners
U01654,lori03,22,0,parkmarisa@outlook.com,15,2711.54,3.1113333333333335,180.76933333333332,1,0,3,Casual Learners
U01655,austinlee,23,1,rodneyreed@hotmail.com,1,0.0,1.81,0.0,7,0,1,Professional Learners
U01656,norrisdakota,27,1,saragross@outlook.com,12,918.87,3.1283333333333334,76.5725,2,0,3,Casual Learners
U01657,lopezjesse,22,0,sgreen@yahoo.com,1,0.0,3.65,0.0,3,1,0,Budget Learners
U01658,spencer81,31,0,yyang@hotmail.com,1,177.34,3.89,177.34,5,0,0,Budget Learners
U01659,brendarodriguez,27,0,williamsonwilliam@hotmail.com,3,540.38,3.1133333333333333,180.12666666666667,10,1,0,Budget Learners
U01660,clinton81,25,0,masoncynthia@gmail.com,2,95.21000000000001,3.02,47.605000000000004,11,0,0,Budget Learners
U01661,tracywilson,27,0,cainangela@hotmail.com,1,0.0,3.32,0.0,11,1,0,Budget Learners
U01662,dustin08,28,1,joseph90@yahoo.com,15,2154.37,3.3066666666666666,143.62466666666666,6,0,3,Casual Learners
U01663,sandra93,28,0,vbooth@gmail.com,2,0.0,3.0,0.0,8,1,0,Budget Learners
U01664,sara98,23,0,rmayer@yahoo.com,2,415.51,3.065,207.755,0,2,2,Premium Learners
U01665,kimberly94,34,0,melissa92@gmail.com,4,0.0,3.9575,0.0,3,1,0,Budget Learners
U01666,fbarber,28,0,donna63@hotmail.com,14,589.19,2.785,42.085,4,0,3,Casual Learners
U01667,sandrastewart,23,0,simpsondonald@yahoo.com,1,0.0,1.59,0.0,6,0,0,Budget Learners
U01668,alambert,27,0,stephanievillarreal@yahoo.com,1,0.0,1.13,0.0,7,1,0,Budget Learners
U01669,julie64,30,0,oramirez@outlook.com,2,53.86,3.575,26.93,6,1,0,Budget Learners
U01670,justin64,19,1,bwilliamson@outlook.com,1,0.0,3.32,0.0,11,1,1,Professional Learners
U01671,apugh,25,1,egreen@yahoo.com,15,839.93,2.9560000000000004,55.99533333333333,6,1,3,Casual Learners
U01672,carolynfriedman,15,1,santosvictor@hotmail.com,1,0.0,4.51,0.0,4,1,1,Professional Learners
U01673,francosusan,16,1,nataliestrong@gmail.com,1,0.0,1.73,0.0,7,2,1,Professional Learners
U01674,carl17,27,0,kimberly19@yahoo.com,14,1224.07,2.9164285714285714,87.43357142857143,2,1,3,Casual Learners
U01675,douglasthompson,17,1,samantha32@yahoo.com,1,394.26,1.35,394.26,2,2,2,Premium Learners
U01676,odunn,22,1,kennethfloyd@yahoo.com,1,0.0,4.79,0.0,8,0,1,Professional Learners
U01677,mistypowell,22,1,tammy35@yahoo.com,2,0.0,2.88,0.0,1,0,1,Professional Learners
U01678,christina89,31,0,upierce@hotmail.com,1,0.0,4.73,0.0,7,2,0,Budget Learners
U01679,collinstracy,16,0,wcarpenter@gmail.com,1,0.0,4.45,0.0,4,0,0,Budget Learners
U01680,slynch,30,1,chankayla@yahoo.com,1,0.0,2.0,0.0,1,0,1,Professional Learners
U01681,brownryan,33,1,rthompson@hotmail.com,1,0.0,3.45,0.0,10,2,1,Professional Learners
U01682,josephbrown,21,1,rogersmelissa@gmail.com,2,0.0,3.99,0.0,5,1,1,Professional Learners
U01683,christywoods,19,0,powellandrew@gmail.com,1,326.02,2.69,326.02,1,2,2,Premium Learners
U01684,meganwhite,26,0,bryan07@gmail.com,2,0.0,1.9849999999999999,0.0,2,0,0,Budget Learners
U01685,jameslarson,26,0,xvang@hotmail.com,1,0.0,1.73,0.0,7,2,0,Budget Learners
U01686,nathan53,32,1,stacie37@yahoo.com,1,0.0,2.01,0.0,8,0,1,Professional Learners
U01687,dianaburnett,23,0,cynthiahall@hotmail.com,2,0.0,3.885,0.0,8,0,0,Budget Learners
U01688,valeriegalvan,28,0,millerzachary@gmail.com,2,0.0,3.15,0.0,8,0,0,Budget Learners
U01689,burnsjoel,30,0,james38@outlook.com,1,0.0,3.32,0.0,11,1,0,Budget Learners
U01690,lori78,27,1,ryandavila@yahoo.com,4,0.0,4.3075,0.0,0,1,1,Professional Learners
U01691,morantoni,22,1,tiffany52@gmail.com,1,37.89,1.3,37.89,11,0,1,Professional Learners
U01692,davidsonmark,26,1,ofletcher@hotmail.com,12,1372.26,3.330833333333333,114.355,0,0,3,Casual Learners
U01693,samantha22,21,1,aweeks@yahoo.com,2,276.37,2.6950000000000003,138.185,4,0,1,Professional Learners
U01694,david68,35,1,dianacordova@gmail.com,1,342.61,4.84,342.61,10,2,2,Premium Learners
U01695,christine15,32,1,jvega@gmail.com,13,1458.16,3.06923076923077,112.16615384615385,4,0,3,Casual Learners
U01696,james12,31,0,aguilarmelissa@gmail.com,2,327.99,3.085,163.995,5,1,0,Budget Learners
U01697,whicks,35,1,connerjennifer@outlook.com,1,0.0,2.14,0.0,5,1,1,Professional Learners
U01698,billyrivera,28,0,amberwalton@hotmail.com,1,0.0,1.13,0.0,7,1,0,Budget Learners
U01699,michael90,23,0,evansdaniel@outlook.com,1,0.0,4.1,0.0,6,2,0,Budget Learners
U01700,pagemichelle,25,0,costalori@hotmail.com,1,326.02,2.69,326.02,1,2,2,Premium Learners
U01701,tracy73,22,1,jeannevargas@yahoo.com,1,117.68,2.57,117.68,3,0,1,Professional Learners
U01702,ronaldalexander,21,0,jack38@gmail.com,14,957.02,3.3164285714285713,68.35857142857142,1,1,3,Casual Learners
U01703,hhogan,21,1,conleyshawn@outlook.com,3,487.92,3.516666666666667,162.64000000000001,1,0,1,Professional Learners
U01704,ojohnston,30,0,yvelasquez@hotmail.com,2,89.59,3.8100000000000005,44.795,0,1,0,Budget Learners
U01705,riddleryan,28,1,melissapierce@outlook.com,1,472.28,4.74,472.28,9,1,2,Premium Learners
U01706,zcarter,17,0,wallacejoseph@hotmail.com,1,0.0,3.85,0.0,9,1,0,Budget Learners
U01707,brettcampbell,32,1,ypreston@outlook.com,3,119.04,4.16,39.68,2,0,1,Professional Learners
U01708,ymorton,22,1,gibsonlori@hotmail.com,14,1615.22,2.6457142857142855,115.37285714285714,6,2,3,Casual Learners
U01709,klandry,35,0,smithlucas@gmail.com,1,0.0,2.14,0.0,5,1,0,Budget Learners
U01710,amandajackson,32,1,johnsonwilliam@gmail.com,1,394.26,1.35,394.26,2,2,2,Premium Learners
U01711,kyleharris,15,0,timothy04@gmail.com,1,53.86,2.47,53.86,6,1,0,Budget Learners
U01712,millerkevin,30,1,vrose@hotmail.com,1,0.0,1.59,0.0,6,0,1,Professional Learners
U01713,dholland,15,1,alec88@gmail.com,4,451.58,2.7,112.895,2,0,1,Professional Learners
U01714,patricia40,24,0,hwebb@outlook.com,1,0.0,3.02,0.0,3,2,0,Budget Learners
U01715,edwardsjose,27,1,vincent79@outlook.com,1,0.0,4.51,0.0,4,1,1,Professional Learners
U01716,asalinas,22,0,michelle32@outlook.com,1,57.32,4.74,57.32,11,0,0,Budget Learners
U01717,heather15,20,1,calebflores@hotmail.com,1,299.57,3.74,299.57,3,1,2,Premium Learners
U01718,michelledecker,23,1,kevin26@yahoo.com,1,0.0,1.52,0.0,4,0,1,Professional Learners
U01719,ooliver,32,0,reesekathy@outlook.com,1,119.04,2.75,119.04,6,2,0,Budget Learners
U01720,stoutaustin,21,0,jeanne53@hotmail.com,15,1655.97,3.2853333333333334,110.398,3,1,3,Casual Learners
U01721,lperry,15,0,johnbarry@outlook.com,10,810.29,3.357,81.029,11,0,3,Casual Learners
U01722,dale82,30,0,seanreynolds@outlook.com,1,0.0,1.81,0.0,7,0,0,Budget Learners
U01723,maryharrison,32,0,stephaniedixon@outlook.com,1,0.0,1.52,0.0,4,0,0,Budget Learners
U01724,juan81,17,1,scottmendoza@hotmail.com,16,1227.77,3.0875,76.735625,4,0,3,Casual Learners
U01725,klinekevin,33,1,wernerjonathan@hotmail.com,2,0.0,1.325,0.0,4,0,1,Professional Learners
U01726,qschwartz,32,0,chelseycoleman@gmail.com,13,1008.6800000000001,3.0107692307692306,77.59076923076924,4,0,3,Casual Learners
U01727,zachary70,15,0,melindajones@outlook.com,1,0.0,3.93,0.0,2,2,0,Budget Learners
U01728,lmclaughlin,33,0,charlescooley@outlook.com,2,0.0,3.745,0.0,4,0,0,Budget Learners
U01729,michael78,29,0,dwayne77@yahoo.com,15,2400.05,2.896666666666667,160.00333333333336,10,0,3,Casual Learners
U01730,blackkarl,27,0,gbarton@yahoo.com,1,0.0,2.61,0.0,4,0,0,Budget Learners
U01731,andrewreed,28,1,michaelbrown@hotmail.com,1,0.0,4.1,0.0,6,2,1,Professional Learners
U01732,xferrell,17,0,woodjames@outlook.com,2,0.0,4.585,0.0,4,0,0,Budget Learners
U01733,jeffreyprice,20,0,bgreen@yahoo.com,4,575.94,3.085,143.985,3,2,0,Budget Learners
U01734,oortega,29,1,tommy76@yahoo.com,3,445.06,2.32,148.35333333333332,1,2,2,Premium Learners
U01735,brentanderson,29,1,alexisbird@gmail.com,1,57.32,4.74,57.32,11,0,1,Professional Learners
U01736,leah74,17,1,mark33@yahoo.com,1,0.0,3.6,0.0,3,2,1,Professional Learners
U01737,scottnelson,23,1,daltonandrews@outlook.com,1,0.0,1.28,0.0,9,1,1,Professional Learners
U01738,aortiz,16,0,qgraham@outlook.com,1,0.0,4.45,0.0,4,0,0,Budget Learners
U01739,mauriceponce,19,1,apalmer@hotmail.com,1,0.0,2.98,0.0,8,0,1,Professional Learners
U01740,johnbridges,20,1,claudiafox@outlook.com,1,0.0,2.98,0.0,8,0,1,Professional Learners
U01741,uadams,30,1,jonessteven@yahoo.com,2,0.0,2.95,0.0,3,1,1,Professional Learners
U01742,lyork,30,0,psmith@yahoo.com,2,0.0,4.119999999999999,0.0,6,1,0,Budget Learners
U01743,mhunter,15,1,wagnerjerry@yahoo.com,1,0.0,1.81,0.0,7,0,1,Professional Learners
U01744,john10,22,1,kingcourtney@yahoo.com,4,665.26,3.9625,166.315,1,0,2,Premium Learners
U01745,jasonwatts,21,0,wvilla@yahoo.com,13,1622.6399999999999,3.2546153846153847,124.81846153846153,3,1,3,Casual Learners
U01746,jodiortega,24,1,nathaniel40@outlook.com,14,1607.25,3.3685714285714283,114.80357142857143,5,1,3,Casual Learners
U01747,kyle18,19,0,derrickkelley@hotmail.com,4,177.34,3.6925,44.335,5,2,0,Budget Learners
U01748,williamsadam,22,1,joseph49@outlook.com,1,394.26,1.35,394.26,2,2,2,Premium Learners
U01749,fmiles,31,0,james11@hotmail.com,1,276.37,2.72,276.37,4,0,2,Premium Learners
U01750,stephanieshaw,24,1,victoria11@gmail.com,4,627.6600000000001,3.435,156.91500000000002,1,1,2,Premium Learners
U01751,mcbridepatrick,25,0,brandon18@yahoo.com,1,0.78,3.89,0.78,7,0,0,Budget Learners
U01752,johnharris,34,0,kimvincent@outlook.com,4,301.98,2.8,75.495,0,0,0,Budget Learners
U01753,kirbyelijah,17,0,biancaarmstrong@yahoo.com,1,0.0,2.0,0.0,1,0,0,Budget Learners
U01754,qdiaz,22,1,henglish@yahoo.com,1,0.0,3.64,0.0,0,1,1,Professional Learners
U01755,andrewskelly,26,0,michellereyes@outlook.com,1,285.05,1.96,285.05,1,1,2,Premium Learners
U01756,uortiz,21,1,anita87@gmail.com,2,0.0,1.505,0.0,7,1,1,Professional Learners
U01757,ycarter,26,0,mariah38@hotmail.com,1,0.0,2.88,0.0,9,1,0,Budget Learners
U01758,yhall,16,0,anelson@yahoo.com,1,326.02,2.69,326.02,1,2,2,Premium Learners
U01759,pwebster,21,1,scott26@outlook.com,1,276.37,2.72,276.37,4,0,2,Premium Learners
U01760,eric06,19,1,smoreno@gmail.com,1,490.9,4.55,490.9,0,1,2,Premium Learners
U01761,mark03,31,1,gabriel32@yahoo.com,2,0.0,2.44,0.0,1,0,1,Professional Learners
U01762,dustin24,33,1,reeveschristopher@yahoo.com,15,1427.04,3.624666666666667,95.136,8,0,3,Casual Learners
U01763,sharon32,24,1,jimmy75@outlook.com,1,248.1,1.2,248.1,0,1,2,Premium Learners
U01764,cowanaustin,30,1,gomezjennifer@hotmail.com,2,285.05,3.2,142.525,1,1,1,Professional Learners
U01765,patrick83,24,0,lwilliamson@yahoo.com,1,0.0,2.01,0.0,8,0,0,Budget Learners
U01766,michaelmiller,33,0,jamie43@hotmail.com,3,623.0799999999999,2.9633333333333334,207.6933333333333,2,0,2,Premium Learners
U01767,thomas29,15,0,housestephen@yahoo.com,1,0.0,4.44,0.0,5,1,0,Budget Learners
U01768,turnercorey,26,0,paul81@outlook.com,2,0.0,4.19,0.0,2,0,0,Budget Learners
U01769,khanrenee,15,1,kirkwagner@gmail.com,4,53.86,3.1875,13.465,5,1,1,Professional Learners
U01770,daviselizabeth,22,0,bryantmichael@outlook.com,2,0.0,4.695,0.0,2,0,0,Budget Learners
U01771,calebmorgan,21,1,baileymax@gmail.com,3,347.48999999999995,2.2133333333333334,115.82999999999998,4,0,1,Professional Learners
U01772,elizabethrodriguez,32,0,uburns@outlook.com,1,0.0,2.01,0.0,8,0,0,Budget Learners
U01773,tanya67,17,1,ernestgregory@outlook.com,16,2596.54,3.124375,162.28375,0,1,3,Casual Learners
U01774,holly96,17,1,stephen91@outlook.com,1,0.0,4.94,0.0,2,1,1,Professional Learners
U01775,nancyhart,31,0,carterlisa@outlook.com,2,0.0,3.0999999999999996,0.0,4,0,0,Budget Learners
U01776,websterkaren,30,0,robertclayton@hotmail.com,2,0.0,2.645,0.0,1,0,0,Budget Learners
U01777,justin83,27,1,kimberly25@hotmail.com,1,0.0,2.2,0.0,11,1,1,Professional Learners
U01778,phillip31,24,0,robertnavarro@outlook.com,2,0.0,4.055,0.0,3,1,0,Budget Learners
U01779,sarahtrujillo,31,1,jeremy60@yahoo.com,1,0.0,4.72,0.0,8,2,1,Professional Learners
U01780,smithtimothy,27,1,rblair@hotmail.com,1,346.71,1.23,346.71,10,0,2,Premium Learners
U01781,cortezmorgan,30,1,lhuynh@gmail.com,1,0.0,3.45,0.0,10,2,1,Professional Learners
U01782,david48,17,0,martinmatthew@yahoo.com,1,0.0,3.85,0.0,9,1,0,Budget Learners
U01783,mcconnellerica,28,1,ellismark@yahoo.com,3,57.32,3.78,19.106666666666666,1,0,1,Professional Learners
U01784,ccarr,32,0,richardbarnes@gmail.com,1,119.04,2.75,119.04,6,2,0,Budget Learners
U01785,masonrachel,34,0,feliciashannon@gmail.com,1,0.0,4.73,0.0,7,2,0,Budget Learners
U01786,joseph21,25,0,michaeljimenez@hotmail.com,13,1539.78,3.1830769230769227,118.44461538461539,6,0,3,Casual Learners
U01787,kristin95,30,0,roybowen@outlook.com,2,266.93,3.285,133.465,0,0,0,Budget Learners
U01788,sayers,15,1,francisdenise@gmail.com,2,89.59,3.7350000000000003,44.795,0,0,1,Professional Learners
U01789,rodriguezjacob,33,0,bryandennis@hotmail.com,15,1442.1299999999999,3.234,96.142,3,1,3,Casual Learners
U01790,jerrydavidson,25,1,salazarkyle@hotmail.com,1,299.57,3.74,299.57,3,1,2,Premium Learners
U01791,richardrandy,31,0,reneecampbell@outlook.com,2,53.86,3.63,26.93,6,0,0,Budget Learners
U01792,charlottelewis,15,1,zstewart@outlook.com,1,53.86,2.47,53.86,6,1,1,Professional Learners
U01793,alexandrawright,30,1,vasqueztristan@gmail.com,1,0.0,3.93,0.0,2,2,1,Professional Learners
U01794,mcbrideamy,26,1,woodsamantha@outlook.com,1,0.0,2.0,0.0,1,0,1,Professional Learners
U01795,wtorres,15,0,jessica84@outlook.com,13,1145.56,2.9646153846153847,88.11999999999999,0,0,3,Casual Learners
U01796,catherinegonzales,15,1,paul98@hotmail.com,1,0.0,2.67,0.0,11,0,1,Professional Learners
U01797,linda33,33,1,adamlee@gmail.com,1,490.9,4.55,490.9,0,1,2,Premium Learners
U01798,gregoryjenkins,18,1,vwolfe@yahoo.com,1,487.92,3.64,487.92,1,0,2,Premium Learners
U01799,jacobssusan,33,0,kdaniels@hotmail.com,1,0.0,3.15,0.0,1,0,0,Budget Learners
U01800,melaniejacobson,25,0,kimhoward@yahoo.com,2,248.1,2.4,124.05,0,1,0,Budget Learners
U01801,julialong,20,1,dhernandez@gmail.com,1,394.26,1.35,394.26,2,2,2,Premium Learners
U01802,oharris,15,0,kevin83@outlook.com,1,276.37,2.72,276.37,4,0,2,Premium Learners
U01803,brett15,27,0,susandavis@yahoo.com,3,342.61,3.6799999999999997,114.20333333333333,9,1,0,Budget Learners
U01804,nicoletaylor,20,0,whitecarol@hotmail.com,2,0.0,3.71,0.0,5,0,0,Budget Learners
U01805,bridget73,21,1,swilson@outlook.com,15,431.96000000000004,2.834,28.797333333333334,2,1,3,Casual Learners
U01806,hgomez,26,1,annalee@gmail.com,1,0.0,4.14,0.0,6,1,1,Professional Learners
U01807,veronica27,31,1,heather88@hotmail.com,2,490.9,3.7649999999999997,245.45,0,0,2,Premium Learners
U01808,stephenwebster,15,1,faulknergregory@gmail.com,3,684.67,4.183333333333334,228.22333333333333,5,0,2,Premium Learners
U01809,alexanderyork,24,0,sanchezmichelle@gmail.com,13,1427.78,3.3169230769230773,109.82923076923076,2,1,3,Casual Learners
U01810,bridgetjohnson,15,0,cgonzalez@outlook.com,15,2242.06,2.9113333333333333,149.47066666666666,1,0,3,Casual Learners
U01811,lauriejoyce,28,0,tsparks@yahoo.com,1,0.0,1.59,0.0,6,0,0,Budget Learners
U01812,drussell,17,1,vbernard@gmail.com,15,798.53,2.9353333333333333,53.23533333333333,3,0,3,Casual Learners
U01813,williamstone,24,0,amber77@yahoo.com,1,0.0,3.65,0.0,3,1,0,Budget Learners
U01814,gwilliams,17,0,donaldconrad@hotmail.com,3,472.28,2.8266666666666667,157.42666666666665,7,0,0,Budget Learners
U01815,younggina,30,1,kristineaton@hotmail.com,1,0.0,4.51,0.0,4,1,1,Professional Learners
U01816,dwayneatkins,21,1,teresa09@outlook.com,2,0.0,2.895,0.0,3,1,1,Professional Learners
U01817,hillbrian,33,1,cody19@yahoo.com,1,0.0,2.0,0.0,1,0,1,Professional Learners
U01818,samuel96,15,1,leahlambert@gmail.com,2,53.86,3.5949999999999998,26.93,6,1,1,Professional Learners
U01819,kmontgomery,17,1,qvelasquez@outlook.com,1,0.0,4.79,0.0,8,0,1,Professional Learners
U01820,vmorrow,24,1,douglas57@gmail.com,15,2407.56,2.8746666666666667,160.504,1,0,3,Casual Learners
U01821,blankenshipmichael,22,1,stephaniejohnston@outlook.com,1,0.0,3.15,0.0,1,0,1,Professional Learners
U01822,harriseric,22,1,clee@yahoo.com,15,447.03000000000003,2.9059999999999997,29.802000000000003,6,0,3,Casual Learners
U01823,djarvis,22,1,mahoneymichael@gmail.com,1,0.0,1.59,0.0,6,0,1,Professional Learners
U01824,austinbethany,20,1,scott08@yahoo.com,1,327.99,1.51,327.99,10,1,2,Premium Learners
U01825,jeff93,25,1,xchavez@gmail.com,14,758.12,3.143571428571429,54.151428571428575,7,2,3,Casual Learners
U01826,jenniferfields,17,1,bryantchristopher@outlook.com,1,0.0,2.14,0.0,5,1,1,Professional Learners
U01827,mitchellmarsh,28,1,robin95@outlook.com,1,0.0,4.45,0.0,4,0,1,Professional Learners
U01828,molly55,21,1,stephanie34@hotmail.com,1,177.34,3.89,177.34,5,0,1,Professional Learners
U01829,walkerlisa,27,1,deannaoconnor@yahoo.com,2,0.0,3.005,0.0,2,2,1,Professional Learners
U01830,james96,15,1,gmedina@hotmail.com,1,37.89,1.3,37.89,11,0,1,Professional Learners
U01831,eherrera,34,0,perkinsedwin@yahoo.com,1,472.28,4.74,472.28,9,1,2,Premium Learners
U01832,rebecca57,24,1,rosstammy@yahoo.com,1,0.0,2.88,0.0,9,1,1,Professional Learners
U01833,brittneyphillips,16,1,mccoycraig@outlook.com,2,487.92,4.215,243.96,1,0,2,Premium Learners
U01834,rebecca24,33,0,sara87@outlook.com,1,0.0,1.73,0.0,7,2,0,Budget Learners
U01835,williamfranklin,27,1,dylanvargas@hotmail.com,2,0.0,4.755,0.0,8,0,1,Professional Learners
U01836,daniel27,32,0,eric61@hotmail.com,1,299.57,3.74,299.57,3,1,2,Premium Learners
U01837,ogutierrez,24,0,omolina@yahoo.com,1,326.02,2.69,326.02,1,2,2,Premium Learners
U01838,haynesrobert,24,1,lwebster@hotmail.com,2,0.0,4.015,0.0,2,2,1,Professional Learners
U01839,kmelton,22,0,juliecombs@hotmail.com,1,0.0,3.6,0.0,3,2,0,Budget Learners
U01840,bradley44,35,0,sharris@hotmail.com,14,460.83000000000004,3.3735714285714287,32.916428571428575,7,1,3,Casual Learners
U01841,jessicagonzalez,18,0,jennifer41@outlook.com,1,0.0,1.91,0.0,2,2,0,Budget Learners
U01842,serranoandre,33,0,john25@outlook.com,13,1169.28,3.1123076923076924,89.94461538461539,0,1,3,Casual Learners
U01843,tiffany83,19,0,jonathancarson@hotmail.com,1,0.0,2.67,0.0,11,0,0,Budget Learners
U01844,colemanmelissa,18,0,isaac36@outlook.com,1,0.0,3.02,0.0,3,2,0,Budget Learners
U01845,andrewbell,17,0,fosborne@gmail.com,1,0.0,4.45,0.0,4,0,0,Budget Learners
U01846,kevinalexander,21,0,campbelljames@hotmail.com,2,117.68,3.755,58.84,2,0,0,Budget Learners
U01847,ujohnson,18,0,tbridges@yahoo.com,1,0.0,1.91,0.0,2,2,0,Budget Learners
U01848,jhoward,30,0,msmith@gmail.com,1,0.0,3.15,0.0,1,0,0,Budget Learners
U01849,elizabethfloyd,23,1,meganbenson@hotmail.com,1,0.0,3.45,0.0,10,2,1,Professional Learners
U01850,justin74,29,0,lee01@gmail.com,3,418.61,3.3633333333333333,139.53666666666666,3,2,0,Budget Learners
U01851,abarnes,20,1,adavis@outlook.com,4,668.63,3.1375,167.1575,1,2,2,Premium Learners
U01852,schwartzgregory,19,0,jacobslindsey@gmail.com,4,513.3,2.9425,128.325,2,2,0,Budget Learners
U01853,boydsherry,31,1,zhangtonya@outlook.com,1,89.59,2.68,89.59,0,2,1,Professional Learners
U01854,pruittdavid,16,1,ryan07@gmail.com,13,1160.54,3.4423076923076925,89.27230769230769,6,0,3,Casual Learners
U01855,krichardson,15,0,karen00@gmail.com,1,53.86,2.47,53.86,6,1,0,Budget Learners
U01856,cohenlauren,27,1,michaeljones@outlook.com,1,0.0,3.02,0.0,3,2,1,Professional Learners
U01857,aprilvincent,27,0,briggssheila@outlook.com,2,53.86,3.46,26.93,4,0,0,Budget Learners
U01858,clarkebianca,34,0,davidfitzpatrick@gmail.com,1,0.0,3.45,0.0,10,2,0,Budget Learners
U01859,thomas50,24,0,dmiller@gmail.com,1,0.0,2.2,0.0,11,1,0,Budget Learners
U01860,bhardy,19,1,kevin81@yahoo.com,3,487.92,3.236666666666667,162.64000000000001,1,0,1,Professional Learners
U01861,ddominguez,28,0,wilsonlisa@outlook.com,2,95.21000000000001,3.02,47.605000000000004,11,0,0,Budget Learners
U01862,daniel53,24,1,uchaney@yahoo.com,1,0.0,4.66,0.0,5,2,1,Professional Learners
U01863,wlopez,26,1,cbutler@outlook.com,1,342.61,4.84,342.61,10,2,2,Premium Learners
U01864,michelleharper,15,1,timothy88@yahoo.com,1,0.0,4.72,0.0,8,2,1,Professional Learners
U01865,josephwilson,18,1,stacylowe@yahoo.com,4,0.0,1.915,0.0,9,1,1,Professional Learners
U01866,davidharrell,25,1,rnicholson@gmail.com,1,0.0,3.45,0.0,10,2,1,Professional Learners
U01867,monica16,24,0,shari53@gmail.com,13,892.1,3.3230769230769233,68.62307692307692,0,1,3,Casual Learners
U01868,leslie60,27,0,lowehector@outlook.com,2,0.0,3.025,0.0,2,1,0,Budget Learners
U01869,obennett,32,1,cnguyen@hotmail.com,1,0.0,1.91,0.0,2,2,1,Professional Learners
U01870,edwin11,28,0,kblanchard@outlook.com,1,0.0,3.93,0.0,2,2,0,Budget Learners
U01871,danielparks,21,1,debra91@hotmail.com,14,916.53,3.2671428571428573,65.46642857142857,3,2,3,Casual Learners
U01872,gatesbrittany,28,0,bobby06@outlook.com,14,2084.41,3.314285714285714,148.88642857142855,1,2,3,Casual Learners
U01873,jason10,26,1,travischristopher@hotmail.com,1,0.0,1.28,0.0,9,1,1,Professional Learners
U01874,lancelove,15,0,kbass@outlook.com,1,415.51,3.11,415.51,0,2,2,Premium Learners
U01875,williamhardy,30,1,ortizjoshua@gmail.com,1,285.05,1.96,285.05,1,1,2,Premium Learners
U01876,pam38,17,1,suzanne43@outlook.com,14,971.8199999999999,3.391428571428571,69.41571428571429,9,1,3,Casual Learners
U01877,elizabethmassey,19,1,kimberlydorsey@gmail.com,12,1219.46,2.9875000000000003,101.62166666666667,5,1,3,Casual Learners
U01878,nlopez,20,0,christopher77@yahoo.com,1,0.0,4.45,0.0,4,0,0,Budget Learners
U01879,davidkemp,32,0,jeffrey17@outlook.com,15,2367.91,2.656,157.86066666666665,6,0,3,Casual Learners
U01880,amy23,26,0,jessica71@gmail.com,2,0.0,4.585,0.0,4,1,0,Budget Learners
U01881,paulatanner,30,1,thompsonsusan@gmail.com,1,346.71,1.23,346.71,10,0,2,Premium Learners
U01882,amitchell,30,0,sarah27@yahoo.com,3,95.21000000000001,3.063333333333334,31.736666666666668,11,0,0,Budget Learners
U01883,william23,30,0,turnershawn@gmail.com,1,490.9,4.55,490.9,0,1,2,Premium Learners
U01884,michelle01,20,1,imartinez@hotmail.com,1,346.71,1.23,346.71,10,0,2,Premium Learners
U01885,pwebb,25,0,freyamanda@outlook.com,1,0.0,4.68,0.0,10,1,0,Budget Learners
U01886,achavez,17,1,monica77@hotmail.com,1,0.0,4.79,0.0,8,0,1,Professional Learners
U01887,mcintoshdaniel,21,0,obrown@outlook.com,1,0.0,3.65,0.0,3,1,0,Budget Learners
U01888,jonathan59,15,0,mmarshall@gmail.com,1,0.0,3.93,0.0,2,2,0,Budget Learners
U01889,bradshawcarol,30,0,sloanjeremy@outlook.com,1,0.0,2.61,0.0,4,0,0,Budget Learners
U01890,scampos,18,0,pamelaoconnell@gmail.com,1,0.0,1.59,0.0,6,0,0,Budget Learners
U01891,darylmooney,35,0,aliciamadden@gmail.com,1,0.0,1.28,0.0,9,1,0,Budget Learners
U01892,wmurphy,16,1,carriebarnes@hotmail.com,1,0.0,2.2,0.0,11,1,1,Professional Learners
U01893,michaelsloan,23,0,debra53@outlook.com,12,1298.19,2.94,108.1825,1,1,3,Casual Learners
U01894,richardsonchristopher,35,1,marksjohn@gmail.com,1,0.0,4.68,0.0,10,1,1,Professional Learners
U01895,danieldavis,35,0,tinaburns@gmail.com,1,0.0,3.02,0.0,3,2,0,Budget Learners
U01896,rjones,32,0,schultzcharles@gmail.com,12,1720.4099999999999,3.065,143.36749999999998,0,2,3,Casual Learners
U01897,adixon,15,0,feliciawallace@yahoo.com,1,0.0,1.52,0.0,4,0,0,Budget Learners
U01898,gloria83,26,1,michaelgonzalez@hotmail.com,1,117.68,2.57,117.68,3,0,1,Professional Learners
U01899,bwall,25,0,combsmaria@hotmail.com,2,0.0,3.0999999999999996,0.0,9,1,0,Budget Learners
U01900,qwood,19,1,williamschristopher@yahoo.com,11,1307.56,3.022727272727273,118.8690909090909,0,0,3,Casual Learners
U01901,nkim,23,1,monique71@hotmail.com,1,0.0,1.81,0.0,7,0,1,Professional Learners
U01902,parsonskathryn,30,0,charlesbrown@gmail.com,1,57.32,4.74,57.32,11,0,0,Budget Learners
U01903,sandersjacob,17,0,jacqueline38@yahoo.com,13,1334.7,2.9815384615384612,102.66923076923078,0,0,3,Casual Learners
U01904,lambertamy,17,1,morgandavid@gmail.com,1,487.92,3.64,487.92,1,0,2,Premium Learners
U01905,suttonlaura,24,0,paul26@outlook.com,2,490.9,2.915,245.45,0,1,2,Premium Learners
U01906,hporter,19,1,debrawilliams@hotmail.com,15,1395.69,2.4353333333333333,93.046,8,1,3,Casual Learners
U01907,hmitchell,15,1,adamsscott@outlook.com,2,89.59,2.41,44.795,0,1,1,Professional Learners
U01908,elizabethjackson,19,1,natashaclark@hotmail.com,12,888.6700000000001,3.2708333333333335,74.05583333333334,11,0,3,Casual Learners
U01909,sjennings,25,1,tanya76@hotmail.com,3,37.89,1.68,12.63,7,0,1,Professional Learners
U01910,leah34,28,1,ashleyclark@outlook.com,1,177.34,3.89,177.34,5,0,1,Professional Learners
U01911,ywhitaker,22,1,kimberly21@gmail.com,1,299.57,3.74,299.57,3,1,2,Premium Learners
U01912,fletcherdestiny,24,0,qberger@hotmail.com,1,0.0,3.02,0.0,3,2,0,Budget Learners
U01913,ethan70,24,1,qhiggins@hotmail.com,1,0.0,2.88,0.0,9,1,1,Professional Learners
U01914,ryanadkins,32,0,christopher63@gmail.com,1,0.0,2.61,0.0,4,0,0,Budget Learners
U01915,madisonwise,34,0,salazarcindy@outlook.com,2,453.4,2.205,226.7,0,0,2,Premium Learners
U01916,annaliu,29,1,autumnbest@hotmail.com,1,117.68,2.57,117.68,3,0,1,Professional Learners
U01917,juanward,18,0,solisadrian@yahoo.com,15,1159.54,2.9939999999999998,77.30266666666667,3,0,3,Casual Learners
U01918,gfleming,23,1,anthony16@hotmail.com,14,979.12,2.6207142857142856,69.93714285714286,3,0,3,Casual Learners
U01919,kyleconway,16,0,tonyahood@gmail.com,1,0.0,1.28,0.0,9,1,0,Budget Learners
U01920,matthewkennedy,33,1,obriensara@yahoo.com,13,1627.8600000000001,3.0961538461538463,125.22000000000001,3,0,3,Casual Learners
U01921,nguyenkayla,24,1,masonedward@hotmail.com,2,0.0,3.645,0.0,0,1,1,Professional Learners
U01922,jjohnson,21,1,caitlin14@gmail.com,2,0.0,3.295,0.0,2,1,1,Professional Learners
U01923,travismartin,19,1,jessica16@hotmail.com,1,57.32,4.74,57.32,11,0,1,Professional Learners
U01924,rhonda09,20,1,phillip05@yahoo.com,2,89.59,3.0,44.795,0,1,1,Professional Learners
U01925,bgarcia,33,1,tburns@yahoo.com,1,299.57,3.74,299.57,3,1,2,Premium Learners
U01926,harrisbobby,26,0,parkerstephanie@hotmail.com,13,1189.53,2.926153846153846,91.5023076923077,7,1,3,Casual Learners
U01927,psummers,27,0,qholden@outlook.com,1,0.0,3.02,0.0,3,2,0,Budget Learners
U01928,annehogan,33,0,hayslisa@gmail.com,1,0.0,4.94,0.0,2,1,0,Budget Learners
U01929,jonathan04,19,1,jeffrey72@yahoo.com,14,1057.52,2.8964285714285714,75.53714285714285,7,2,3,Casual Learners
U01930,kelleyphillip,28,0,caleb45@yahoo.com,1,0.0,3.45,0.0,10,2,0,Budget Learners
U01931,bcrawford,23,0,justin29@gmail.com,11,1270.8,2.562727272727273,115.52727272727272,7,1,3,Casual Learners
U01932,reginaldaustin,25,1,michaelpeters@outlook.com,1,415.51,3.11,415.51,0,2,2,Premium Learners
U01933,baileyapril,27,0,ellenpierce@yahoo.com,2,0.0,3.7800000000000002,0.0,8,2,0,Budget Learners
U01934,imoore,22,1,turnerdebbie@outlook.com,14,1737.54,3.3214285714285716,124.11,0,0,3,Casual Learners
U01935,morgan05,33,0,wilsonkevin@outlook.com,1,0.0,2.43,0.0,9,2,0,Budget Learners
U01936,aramsey,23,1,lnguyen@outlook.com,2,0.0,4.1850000000000005,0.0,2,1,1,Professional Learners
U01937,hcharles,21,0,larry13@outlook.com,1,0.0,3.64,0.0,0,1,0,Budget Learners
U01938,cynthiakoch,33,0,brownpatricia@gmail.com,2,490.9,4.345,245.45,0,1,2,Premium Learners
U01939,wayne63,35,1,townsenddonald@yahoo.com,4,418.61,2.975,104.6525,3,2,1,Professional Learners
U01940,shaffertravis,16,0,diazchristopher@hotmail.com,2,276.37,3.41,138.185,4,0,0,Budget Learners
U01941,charlessullivan,26,0,laura74@yahoo.com,1,89.59,2.68,89.59,0,2,0,Budget Learners
U01942,mike82,27,1,lindsey50@yahoo.com,1,0.0,3.45,0.0,10,2,1,Professional Learners
U01943,james23,17,1,sarahscott@yahoo.com,14,1499.75,3.733571428571429,107.125,6,2,3,Casual Learners
U01944,lisa00,19,0,amandawarren@gmail.com,2,0.0,3.875,0.0,3,1,0,Budget Learners
U01945,bakerkimberly,29,0,mcclainsean@gmail.com,1,342.61,4.84,342.61,10,2,2,Premium Learners
U01946,oschmidt,19,0,seanmueller@hotmail.com,1,0.0,1.73,0.0,7,2,0,Budget Learners
U01947,gilmorebrent,27,0,jeremynavarro@yahoo.com,1,0.0,4.1,0.0,6,2,0,Budget Learners
U01948,keith04,33,0,kimberlyroberts@hotmail.com,1,276.37,2.72,276.37,4,0,2,Premium Learners
U01949,iwest,19,1,clayton00@outlook.com,1,0.0,1.73,0.0,7,2,1,Professional Learners
U01950,juarezkatherine,29,1,jeanne26@outlook.com,2,0.0,1.8699999999999999,0.0,7,0,1,Professional Learners
U01951,tara17,19,0,alexissimmons@yahoo.com,3,0.0,3.3333333333333335,0.0,2,1,0,Budget Learners
U01952,williamscaleb,15,0,austin19@hotmail.com,2,0.0,1.8699999999999999,0.0,4,0,0,Budget Learners
U01953,stevenfox,19,1,amyhorne@outlook.com,15,1263.45,3.4553333333333334,84.23,3,2,3,Casual Learners
U01954,ujoyce,35,1,moransusan@gmail.com,1,0.0,3.32,0.0,11,1,1,Professional Learners
U01955,ochoaphillip,29,0,theresa83@yahoo.com,1,0.0,4.14,0.0,6,1,0,Budget Learners
U01956,jlong,34,1,billyanderson@outlook.com,1,0.0,2.88,0.0,9,1,1,Professional Learners
U01957,carl93,30,1,stephaniedougherty@outlook.com,1,0.0,4.79,0.0,8,0,1,Professional Learners
U01958,elopez,16,1,william09@yahoo.com,12,1580.86,3.1658333333333335,131.73833333333332,6,0,3,Casual Learners
U01959,sandrarogers,26,0,ykelly@gmail.com,12,1347.93,3.0725,112.3275,2,0,3,Casual Learners
U01960,molinacarly,19,0,fernando50@gmail.com,1,326.02,2.69,326.02,1,2,2,Premium Learners
U01961,jordancole,30,1,douglas62@gmail.com,14,914.14,3.02,65.29571428571428,10,1,3,Casual Learners
U01962,ramosvalerie,19,1,jonathan98@hotmail.com,11,1558.3899999999999,3.3654545454545457,141.67181818181817,4,1,3,Casual Learners
U01963,pricejessica,30,1,josebell@gmail.com,1,327.99,1.51,327.99,10,1,2,Premium Learners
U01964,mayandrea,32,1,nmoore@hotmail.com,4,276.37,3.2125,69.0925,3,0,1,Professional Learners
U01965,ppham,19,0,sellerswilliam@yahoo.com,1,0.0,4.1,0.0,6,2,0,Budget Learners
U01966,lthornton,25,0,bethany09@outlook.com,4,576.09,1.88,144.0225,0,1,2,Premium Learners
U01967,jamespoole,27,0,gabrielladavis@outlook.com,1,0.0,1.91,0.0,2,2,0,Budget Learners
U01968,riveralisa,30,0,ruizmark@gmail.com,2,415.51,3.7750000000000004,207.755,0,1,2,Premium Learners
U01969,beckkim,26,1,carolynweeks@hotmail.com,1,248.1,1.2,248.1,0,1,2,Premium Learners
U01970,janetsnyder,16,0,kimberly01@hotmail.com,2,0.0,3.465,0.0,5,0,0,Budget Learners
U01971,davidsmith,17,0,todd55@outlook.com,1,0.0,4.79,0.0,8,0,0,Budget Learners
U01972,jennifer19,18,1,mollybaker@outlook.com,1,0.0,3.85,0.0,9,1,1,Professional Learners
U01973,parsonsdeanna,30,1,tparrish@hotmail.com,1,0.0,2.43,0.0,9,2,1,Professional Learners
U01974,ashley84,31,0,vjohnson@gmail.com,2,490.9,4.5,245.45,0,0,2,Premium Learners
U01975,brendabaker,29,1,smithguy@outlook.com,1,394.26,1.35,394.26,2,2,2,Premium Learners
U01976,pfinley,24,1,cmosley@gmail.com,1,0.0,4.73,0.0,7,2,1,Professional Learners
U01977,jesseaguilar,32,1,donnajames@gmail.com,2,89.59,2.3449999999999998,44.795,0,0,1,Professional Learners
U01978,ballardjulie,26,1,stephensullivan@gmail.com,1,89.59,2.68,89.59,0,2,1,Professional Learners
U01979,jerry02,25,0,whitecasey@yahoo.com,12,1259.32,2.4908333333333332,104.94333333333333,1,1,3,Casual Learners
U01980,zsanchez,15,0,trevorleonard@outlook.com,1,0.0,4.1,0.0,6,2,0,Budget Learners
U01981,zreed,27,0,stephaniethornton@outlook.com,1,0.0,3.6,0.0,3,2,0,Budget Learners
U01982,znelson,35,0,jeffreycarpenter@gmail.com,1,276.37,2.72,276.37,4,0,2,Premium Learners
U01983,hrosales,29,0,garrettbarbara@yahoo.com,1,53.86,2.47,53.86,6,1,0,Budget Learners
U01984,adamlewis,15,0,melissa46@hotmail.com,1,0.0,2.14,0.0,5,1,0,Budget Learners
U01985,wrightjonathan,22,0,rfoster@gmail.com,1,0.0,3.32,0.0,11,1,0,Budget Learners
U01986,victor49,29,0,steven68@gmail.com,1,346.71,1.23,346.71,10,0,2,Premium Learners
U01987,ashleyhodges,15,1,xanderson@outlook.com,13,1332.16,3.0484615384615386,102.47384615384615,1,1,3,Casual Learners
U01988,thompsontyler,17,0,rcase@hotmail.com,1,490.9,4.55,490.9,0,1,2,Premium Learners
U01989,erica39,26,0,lauradelacruz@hotmail.com,13,822.52,3.163846153846154,63.27076923076923,6,0,3,Casual Learners
U01990,mcdonaldnancy,16,1,robertsdavid@hotmail.com,2,0.0,3.07,0.0,1,0,1,Professional Learners
U01991,aliciavance,16,0,paul27@outlook.com,3,363.90999999999997,1.8366666666666667,121.30333333333333,1,0,0,Budget Learners
U01992,cruzraymond,18,1,scott44@yahoo.com,2,346.71,2.34,173.355,10,0,1,Professional Learners
U01993,bradley00,23,0,markclark@yahoo.com,14,1263.01,2.9014285714285712,90.215,6,1,3,Casual Learners
U01994,cameronwilliams,20,0,wesley31@gmail.com,11,1198.07,3.241818181818182,108.91545454545454,0,1,3,Casual Learners
U01995,evansmarie,35,0,brianlane@hotmail.com,1,0.0,1.81,0.0,7,0,0,Budget Learners
U01996,brianlittle,29,0,matthew92@hotmail.com,1,394.26,1.35,394.26,2,2,2,Premium Learners
U01997,melissa23,16,1,ztaylor@gmail.com,1,346.71,1.23,346.71,10,0,2,Premium Learners
U01998,christopher36,23,1,courtney73@outlook.com,15,1587.13,2.9013333333333335,105.80866666666667,2,2,3,Casual Learners
U01999,marissa62,17,0,vbowen@yahoo.com,2,906.41,3.83,453.205,0,1,2,Premium Learners
U02000,kathryn80,32,1,john49@outlook.com,2,57.32,3.13,28.66,4,0,1,Professional Learners
U02001,kimberlywilliams,30,1,mark43@outlook.com,1,0.0,1.81,0.0,7,0,1,Professional Learners
U02002,qturner,23,0,williamyoung@gmail.com,1,0.0,4.73,0.0,7,2,0,Budget Learners
U02003,ledanielle,31,1,jeremybrooks@gmail.com,4,490.9,3.4,122.725,0,0,1,Professional Learners
U02004,zdavidson,27,1,wgill@hotmail.com,1,342.61,4.84,342.61,10,2,2,Premium Learners
U02005,smithjonathan,27,1,ganderson@outlook.com,1,0.0,4.14,0.0,6,1,1,Professional Learners
U02006,mccoysarah,34,1,alan64@gmail.com,1,0.0,1.91,0.0,2,2,1,Professional Learners
U02007,cassieharper,25,0,dawsonandrew@hotmail.com,1,0.0,4.14,0.0,6,1,0,Budget Learners
U02008,mallory85,25,1,donnamacdonald@yahoo.com,1,0.0,4.11,0.0,8,2,1,Professional Learners
U02009,singhtracy,34,1,joshua71@hotmail.com,1,299.57,3.74,299.57,3,1,2,Premium Learners
U02010,harveygregory,31,1,pricesavannah@gmail.com,14,1880.52,3.4785714285714286,134.32285714285715,5,1,3,Casual Learners
U02011,lindsaysteele,27,1,katherinehenson@outlook.com,1,0.0,3.32,0.0,11,1,1,Professional Learners
U02012,laurahendricks,17,0,paul34@outlook.com,1,37.89,1.3,37.89,11,0,0,Budget Learners
U02013,yjoseph,29,0,john33@gmail.com,2,0.0,4.045,0.0,0,0,0,Budget Learners
U02014,andrewyoung,23,0,bbarnett@yahoo.com,3,54.64,3.766666666666667,18.213333333333335,2,1,0,Budget Learners
U02015,christopherrobinson,30,1,kennethsantiago@yahoo.com,14,1209.15,3.267142857142857,86.36785714285715,2,1,3,Casual Learners
U02016,wlee,25,1,zbrooks@hotmail.com,1,0.0,3.64,0.0,0,1,1,Professional Learners
U02017,kimberlygriffin,22,0,brittany31@gmail.com,2,53.86,3.16,26.93,6,1,0,Budget Learners
U02018,melissaedwards,35,1,xbraun@yahoo.com,1,0.0,1.28,0.0,9,1,1,Professional Learners
U02019,schwartzandrew,25,0,robert67@yahoo.com,3,269.71,3.736666666666667,89.90333333333332,11,0,0,Budget Learners
U02020,davidmorse,18,1,edward77@yahoo.com,1,0.0,1.13,0.0,7,1,1,Professional Learners
U02021,ashleygonzales,25,0,ytanner@hotmail.com,1,0.0,2.38,0.0,2,0,0,Budget Learners
U02022,thomasmichelle,27,0,scott77@outlook.com,11,958.29,2.5536363636363637,87.11727272727272,9,1,3,Casual Learners
U02023,savery,31,0,richard67@hotmail.com,2,0.0,3.165,0.0,9,1,0,Budget Learners
U02024,paulmccullough,24,0,brentjohnson@yahoo.com,2,0.0,3.22,0.0,1,0,0,Budget Learners
U02025,juliesnyder,21,1,ulopez@gmail.com,1,276.37,2.72,276.37,4,0,2,Premium Learners
U02026,danielle92,19,0,amyrobinson@outlook.com,1,0.0,1.13,0.0,7,1,0,Budget Learners
U02027,tami42,28,1,steven35@outlook.com,1,0.0,2.14,0.0,5,1,1,Professional Learners
U02028,mariejohnson,35,0,markjacobs@gmail.com,2,0.0,2.6399999999999997,0.0,4,0,0,Budget Learners
U02029,haynesscott,28,1,jillian99@yahoo.com,1,342.61,4.84,342.61,10,2,2,Premium Learners
U02030,brenda53,28,0,jessica38@yahoo.com,1,117.68,2.57,117.68,3,0,0,Budget Learners
U02031,simmonsmartin,20,1,crystal76@yahoo.com,2,119.04,1.94,59.52,6,1,1,Professional Learners
U02032,nwebb,17,1,kimberlysmith@yahoo.com,2,0.0,3.06,0.0,10,0,1,Professional Learners
U02033,jasmineharris,25,1,goodwinmichael@outlook.com,1,0.0,2.98,0.0,8,0,1,Professional Learners
U02034,garrettjenkins,31,0,stevensadam@hotmail.com,1,117.68,2.57,117.68,3,0,0,Budget Learners
U02035,andersondavid,32,1,johnsonrobert@outlook.com,15,1531.93,2.872,102.12866666666667,1,0,3,Casual Learners
U02036,james18,26,1,lindsey11@yahoo.com,2,89.59,2.245,44.795,0,0,1,Professional Learners
U02037,wmacias,18,0,parkerdylan@hotmail.com,2,327.99,2.8049999999999997,163.995,6,1,0,Budget Learners
U02038,leonardcalvin,32,0,clarkcameron@yahoo.com,11,519.95,3.689090909090909,47.26818181818182,10,0,3,Casual Learners
U02039,tonyoliver,29,1,virginia52@outlook.com,13,1893.39,3.3876923076923076,145.64538461538461,0,1,3,Casual Learners
U02040,uphillips,30,1,parksalyssa@yahoo.com,1,0.0,3.6,0.0,3,2,1,Professional Learners
U02041,hbarnes,34,1,leesteven@gmail.com,3,37.89,2.54,12.63,4,0,1,Professional Learners
U02042,downsjulian,32,0,gabriel66@gmail.com,1,0.0,3.45,0.0,10,2,0,Budget Learners
U02043,patelrebekah,23,0,novakmark@outlook.com,1,0.0,3.15,0.0,1,0,0,Budget Learners
U02044,marilynglover,24,0,james43@gmail.com,2,0.0,3.89,0.0,2,1,0,Budget Learners
U02045,butlermichael,28,0,bbolton@yahoo.com,1,0.78,3.89,0.78,7,0,0,Budget Learners
U02046,nicole90,17,1,moorerachel@gmail.com,1,0.0,3.32,0.0,11,1,1,Professional Learners
U02047,mark74,18,0,erin97@yahoo.com,1,0.0,4.68,0.0,10,1,0,Budget Learners
U02048,amypayne,19,0,jasminewarner@outlook.com,1,89.59,2.68,89.59,0,2,0,Budget Learners
U02049,dfitzgerald,22,1,andrew00@gmail.com,1,248.1,1.2,248.1,0,1,2,Premium Learners
U02050,lcrawford,28,1,williamlowe@hotmail.com,3,0.0,2.6633333333333336,0.0,3,1,1,Professional Learners
U02051,nielsenannette,31,0,larabrian@hotmail.com,1,342.61,4.84,342.61,10,2,2,Premium Learners
U02052,whitneylee,21,1,wongmichael@gmail.com,2,772.97,2.8,386.485,1,0,2,Premium Learners
U02053,crystal60,19,0,sean60@hotmail.com,1,0.0,2.0,0.0,1,0,0,Budget Learners
U02054,lmcbride,23,1,tbell@gmail.com,2,0.0,2.3150000000000004,0.0,9,1,1,Professional Learners
U02055,jose80,33,0,joseph52@hotmail.com,14,1958.82,3.125,139.91571428571427,1,0,3,Casual Learners
U02056,smithjamie,35,0,lwilson@outlook.com,1,0.0,1.59,0.0,6,0,0,Budget Learners
U02057,timothy68,16,1,romerochristy@gmail.com,2,0.0,2.775,0.0,0,1,1,Professional Learners
U02058,kathleenhernandez,16,1,john36@hotmail.com,13,1253.57,3.017692307692308,96.42846153846153,0,1,3,Casual Learners
U02059,gbanks,20,0,johnsonjimmy@hotmail.com,1,0.0,2.98,0.0,8,0,0,Budget Learners
U02060,johnnybennett,31,0,natalie42@hotmail.com,3,0.0,3.2099999999999995,0.0,3,0,0,Budget Learners
U02061,cohenbeth,25,0,blake71@outlook.com,1,117.68,2.57,117.68,3,0,0,Budget Learners
U02062,martin27,35,1,mlittle@yahoo.com,1,0.0,2.38,0.0,2,0,1,Professional Learners
U02063,hmcdonald,26,1,zbullock@gmail.com,2,37.89,1.4100000000000001,18.945,4,0,1,Professional Learners
U02064,debra55,35,1,xford@gmail.com,15,2068.0,3.108,137.86666666666667,0,1,3,Casual Learners
U02065,mary34,20,1,sandersvirginia@outlook.com,2,0.0,2.195,0.0,2,0,1,Professional Learners
U02066,adamcamacho,18,1,qhammond@outlook.com,1,0.0,4.73,0.0,7,2,1,Professional Learners
U02067,kinglaurie,26,0,abradford@hotmail.com,1,0.0,3.6,0.0,3,2,0,Budget Learners
U02068,harperjoshua,15,1,william40@gmail.com,13,1233.26,3.433076923076923,94.86615384615385,9,1,3,Casual Learners
U02069,cassandra76,18,1,davidweber@gmail.com,1,0.0,3.6,0.0,3,2,1,Professional Learners
U02070,jeffreypham,31,0,imarquez@gmail.com,1,342.61,4.84,342.61,10,2,2,Premium Learners
U02071,stevensvalerie,24,1,matthewmcmillan@outlook.com,13,906.51,3.3,69.73153846153846,0,2,3,Casual Learners
U02072,williammarsh,16,1,rsmith@hotmail.com,1,0.0,2.01,0.0,8,0,1,Professional Learners
U02073,parkertara,19,0,markjohnson@yahoo.com,2,37.89,2.45,18.945,3,0,0,Budget Learners
U02074,sburns,27,0,danieltucker@gmail.com,14,1691.76,2.7935714285714286,120.84,3,1,3,Casual Learners
U02075,stephaniechavez,26,1,powellelizabeth@outlook.com,1,0.0,4.1,0.0,6,2,1,Professional Learners
U02076,gardnershane,24,0,monicagreer@outlook.com,1,0.0,2.61,0.0,4,0,0,Budget Learners
U02077,singhalbert,24,1,jmorse@hotmail.com,14,856.78,3.0635714285714286,61.19857142857143,11,1,3,Casual Learners
U02078,diamondgonzalez,34,0,rayanthony@hotmail.com,2,342.37,3.35,171.185,1,0,0,Budget Learners
U02079,briancoleman,29,0,xmeyer@yahoo.com,1,0.0,1.91,0.0,2,2,0,Budget Learners
U02080,obrandt,33,1,patrick16@gmail.com,2,833.51,4.695,416.755,0,1,2,Premium Learners
U02081,carmenbrooks,19,0,jenkinsevan@gmail.com,2,119.04,2.135,59.52,4,0,0,Budget Learners
U02082,richard11,26,0,natalie18@hotmail.com,1,0.0,2.2,0.0,11,1,0,Budget Learners
U02083,bakertyler,27,0,nathanburch@gmail.com,2,487.92,2.92,243.96,1,0,2,Premium Learners
U02084,ashley58,21,0,deborahsanders@yahoo.com,3,0.78,3.476666666666667,0.26,7,2,0,Budget Learners
U02085,sshaffer,22,0,norrisdiana@outlook.com,1,0.0,1.52,0.0,4,0,0,Budget Learners
U02086,xrussell,30,1,oduran@outlook.com,2,342.61,4.22,171.305,3,2,1,Professional Learners
U02087,stonewalter,28,0,cburke@hotmail.com,1,0.0,4.68,0.0,10,1,0,Budget Learners
U02088,amandacardenas,18,0,huffmanpaul@gmail.com,1,0.0,4.11,0.0,8,2,0,Budget Learners
U02089,dannyrosario,16,0,martinstephanie@gmail.com,1,0.0,3.64,0.0,0,1,0,Budget Learners
U02090,kennethhughes,22,0,pstuart@outlook.com,1,0.0,3.65,0.0,3,1,0,Budget Learners
U02091,bianca39,27,1,allendavid@yahoo.com,3,37.89,1.4466666666666665,12.63,2,0,1,Professional Learners
U02092,tiffany14,25,0,martineric@yahoo.com,1,89.59,2.68,89.59,0,2,0,Budget Learners
U02093,joshua56,18,1,christopherthompson@yahoo.com,2,248.1,2.8200000000000003,124.05,0,1,1,Professional Learners
U02094,wrightstephanie,24,0,jonathangarcia@gmail.com,11,394.26,3.0090909090909093,35.841818181818184,2,1,3,Casual Learners
U02095,ngeorge,32,0,yfry@yahoo.com,1,119.04,2.75,119.04,6,2,0,Budget Learners
U02096,jprice,31,1,salinasdaniel@yahoo.com,13,815.44,3.646153846153846,62.72615384615385,7,2,3,Casual Learners
U02097,jeannecole,15,0,jacksonaaron@outlook.com,2,327.99,3.01,163.995,4,1,0,Budget Learners
U02098,grahamdouglas,25,1,timothywoods@yahoo.com,13,1137.72,2.5907692307692307,87.51692307692308,1,0,3,Casual Learners
U02099,christopher01,21,0,joshua64@yahoo.com,1,394.26,1.35,394.26,2,2,2,Premium Learners
U02100,francisholly,15,0,dacosta@gmail.com,1,248.1,1.2,248.1,0,1,2,Premium Learners
U02101,paynecourtney,27,1,jenkinschristina@gmail.com,1,37.89,1.3,37.89,11,0,1,Professional Learners
U02102,richardsingh,20,0,luis72@gmail.com,3,0.0,3.546666666666667,0.0,2,2,0,Budget Learners
U02103,wwalker,33,1,harrisadam@outlook.com,3,472.28,4.076666666666667,157.42666666666665,9,1,1,Professional Learners
U02104,billjones,15,1,fwilliams@yahoo.com,1,0.0,3.6,0.0,3,2,1,Professional Learners
U02105,kbrown,32,0,amcgrath@outlook.com,1,394.26,1.35,394.26,2,2,2,Premium Learners
U02106,ryan68,28,0,davidsonjennifer@yahoo.com,1,0.0,2.38,0.0,2,0,0,Budget Learners
U02107,izimmerman,31,1,torresmichelle@gmail.com,2,0.0,2.615,0.0,0,0,1,Professional Learners
U02108,cesar18,27,0,rebeccakent@yahoo.com,1,0.0,1.13,0.0,7,1,0,Budget Learners
U02109,monicayoung,23,1,logan02@hotmail.com,1,0.0,2.67,0.0,11,0,1,Professional Learners
U02110,nathaniel05,25,1,hdelgado@yahoo.com,1,276.37,2.72,276.37,4,0,2,Premium Learners
U02111,amandamorris,21,1,washingtonamy@outlook.com,1,0.0,3.93,0.0,2,2,1,Professional Learners
U02112,edwin13,22,0,karen97@gmail.com,2,0.0,4.165,0.0,3,1,0,Budget Learners
U02113,johnrangel,28,0,mendezchristopher@yahoo.com,2,327.99,2.48,163.995,10,1,0,Budget Learners
U02114,stuartriley,32,1,hudsonheather@gmail.com,1,0.0,2.14,0.0,5,1,1,Professional Learners
U02115,sharon51,18,1,martinkaren@outlook.com,1,0.0,1.13,0.0,7,1,1,Professional Learners
U02116,frank20,32,0,osherman@yahoo.com,1,342.61,4.84,342.61,10,2,2,Premium Learners
U02117,rknight,31,1,fletchermatthew@outlook.com,1,0.0,2.88,0.0,9,1,1,Professional Learners
U02118,travis60,27,1,jrichardson@yahoo.com,1,0.0,3.85,0.0,9,1,1,Professional Learners
U02119,cookecurtis,24,0,oneillmario@outlook.com,1,0.0,1.91,0.0,2,2,0,Budget Learners
U02120,garyhaley,19,1,sanchezashley@outlook.com,2,89.59,2.295,44.795,0,2,1,Professional Learners
U02121,pinedaamanda,16,0,michelle69@hotmail.com,1,415.51,3.11,415.51,0,2,2,Premium Learners
U02122,millerjocelyn,32,0,randolphgina@outlook.com,2,0.0,4.5649999999999995,0.0,4,0,0,Budget Learners
U02123,oneillcarolyn,32,1,sjimenez@gmail.com,2,415.51,3.6049999999999995,207.755,0,2,2,Premium Learners
U02124,smithtony,15,0,emccoy@gmail.com,1,0.0,3.32,0.0,11,1,0,Budget Learners
U02125,hsharp,31,0,sarah08@outlook.com,13,1813.93,3.108461538461538,139.53307692307692,0,0,3,Casual Learners
U02126,pholland,22,0,matthewmoyer@yahoo.com,1,0.0,1.73,0.0,7,2,0,Budget Learners
U02127,kelleyeric,21,0,barberwilliam@outlook.com,2,0.0,3.0650000000000004,0.0,2,1,0,Budget Learners
U02128,caleb55,30,1,jasonthomas@hotmail.com,1,0.0,1.52,0.0,4,0,1,Professional Learners
U02129,woodholly,20,0,burnstim@outlook.com,2,0.0,3.66,0.0,5,1,0,Budget Learners
U02130,kristen77,19,1,kelli90@outlook.com,1,212.39,3.15,212.39,5,0,1,Professional Learners
U02131,nathan19,27,0,karamcgee@outlook.com,1,0.0,2.14,0.0,5,1,0,Budget Learners
U02132,kochjennifer,20,0,katherinemarshall@hotmail.com,2,0.0,3.585,0.0,9,1,0,Budget Learners
U02133,hwalker,21,1,epatterson@outlook.com,2,0.78,4.17,0.39,4,0,1,Professional Learners
U02134,ethomas,31,0,lee15@yahoo.com,1,0.0,4.14,0.0,6,1,0,Budget Learners
U02135,heather03,31,1,jacqueline17@yahoo.com,1,0.0,4.14,0.0,6,1,1,Professional Learners
U02136,patrick78,33,1,yhicks@gmail.com,1,0.0,3.15,0.0,1,0,1,Professional Learners
U02137,debra52,30,1,vthomas@hotmail.com,1,285.05,1.96,285.05,1,1,2,Premium Learners
U02138,inixon,19,0,kathrynshields@yahoo.com,2,490.9,3.1799999999999997,245.45,0,0,2,Premium Learners
U02139,jorgejohnson,23,1,christophergilbert@gmail.com,1,0.78,3.89,0.78,7,0,1,Professional Learners
U02140,lisahoward,21,0,manuelbailey@yahoo.com,1,326.02,2.69,326.02,1,2,2,Premium Learners
U02141,morrisonanthony,17,1,gmartinez@hotmail.com,2,276.37,3.41,138.185,4,0,1,Professional Learners
U02142,srose,26,0,beandawn@outlook.com,4,212.39,3.1525,53.0975,2,0,0,Budget Learners
U02143,harveymarie,24,1,davidrobinson@gmail.com,3,155.57,1.9266666666666665,51.85666666666666,2,0,1,Professional Learners
U02144,isaiah46,15,1,larrygray@gmail.com,14,1768.1100000000001,3.064285714285714,126.29357142857144,0,2,3,Casual Learners
U02145,jeffreymartin,16,0,johnsonrebecca@yahoo.com,1,0.0,2.67,0.0,11,0,0,Budget Learners
U02146,denise68,17,1,sharon71@gmail.com,1,0.0,2.01,0.0,8,0,1,Professional Learners
U02147,ernestshaw,33,1,pyoung@hotmail.com,15,1788.0,3.0973333333333333,119.2,11,2,3,Casual Learners
U02148,criley,31,0,laurensutton@hotmail.com,1,346.71,1.23,346.71,10,0,2,Premium Learners
U02149,yking,21,0,davisjulie@outlook.com,15,1208.6599999999999,3.4459999999999997,80.57733333333333,2,0,3,Casual Learners
U02150,blogan,16,0,haleyclayton@outlook.com,1,0.0,1.91,0.0,2,2,0,Budget Learners
U02151,jennifer75,18,0,gschroeder@gmail.com,13,2232.52,3.48,171.7323076923077,0,1,3,Casual Learners
U02152,foxryan,35,0,vodonnell@outlook.com,13,2323.13,3.1138461538461537,178.7023076923077,10,1,3,Casual Learners
U02153,hallchristopher,18,0,michael98@gmail.com,13,1672.28,2.9407692307692304,128.63692307692307,3,1,3,Casual Learners
U02154,david23,16,1,lisa13@gmail.com,3,837.6099999999999,3.503333333333334,279.2033333333333,0,0,2,Premium Learners
U02155,antonio50,16,0,mariahamilton@gmail.com,14,623.14,2.9678571428571425,44.51,3,1,3,Casual Learners
U02156,christine62,34,0,melissa26@hotmail.com,1,0.0,3.6,0.0,3,2,0,Budget Learners
U02157,nschmidt,29,1,aprilpeters@yahoo.com,3,0.0,4.386666666666667,0.0,0,0,1,Professional Learners
U02158,wwhitney,17,0,spearsjennifer@gmail.com,4,748.65,3.1725000000000003,187.1625,4,1,2,Premium Learners
U02159,gibsonmariah,29,0,ericsantana@outlook.com,2,327.99,3.085,163.995,5,1,0,Budget Learners
U02160,brenda07,21,0,emily02@yahoo.com,1,0.0,2.01,0.0,8,0,0,Budget Learners
U02161,blewis,23,0,michelle01@outlook.com,14,822.39,3.3264285714285715,58.74214285714286,4,0,3,Casual Learners
U02162,tsims,25,1,dcobb@yahoo.com,1,0.0,2.14,0.0,5,1,1,Professional Learners
U02163,kennedydavid,29,1,colecarlos@hotmail.com,1,0.0,2.2,0.0,11,1,1,Professional Learners
U02164,robert57,25,0,lchoi@gmail.com,1,0.0,3.85,0.0,9,1,0,Budget Learners
U02165,juan87,18,1,lisa36@yahoo.com,1,0.0,2.67,0.0,11,0,1,Professional Learners
U02166,xcardenas,27,1,andrew79@yahoo.com,1,0.0,1.13,0.0,7,1,1,Professional Learners
U02167,thomaswhitney,25,0,jacksonjennifer@outlook.com,3,342.61,3.1966666666666668,114.20333333333333,3,2,0,Budget Learners
U02168,david71,34,1,bowmancaitlin@yahoo.com,1,0.0,4.14,0.0,6,1,1,Professional Learners
U02169,patricia11,32,0,rojasmichael@yahoo.com,1,0.0,1.91,0.0,2,2,0,Budget Learners
U02170,joshuasmith,24,1,steven49@hotmail.com,1,472.28,4.74,472.28,9,1,2,Premium Learners
U02171,andersontina,31,1,mortondana@hotmail.com,2,57.32,4.195,28.66,3,0,1,Professional Learners
U02172,fuentesmaxwell,34,1,valerie27@yahoo.com,1,0.0,2.98,0.0,8,0,1,Professional Learners
U02173,perezrenee,22,0,cswanson@gmail.com,1,326.02,2.69,326.02,1,2,2,Premium Learners
U02174,hornanthony,17,0,ariasjessica@gmail.com,14,1787.88,3.0914285714285716,127.7057142857143,0,2,3,Casual Learners
U02175,lmurray,15,0,aguilarcatherine@hotmail.com,2,0.0,2.9749999999999996,0.0,6,0,0,Budget Learners
U02176,yglover,23,1,andradejason@outlook.com,1,117.68,2.57,117.68,3,0,1,Professional Learners
U02177,xherrera,35,1,tanya49@hotmail.com,1,472.28,4.74,472.28,9,1,2,Premium Learners
U02178,kellymontoya,21,0,tannerhopkins@hotmail.com,1,0.0,3.93,0.0,2,2,0,Budget Learners
U02179,rachel77,27,0,dillonbradley@gmail.com,2,0.0,2.705,0.0,8,0,0,Budget Learners
U02180,mhuerta,31,0,turneralexandra@gmail.com,4,0.0,2.27,0.0,1,0,0,Budget Learners
U02181,hbates,27,0,johnwebb@outlook.com,2,342.61,3.49,171.305,5,1,0,Budget Learners
U02182,maria47,29,1,bradley99@hotmail.com,2,0.0,2.8,0.0,1,0,1,Professional Learners
U02183,ronald54,19,1,scottbrooke@hotmail.com,1,117.68,2.57,117.68,3,0,1,Professional Learners
U02184,whiteheidi,20,0,brittney48@gmail.com,2,177.34,3.77,88.67,3,0,0,Budget Learners
U02185,forbessherry,16,1,rodgerscynthia@yahoo.com,2,0.0,4.585,0.0,4,1,1,Professional Learners
U02186,zmueller,29,1,rwilliams@gmail.com,4,363.90999999999997,2.665,90.97749999999999,1,2,1,Professional Learners
U02187,josephperry,21,1,bishoptiffany@gmail.com,2,57.32,4.735,28.66,7,0,1,Professional Learners
U02188,littlejulie,17,0,jamesrusso@yahoo.com,1,0.0,1.28,0.0,9,1,0,Budget Learners
U02189,angela86,18,1,billygibson@hotmail.com,1,0.0,4.94,0.0,2,1,1,Professional Learners
U02190,sarah34,19,1,justin83@gmail.com,4,453.4,2.835,113.35,11,2,1,Professional Learners
U02191,potterjessica,24,1,vicki84@outlook.com,4,37.89,2.3275,9.4725,9,1,1,Professional Learners
U02192,agonzalez,22,0,patriciasexton@outlook.com,2,0.0,3.37,0.0,7,0,0,Budget Learners
U02193,matthew54,20,1,harmonjill@gmail.com,2,0.0,4.69,0.0,2,1,1,Professional Learners
U02194,rhodeskimberly,18,1,david53@yahoo.com,2,790.47,4.145,395.235,0,1,2,Premium Learners
U02195,stoneamy,27,0,sherry47@outlook.com,1,0.0,2.0,0.0,1,0,0,Budget Learners
U02196,mirandacooper,31,0,brian28@hotmail.com,1,248.1,1.2,248.1,0,1,2,Premium Learners
U02197,mortontheresa,24,0,katherine61@yahoo.com,2,0.0,4.76,0.0,7,0,0,Budget Learners
U02198,danielhoffman,17,0,guerrerowilliam@yahoo.com,2,0.0,1.77,0.0,7,0,0,Budget Learners
U02199,qball,27,1,tchambers@hotmail.com,12,841.2900000000001,2.9525,70.1075,6,0,3,Casual Learners
U02200,michaelfuentes,23,1,richard59@yahoo.com,2,618.98,3.7800000000000002,309.49,4,0,2,Premium Learners
U02201,lauriealexander,20,1,michaela21@outlook.com,1,326.02,2.69,326.02,1,2,2,Premium Learners
U02202,yallen,28,1,tracy94@gmail.com,1,0.0,4.73,0.0,7,2,1,Professional Learners
U02203,jeffreymartinez,31,0,gonzalezashley@gmail.com,1,0.0,4.94,0.0,2,1,0,Budget Learners
U02204,danny36,16,0,qmoss@gmail.com,1,327.99,1.51,327.99,10,1,2,Premium Learners
U02205,amiddleton,34,0,brandon03@hotmail.com,1,0.0,3.65,0.0,3,1,0,Budget Learners
U02206,evansnicole,31,1,hannahmurray@outlook.com,3,0.0,3.5866666666666664,0.0,3,2,1,Professional Learners
U02207,sandramarshall,33,0,crystalroberts@outlook.com,1,0.0,2.0,0.0,1,0,0,Budget Learners
U02208,ssanders,30,1,michael60@hotmail.com,2,327.99,2.245,163.995,8,0,1,Professional Learners
U02209,vmitchell,24,1,eric25@yahoo.com,1,0.0,2.2,0.0,11,1,1,Professional Learners
U02210,yvonnemcguire,33,1,jessica81@yahoo.com,1,0.0,4.79,0.0,8,0,1,Professional Learners
U02211,ericreynolds,23,1,pcole@yahoo.com,1,0.0,4.11,0.0,8,2,1,Professional Learners
U02212,jeffrey00,33,1,wilsoncrystal@yahoo.com,15,1164.95,2.9093333333333335,77.66333333333334,3,1,3,Casual Learners
U02213,walterwalker,17,1,carolineoconnell@hotmail.com,1,342.61,4.84,342.61,10,2,2,Premium Learners
U02214,prestonerik,20,0,hubbarderic@yahoo.com,4,322.94,2.6975000000000002,80.735,1,1,0,Budget Learners
U02215,robertsonjessica,32,1,xferguson@hotmail.com,11,595.5899999999999,3.1072727272727274,54.144545454545444,6,0,3,Casual Learners
U02216,garciamitchell,26,0,robert46@yahoo.com,2,89.59,2.915,44.795,0,0,0,Budget Learners
U02217,williamsmichael,21,1,ygarcia@hotmail.com,14,722.87,2.8850000000000002,51.63357142857143,1,0,3,Casual Learners
U02218,duffymegan,17,1,tammy52@outlook.com,1,0.0,2.98,0.0,8,0,1,Professional Learners
U02219,benjaminsmith,29,1,megan60@yahoo.com,1,0.0,2.43,0.0,9,2,1,Professional Learners
U02220,kathyrobertson,30,1,jonessarah@yahoo.com,1,472.28,4.74,472.28,9,1,2,Premium Learners
U02221,christopher46,19,0,pmcdowell@hotmail.com,1,0.0,4.72,0.0,8,2,0,Budget Learners
U02222,pamelajones,23,1,brandy63@yahoo.com,1,394.26,1.35,394.26,2,2,2,Premium Learners
U02223,wardapril,22,0,westdana@hotmail.com,1,0.0,4.14,0.0,6,1,0,Budget Learners
U02224,mbowman,18,0,jamieclark@hotmail.com,13,772.15,2.778461538461538,59.396153846153844,0,0,3,Casual Learners
U02225,michaelgriffin,33,0,wjones@hotmail.com,2,119.04,2.33,59.52,2,2,0,Budget Learners
U02226,gjones,20,0,xwatkins@hotmail.com,2,490.9,3.035,245.45,0,0,2,Premium Learners
U02227,tranrobert,21,0,nicole94@outlook.com,1,394.26,1.35,394.26,2,2,2,Premium Learners
U02228,mwheeler,19,1,eduncan@outlook.com,2,0.0,3.9749999999999996,0.0,6,1,1,Professional Learners
U02229,rosejessica,34,0,harrisdebra@yahoo.com,2,0.0,2.88,0.0,2,1,0,Budget Learners
U02230,josephgonzalez,32,0,ashley10@gmail.com,1,0.0,4.1,0.0,6,2,0,Budget Learners
U02231,josephwilliams,20,1,qfields@hotmail.com,13,817.99,3.338461538461538,62.92230769230769,3,1,3,Casual Learners
U02232,emanning,26,0,dbond@gmail.com,1,0.0,1.52,0.0,4,0,0,Budget Learners
U02233,richardpadilla,28,1,zsmith@outlook.com,2,299.57,4.09,149.785,3,1,1,Professional Learners
U02234,toddrodriguez,31,0,sean23@hotmail.com,1,0.0,1.59,0.0,6,0,0,Budget Learners
U02235,micheal11,15,0,melissa00@gmail.com,2,337.46,2.52,168.73,3,0,0,Budget Learners
U02236,ule,24,0,brownlacey@gmail.com,1,0.0,1.73,0.0,7,2,0,Budget Learners
U02237,joshua94,16,1,sfrank@gmail.com,1,0.0,4.94,0.0,2,1,1,Professional Learners
U02238,perezmisty,19,0,thomaschandler@yahoo.com,1,0.0,3.15,0.0,1,0,0,Budget Learners
U02239,carriefisher,25,0,meghan28@gmail.com,1,0.0,4.45,0.0,4,0,0,Budget Learners
U02240,hendersonbrandi,33,0,boydadam@yahoo.com,1,0.0,3.85,0.0,9,1,0,Budget Learners
U02241,jesseroach,29,1,molinasteven@yahoo.com,2,301.96,1.835,150.98,0,1,2,Premium Learners
U02242,garcialinda,29,0,tonyacunningham@gmail.com,1,0.0,4.44,0.0,5,1,0,Budget Learners
U02243,garrettconley,16,0,fsingh@outlook.com,1,0.0,4.11,0.0,8,2,0,Budget Learners
U02244,jacksonelizabeth,34,1,kathleen62@outlook.com,1,57.32,4.74,57.32,11,0,1,Professional Learners
U02245,jessicarichardson,22,1,kgriffin@outlook.com,1,472.28,4.74,472.28,9,1,2,Premium Learners
U02246,brittneyyoung,15,0,asilva@hotmail.com,1,89.59,2.68,89.59,0,2,0,Budget Learners
U02247,ejohnson,15,0,ajordan@yahoo.com,1,212.39,3.15,212.39,5,0,0,Budget Learners
U02248,meganvasquez,29,1,crossashley@outlook.com,14,1251.85,2.8449999999999998,89.41785714285713,3,1,3,Casual Learners
U02249,fowlerkimberly,25,0,jacksonryan@hotmail.com,2,117.68,2.59,58.84,3,0,0,Budget Learners
U02250,cherylwheeler,19,0,angelavaughn@hotmail.com,13,1422.4,3.303076923076923,109.41538461538462,8,0,3,Casual Learners
U02251,alexandrajones,35,1,xnelson@gmail.com,1,0.0,3.15,0.0,1,0,1,Professional Learners
U02252,jalexander,29,0,james91@hotmail.com,2,0.0,2.6399999999999997,0.0,4,0,0,Budget Learners
U02253,lisa45,22,0,williamsdavid@gmail.com,1,0.0,2.01,0.0,8,0,0,Budget Learners
U02254,matthewjackson,17,0,ronaldtaylor@gmail.com,15,860.5699999999999,2.8579999999999997,57.37133333333333,1,2,3,Casual Learners
U02255,christopher80,18,0,john03@gmail.com,2,89.59,3.16,44.795,0,1,0,Budget Learners
U02256,shardin,16,0,johnsonjeff@hotmail.com,1,0.0,2.38,0.0,2,0,0,Budget Learners
U02257,mariecastillo,19,0,jamesrogers@hotmail.com,1,0.0,3.6,0.0,3,2,0,Budget Learners
U02258,gordonjulie,21,1,ismith@hotmail.com,16,1617.15,3.14,101.071875,1,0,3,Casual Learners
U02259,barbaramccoy,32,0,toddnelson@gmail.com,2,119.04,2.95,59.52,1,0,0,Budget Learners
U02260,oevans,16,0,nunezashley@yahoo.com,1,346.71,1.23,346.71,10,0,2,Premium Learners
U02261,lawrence64,26,1,wilsonheather@yahoo.com,1,0.0,1.28,0.0,9,1,1,Professional Learners
U02262,lindamartinez,31,0,thomas31@gmail.com,3,0.0,3.61,0.0,3,1,0,Budget Learners
U02263,rick09,29,0,stricklandshelia@yahoo.com,1,346.71,1.23,346.71,10,0,2,Premium Learners
U02264,hannahstewart,28,0,jonathan91@yahoo.com,2,415.51,2.195,207.755,0,1,2,Premium Learners
U02265,anne55,33,1,jennifer40@yahoo.com,2,394.26,1.745,197.13,2,1,2,Premium Learners
U02266,holly07,21,1,bblair@gmail.com,1,490.9,4.55,490.9,0,1,2,Premium Learners
U02267,vgilmore,19,1,johnsonmelissa@outlook.com,1,0.0,3.93,0.0,2,2,1,Professional Learners
U02268,jessicajohnson,29,0,edwardsjudy@gmail.com,2,0.0,2.305,0.0,3,0,0,Budget Learners
U02269,ashley22,32,1,ejohnson@outlook.com,1,0.0,4.66,0.0,5,2,1,Professional Learners
U02270,middletonjames,21,1,jreed@hotmail.com,3,487.92,3.313333333333333,162.64000000000001,1,0,1,Professional Learners
U02271,martinezmichelle,20,1,madisongriffin@yahoo.com,2,57.32,4.595000000000001,28.66,4,0,1,Professional Learners
U02272,gregory53,23,0,hardylaura@outlook.com,1,0.0,2.38,0.0,2,0,0,Budget Learners
U02273,timothy26,28,1,wturner@gmail.com,1,0.0,4.79,0.0,8,0,1,Professional Learners
U02274,jenna07,16,1,victoria09@hotmail.com,2,177.34,4.17,88.67,4,0,1,Professional Learners
U02275,lrobinson,23,0,lrios@outlook.com,2,0.0,4.725,0.0,5,0,0,Budget Learners
U02276,joseph36,34,0,ywaters@outlook.com,1,0.0,1.59,0.0,6,0,0,Budget Learners
U02277,ljones,28,1,kenneth59@gmail.com,1,0.0,3.93,0.0,2,2,1,Professional Learners
U02278,reneecurry,20,1,fryjennifer@outlook.com,1,0.0,2.01,0.0,8,0,1,Professional Learners
U02279,nmcdonald,29,0,lisa39@gmail.com,1,0.0,2.2,0.0,11,1,0,Budget Learners
U02280,timothywalker,26,0,kcannon@gmail.com,2,415.51,3.7750000000000004,207.755,0,1,2,Premium Learners
U02281,zdavid,34,1,carolynchan@outlook.com,1,276.37,2.72,276.37,4,0,2,Premium Learners
U02282,xwalsh,25,0,amy33@outlook.com,1,0.0,2.61,0.0,4,0,0,Budget Learners
U02283,kristi24,16,1,jesse44@hotmail.com,1,0.0,2.14,0.0,5,1,1,Professional Learners
U02284,tylerjessica,28,1,terrychristopher@yahoo.com,13,1127.8899999999999,3.0453846153846156,86.76076923076923,11,1,3,Casual Learners
U02285,garciaeric,28,0,lauralawrence@hotmail.com,2,177.34,3.385,88.67,5,0,0,Budget Learners
U02286,erin17,32,0,rodney02@outlook.com,1,326.02,2.69,326.02,1,2,2,Premium Learners
U02287,stonedana,22,1,mitchell70@outlook.com,1,212.39,3.15,212.39,5,0,1,Professional Learners
U02288,hvega,32,0,danwebb@hotmail.com,15,1437.73,3.0020000000000002,95.84866666666667,2,0,3,Casual Learners
U02289,vanessa26,15,1,richard84@gmail.com,1,0.0,2.0,0.0,1,0,1,Professional Learners
U02290,jennifer26,25,1,smithlori@outlook.com,15,1052.32,3.046666666666667,70.15466666666666,8,0,3,Casual Learners
U02291,shelleypeters,31,0,amy97@hotmail.com,2,57.32,4.765000000000001,28.66,8,0,0,Budget Learners
U02292,michelle07,30,1,williamsandrea@gmail.com,1,0.0,1.52,0.0,4,0,1,Professional Learners
U02293,susan33,30,0,cunninghambrian@hotmail.com,1,487.92,3.64,487.92,1,0,2,Premium Learners
U02294,richardmathews,26,1,boyermelissa@hotmail.com,1,53.86,2.47,53.86,6,1,1,Professional Learners
U02295,karen59,33,1,bishopjohn@yahoo.com,1,0.0,3.65,0.0,3,1,1,Professional Learners
U02296,markruiz,27,0,jasonmacias@hotmail.com,1,342.61,4.84,342.61,10,2,2,Premium Learners
U02297,nicholas54,28,1,donaldnelson@outlook.com,1,472.28,4.74,472.28,9,1,2,Premium Learners
U02298,william10,22,0,inichols@hotmail.com,1,119.04,2.75,119.04,6,2,0,Budget Learners
U02299,millstodd,35,0,jessica19@yahoo.com,2,0.0,4.13,0.0,2,1,0,Budget Learners
U02300,mccluremary,35,1,john38@gmail.com,15,1511.0,2.9766666666666666,100.73333333333333,4,1,3,Casual Learners
U02301,mary05,18,0,sjohnson@hotmail.com,13,547.67,3.4353846153846157,42.128461538461536,3,1,3,Casual Learners
U02302,adamsheather,30,1,erica01@hotmail.com,2,285.05,1.935,142.525,1,1,1,Professional Learners
U02303,dave44,34,1,dmiller@hotmail.com,1,0.0,4.94,0.0,2,1,1,Professional Learners
U02304,tracy30,21,1,lisaallen@hotmail.com,1,0.0,1.28,0.0,9,1,1,Professional Learners
U02305,hlee,19,0,meyerchristopher@hotmail.com,1,342.61,4.84,342.61,10,2,2,Premium Learners
U02306,elane,18,0,vanessa85@gmail.com,13,1824.4,3.303076923076923,140.33846153846156,1,1,3,Casual Learners
U02307,fieldsbarbara,22,1,tanya86@gmail.com,1,248.1,1.2,248.1,0,1,2,Premium Learners
U02308,farrellfaith,15,0,mcmahonpaul@hotmail.com,1,0.0,2.98,0.0,8,0,0,Budget Learners
U02309,butlerjohn,23,0,jimenezgina@hotmail.com,3,95.21000000000001,2.5433333333333334,31.736666666666668,11,0,0,Budget Learners
U02310,alexandernichols,15,1,cindyjones@gmail.com,1,0.78,3.89,0.78,7,0,1,Professional Learners
U02311,marshallderek,23,0,usingh@yahoo.com,3,117.68,3.426666666666667,39.22666666666667,3,2,0,Budget Learners
U02312,andrewwallace,28,1,carlosmiller@yahoo.com,1,0.0,3.93,0.0,2,2,1,Professional Learners
U02313,fmccullough,24,0,greerlindsay@gmail.com,1,0.0,2.61,0.0,4,0,0,Budget Learners
U02314,weaverkimberly,29,1,williamsalison@gmail.com,1,177.34,3.89,177.34,5,0,1,Professional Learners
U02315,marissawright,34,1,timothy02@gmail.com,14,888.7900000000001,3.3264285714285715,63.48500000000001,6,1,3,Casual Learners
U02316,ryanjones,31,0,jesse37@outlook.com,2,415.61,2.685,207.805,0,2,2,Premium Learners
U02317,ashleyjefferson,18,1,marypeterson@yahoo.com,2,57.32,3.375,28.66,8,0,1,Professional Learners
U02318,kaylaedwards,24,0,bryan70@gmail.com,1,285.05,1.96,285.05,1,1,2,Premium Learners
U02319,zstokes,24,0,sgordon@yahoo.com,1,248.1,1.2,248.1,0,1,2,Premium Learners
U02320,warrennicole,17,1,sanchezjason@outlook.com,3,212.39,2.73,70.79666666666667,5,0,1,Professional Learners
U02321,bberger,26,0,johnstonkimberly@yahoo.com,2,589.96,3.6550000000000002,294.98,3,0,2,Premium Learners
U02322,alexander51,28,0,alex67@gmail.com,1,0.0,1.91,0.0,2,2,0,Budget Learners
U02323,rrodriguez,29,0,mark56@gmail.com,1,37.89,1.3,37.89,11,0,0,Budget Learners
U02324,destiny85,34,0,jimenezgregory@hotmail.com,3,326.02,2.7733333333333334,108.67333333333333,1,2,0,Budget Learners
U02325,charles25,15,1,gcarney@hotmail.com,1,177.34,3.89,177.34,5,0,1,Professional Learners
U02326,laurenmartinez,32,1,brianpierce@hotmail.com,2,580.49,3.615,290.245,0,1,2,Premium Learners
U02327,richard59,29,1,psavage@outlook.com,1,0.0,3.65,0.0,3,1,1,Professional Learners
U02328,wmorris,22,0,katherinemason@gmail.com,3,415.51,3.276666666666667,138.50333333333333,0,2,0,Budget Learners
U02329,julie53,35,1,dpowell@outlook.com,1,0.0,4.11,0.0,8,2,1,Professional Learners
U02330,grace46,29,0,jeremy44@outlook.com,1,0.0,3.32,0.0,11,1,0,Budget Learners
U02331,xschwartz,25,0,yfuller@hotmail.com,2,0.0,1.325,0.0,4,0,0,Budget Learners
U02332,griffinjon,23,1,johnsonashley@hotmail.com,2,277.15,3.305,138.575,4,0,1,Professional Learners
U02333,heatherwilcox,32,0,theresa63@outlook.com,3,415.51,3.2099999999999995,138.50333333333333,0,0,0,Budget Learners
U02334,qcooper,23,0,xcoleman@hotmail.com,2,0.78,4.34,0.39,7,0,0,Budget Learners
U02335,bbean,25,0,rfloyd@gmail.com,1,0.78,3.89,0.78,7,0,0,Budget Learners
U02336,xjones,17,0,kylerodriguez@yahoo.com,14,1228.1100000000001,2.6392857142857147,87.72214285714287,6,2,3,Casual Learners
U02337,zunigacassandra,18,0,david03@gmail.com,13,1676.03,2.924615384615384,128.92538461538462,1,1,3,Casual Learners
U02338,cobbkatherine,29,0,brenda04@yahoo.com,1,0.0,4.1,0.0,6,2,0,Budget Learners
U02339,jacobsonpatrick,33,0,alexandrawalker@gmail.com,1,285.05,1.96,285.05,1,1,2,Premium Learners
U02340,christineyates,20,1,carnold@outlook.com,2,37.89,3.015,18.945,7,0,1,Professional Learners
U02341,jonathangarcia,17,1,jamesryan@gmail.com,13,957.45,3.5846153846153848,73.65,0,1,3,Casual Learners
U02342,djenkins,21,1,gomezelizabeth@outlook.com,2,89.59,2.245,44.795,0,0,1,Professional Learners
U02343,sarah37,29,1,jonesbeth@outlook.com,4,559.88,2.35,139.97,7,0,1,Professional Learners
U02344,william94,26,1,andrewwhite@yahoo.com,14,1335.99,3.0100000000000002,95.42785714285715,0,1,3,Casual Learners
U02345,sherrylambert,31,1,rvega@gmail.com,13,1047.8,3.1500000000000004,80.6,7,0,3,Casual Learners
U02346,mistychan,34,1,fernando37@hotmail.com,1,394.26,1.35,394.26,2,2,2,Premium Learners
U02347,maryterry,27,1,misty50@gmail.com,1,0.0,3.93,0.0,2,2,1,Professional Learners
U02348,sarahdean,20,1,richardsonnicholas@yahoo.com,1,0.0,1.91,0.0,2,2,1,Professional Learners
U02349,hmcguire,27,1,jennifersanchez@gmail.com,14,1028.3,3.3842857142857143,73.45,5,1,3,Casual Learners
U02350,matthew42,31,0,melinda98@outlook.com,2,295.02,3.23,147.51,3,0,0,Budget Learners
U02351,cindyking,22,0,colleen26@hotmail.com,2,0.0,3.17,0.0,6,1,0,Budget Learners
U02352,atkinslisa,30,0,powellsean@gmail.com,3,299.57,3.6199999999999997,99.85666666666667,3,2,0,Budget Learners
U02353,zleonard,16,1,ialvarez@gmail.com,1,0.0,4.44,0.0,5,1,1,Professional Learners
U02354,melinda15,29,0,allison85@outlook.com,1,487.92,3.64,487.92,1,0,2,Premium Learners
U02355,kathryn89,32,0,eileenmason@hotmail.com,1,119.04,2.75,119.04,6,2,0,Budget Learners
U02356,wjimenez,35,1,stevencampbell@gmail.com,1,0.0,1.59,0.0,6,0,1,Professional Learners
U02357,tanya99,28,0,malloryturner@yahoo.com,2,0.0,2.79,0.0,1,0,0,Budget Learners
U02358,cruzzachary,22,1,palmerwhitney@yahoo.com,4,1066.84,3.205,266.71,0,0,2,Premium Learners
U02359,martinstacey,32,0,singhlisa@yahoo.com,2,0.0,2.58,0.0,3,1,0,Budget Learners
U02360,martin48,18,0,william32@hotmail.com,1,0.0,1.59,0.0,6,0,0,Budget Learners
U02361,timothyperez,26,0,jennifer23@hotmail.com,2,327.99,2.265,163.995,3,1,0,Budget Learners
U02362,julie09,33,0,christopher48@hotmail.com,1,0.0,1.52,0.0,4,0,0,Budget Learners
U02363,lisaschmidt,15,1,madeline47@yahoo.com,1,487.92,3.64,487.92,1,0,2,Premium Learners
U02364,andrewjackson,29,0,john07@outlook.com,1,299.57,3.74,299.57,3,1,2,Premium Learners
U02365,nstanton,34,0,vancefrank@yahoo.com,1,0.0,3.02,0.0,3,2,0,Budget Learners
U02366,willierichardson,19,0,hector56@yahoo.com,1,0.0,4.72,0.0,8,2,0,Budget Learners
U02367,ccooper,25,1,carterkristina@hotmail.com,1,0.0,3.15,0.0,1,0,1,Professional Learners
U02368,amanda92,31,1,kbarnes@yahoo.com,4,451.37,3.2525,112.8425,3,0,1,Professional Learners
U02369,jennifer31,16,1,jonathanjenkins@yahoo.com,2,0.0,3.465,0.0,5,0,1,Professional Learners
U02370,zray,24,1,curtiswendy@gmail.com,14,1092.76,3.1721428571428576,78.05428571428571,1,2,3,Casual Learners
U02371,nicole03,34,0,vellis@gmail.com,12,1569.7,2.8333333333333335,130.80833333333334,0,0,3,Casual Learners
U02372,kevinmunoz,35,1,travislewis@outlook.com,3,0.0,4.4,0.0,2,2,1,Professional Learners
U02373,tommymiller,22,1,robert31@gmail.com,2,487.92,3.62,243.96,1,0,2,Premium Learners
U02374,herreradavid,22,1,chadtrujillo@gmail.com,3,0.78,4.3566666666666665,0.26,7,0,1,Professional Learners
U02375,jamesvelazquez,33,0,loriolson@yahoo.com,1,276.37,2.72,276.37,4,0,2,Premium Learners
U02376,sharon88,19,0,qshaffer@gmail.com,1,0.0,2.61,0.0,4,0,0,Budget Learners
U02377,cnavarro,35,1,kristinhines@gmail.com,2,0.0,3.795,0.0,1,0,1,Professional Learners
U02378,kevin20,23,1,michaelbruce@hotmail.com,1,0.0,4.66,0.0,5,2,1,Professional Learners
U02379,billydonovan,20,1,williamstracy@outlook.com,2,0.0,3.065,0.0,1,0,1,Professional Learners
U02380,stephenyoung,24,0,codyperez@outlook.com,3,720.28,2.453333333333333,240.09333333333333,1,2,2,Premium Learners
U02381,hhale,31,0,anthonyorr@yahoo.com,1,415.51,3.11,415.51,0,2,2,Premium Learners
U02382,tiffany23,32,1,torreschristopher@gmail.com,1,490.9,4.55,490.9,0,1,2,Premium Learners
U02383,ewilson,21,1,oarmstrong@gmail.com,1,0.0,4.72,0.0,8,2,1,Professional Learners
U02384,oliverlori,22,1,cochranjason@gmail.com,3,119.04,2.5066666666666664,39.68,0,1,1,Professional Learners
U02385,laurasullivan,30,1,anna98@hotmail.com,1,0.0,4.94,0.0,2,1,1,Professional Learners
U02386,anna29,35,1,smithkim@hotmail.com,4,299.57,4.2075,74.8925,3,1,1,Professional Learners
U02387,jacobhall,31,1,vmcbride@yahoo.com,1,0.0,1.52,0.0,4,0,1,Professional Learners
U02388,donald35,23,1,austin14@hotmail.com,1,346.71,1.23,346.71,10,0,2,Premium Learners
U02389,edward86,33,1,uperry@hotmail.com,2,177.34,3.52,88.67,1,0,1,Professional Learners
U02390,jmurphy,28,0,brooksjames@hotmail.com,2,472.28,3.585,236.14,9,1,2,Premium Learners
U02391,tinathomas,20,0,jonathanwagner@outlook.com,1,0.0,2.38,0.0,2,0,0,Budget Learners
U02392,jacobsonjason,21,1,kjordan@hotmail.com,2,212.39,3.3,106.195,5,0,1,Professional Learners
U02393,angela68,18,1,daniel11@outlook.com,1,0.0,3.32,0.0,11,1,1,Professional Learners
U02394,edwardscolton,35,1,hicksbrian@outlook.com,1,299.57,3.74,299.57,3,1,2,Premium Learners
U02395,bcox,32,0,lrobles@outlook.com,3,0.0,4.3500000000000005,0.0,2,1,0,Budget Learners
U02396,jody90,16,0,vhanson@gmail.com,1,212.39,3.15,212.39,5,0,0,Budget Learners
U02397,qalvarado,22,1,campbellmichelle@gmail.com,1,0.0,3.85,0.0,9,1,1,Professional Learners
U02398,richardsonstephen,26,0,qwalters@hotmail.com,2,248.88,2.545,124.44,0,0,0,Budget Learners
U02399,johnnunez,22,1,okirk@hotmail.com,1,0.0,2.01,0.0,8,0,1,Professional Learners
U02400,rodriguezanthony,17,1,jenniferwolf@hotmail.com,1,0.0,4.66,0.0,5,2,1,Professional Learners
U02401,bturner,28,1,marshallsuzanne@outlook.com,1,490.9,4.55,490.9,0,1,2,Premium Learners
U02402,taylor51,19,0,pricevictor@outlook.com,1,0.0,3.15,0.0,1,0,0,Budget Learners
U02403,rivasamanda,18,0,cclark@hotmail.com,1,0.0,2.38,0.0,2,0,0,Budget Learners
U02404,nmoreno,28,1,dylan47@hotmail.com,2,53.86,3.575,26.93,6,1,1,Professional Learners
U02405,brooksmichael,25,0,kavila@yahoo.com,1,0.0,3.32,0.0,11,1,0,Budget Learners
U02406,stoutjames,23,0,combsjeffrey@gmail.com,2,314.26,2.0100000000000002,157.13,4,0,0,Budget Learners
U02407,narroyo,27,1,sandra79@outlook.com,2,0.0,4.3950000000000005,0.0,2,1,1,Professional Learners
U02408,ynixon,34,0,bbrown@hotmail.com,1,0.0,1.13,0.0,7,1,0,Budget Learners
U02409,catherine06,24,0,rachelclark@yahoo.com,1,0.0,1.73,0.0,7,2,0,Budget Learners
U02410,vblackburn,18,1,sandra06@yahoo.com,12,1444.1200000000001,3.4416666666666664,120.34333333333335,5,0,3,Casual Learners
U02411,swansonjose,31,0,ybutler@yahoo.com,1,37.89,1.3,37.89,11,0,0,Budget Learners
U02412,kirbycharles,15,0,robin34@hotmail.com,1,0.0,2.98,0.0,8,0,0,Budget Learners
U02413,umata,25,1,angela36@gmail.com,2,0.0,4.445,0.0,6,0,1,Professional Learners
U02414,jessica21,21,1,reneeperez@yahoo.com,3,472.28,4.2299999999999995,157.42666666666665,9,1,1,Professional Learners
U02415,matthewchaney,33,1,angela30@hotmail.com,11,1568.1699999999998,2.9454545454545453,142.56090909090906,0,1,3,Casual Learners
U02416,jessica99,24,0,allenrodriguez@yahoo.com,1,0.0,4.45,0.0,4,0,0,Budget Learners
U02417,leslienolan,34,0,broth@yahoo.com,1,0.0,2.01,0.0,8,0,0,Budget Learners
U02418,carrollmartin,23,1,randysanchez@yahoo.com,1,0.0,1.73,0.0,7,2,1,Professional Learners
U02419,ujones,17,0,wilsonmark@gmail.com,1,0.0,3.02,0.0,3,2,0,Budget Learners
U02420,valdezbarbara,20,0,canthony@gmail.com,1,0.0,4.11,0.0,8,2,0,Budget Learners
U02421,brownsteven,15,0,hramos@hotmail.com,1,0.0,4.1,0.0,6,2,0,Budget Learners
U02422,bridgetrivera,21,0,vanessawhitehead@hotmail.com,1,57.32,4.74,57.32,11,0,0,Budget Learners
U02423,bassemily,32,0,nswanson@hotmail.com,2,445.67,2.04,222.835,3,0,2,Premium Learners
U02424,chadcollins,31,0,qbauer@yahoo.com,1,0.0,4.73,0.0,7,2,0,Budget Learners
U02425,brittany68,24,0,woodsjordan@outlook.com,2,0.0,4.075,0.0,0,1,0,Budget Learners
U02426,lindamiller,19,0,julie78@outlook.com,1,299.57,3.74,299.57,3,1,2,Premium Learners
U02427,vincent89,31,0,lorihernandez@hotmail.com,15,893.0,3.372,59.53333333333333,11,0,3,Casual Learners
U02428,buckandrea,30,1,emmacarr@yahoo.com,2,548.22,4.645,274.11,0,0,2,Premium Learners
U02429,kylie71,30,0,johnmorales@gmail.com,3,0.0,2.0233333333333334,0.0,9,1,0,Budget Learners
U02430,brianhunter,29,1,ramirezchristine@outlook.com,1,0.0,3.32,0.0,11,1,1,Professional Learners
U02431,jamesturner,16,1,phillipblack@yahoo.com,1,327.99,1.51,327.99,10,1,2,Premium Learners
U02432,gyoung,30,0,bgonzalez@outlook.com,15,1593.46,2.9373333333333336,106.23066666666666,3,1,3,Casual Learners
U02433,snowjoseph,15,0,lisa03@yahoo.com,1,117.68,2.57,117.68,3,0,0,Budget Learners
U02434,mooremathew,31,1,john15@yahoo.com,1,0.0,3.85,0.0,9,1,1,Professional Learners
U02435,destiny40,17,1,veronica90@gmail.com,1,487.92,3.64,487.92,1,0,2,Premium Learners
U02436,janet40,16,1,brownpatty@outlook.com,3,445.67,2.4666666666666663,148.55666666666667,3,1,1,Professional Learners
U02437,trevortorres,15,1,jamie99@gmail.com,1,0.0,2.98,0.0,8,0,1,Professional Learners
U02438,millersandra,28,0,daniel65@gmail.com,1,0.0,2.38,0.0,2,0,0,Budget Learners
U02439,stokestiffany,22,0,longlisa@gmail.com,1,276.37,2.72,276.37,4,0,2,Premium Learners
U02440,foxleah,26,0,clarkfrancisco@hotmail.com,1,0.0,4.11,0.0,8,2,0,Budget Learners
U02441,rebekahtate,33,1,donaldmorton@hotmail.com,1,0.0,4.44,0.0,5,1,1,Professional Learners
U02442,madisonmoore,23,1,boothjames@hotmail.com,1,0.0,4.1,0.0,6,2,1,Professional Learners
U02443,jeremy50,22,0,warnermichael@gmail.com,2,95.21000000000001,3.02,47.605000000000004,11,0,0,Budget Learners
U02444,karen32,28,0,donaldlucas@gmail.com,1,0.0,1.91,0.0,2,2,0,Budget Learners
U02445,smithtyler,26,0,jessica44@gmail.com,14,1507.12,2.71,107.65142857142857,7,2,3,Casual Learners
U02446,frankrobinson,29,1,kristinyu@outlook.com,2,490.9,3.9349999999999996,245.45,0,1,2,Premium Learners
U02447,johnsmith,31,0,chelseagriffith@gmail.com,1,0.0,4.45,0.0,4,0,0,Budget Learners
U02448,bendertrevor,17,1,whiteryan@outlook.com,2,0.0,2.8099999999999996,0.0,4,0,1,Professional Learners
U02449,sandraunderwood,32,1,ymarquez@gmail.com,1,285.05,1.96,285.05,1,1,2,Premium Learners
U02450,kendrakirk,30,0,michellewalker@yahoo.com,1,0.0,1.73,0.0,7,2,0,Budget Learners
U02451,vrivera,31,1,katiespencer@hotmail.com,2,0.0,3.035,0.0,8,0,1,Professional Learners
U02452,sarah62,23,0,jacobgarner@yahoo.com,2,0.0,2.865,0.0,4,0,0,Budget Learners
U02453,mharris,29,0,zking@outlook.com,1,212.39,3.15,212.39,5,0,0,Budget Learners
U02454,chelseabeck,28,1,eallen@outlook.com,2,0.0,2.335,0.0,1,0,1,Professional Learners
U02455,thompsonchristopher,34,1,ronaldkaiser@outlook.com,1,0.0,2.0,0.0,1,0,1,Professional Learners
U02456,tristanwood,35,1,jacobsonpeter@gmail.com,1,0.0,3.93,0.0,2,2,1,Professional Learners
U02457,melindahill,31,0,icervantes@gmail.com,1,0.0,3.02,0.0,3,2,0,Budget Learners
U02458,ushelton,26,0,bensontracey@yahoo.com,2,443.7,2.63,221.85,1,0,2,Premium Learners
U02459,ayersmartha,33,1,sharonsilva@yahoo.com,12,625.46,3.0966666666666662,52.12166666666667,4,1,3,Casual Learners
U02460,reyesashley,21,0,jasonsnyder@gmail.com,1,0.0,2.38,0.0,2,0,0,Budget Learners
U02461,krystal97,15,0,beckerrussell@hotmail.com,2,0.0,2.7649999999999997,0.0,1,0,0,Budget Learners
U02462,martinezmegan,26,1,omiller@yahoo.com,1,327.99,1.51,327.99,10,1,2,Premium Learners
U02463,trujillocory,29,1,kristincisneros@yahoo.com,1,0.0,4.68,0.0,10,1,1,Professional Learners
U02464,wendy76,21,0,timothyreilly@outlook.com,1,0.0,3.85,0.0,9,1,0,Budget Learners
U02465,umccormick,27,1,danielkelly@hotmail.com,2,0.0,3.695,0.0,4,1,1,Professional Learners
U02466,paul83,23,1,morrisshelby@outlook.com,4,365.96000000000004,3.285,91.49000000000001,0,2,1,Professional Learners
U02467,careyroger,19,1,justinchen@hotmail.com,1,0.0,2.14,0.0,5,1,1,Professional Learners
U02468,morriscrystal,29,0,odombrian@gmail.com,3,0.0,4.346666666666667,0.0,3,2,0,Budget Learners
U02469,tiffany70,21,1,jonespaul@gmail.com,2,0.0,2.3,0.0,9,1,1,Professional Learners
U02470,jillhaynes,34,1,josephwalker@outlook.com,13,734.32,2.6907692307692312,56.48615384615385,4,0,3,Casual Learners
U02471,kelly63,16,0,jose38@outlook.com,1,326.02,2.69,326.02,1,2,2,Premium Learners
U02472,tina16,17,1,forbeskatie@yahoo.com,1,0.0,4.14,0.0,6,1,1,Professional Learners
U02473,angela83,31,0,scardenas@outlook.com,1,0.0,4.94,0.0,2,1,0,Budget Learners
U02474,prodriguez,27,1,phicks@yahoo.com,1,0.0,1.73,0.0,7,2,1,Professional Learners
U02475,wilsoncynthia,35,1,zchavez@hotmail.com,1,0.0,4.72,0.0,8,2,1,Professional Learners
U02476,wfigueroa,34,0,reyeskaylee@gmail.com,1,0.0,2.38,0.0,2,0,0,Budget Learners
U02477,ryanrobin,17,1,dunnangelica@gmail.com,1,342.61,4.84,342.61,10,2,2,Premium Learners
U02478,ryan22,30,1,carrillodawn@outlook.com,2,490.9,4.24,245.45,0,1,2,Premium Learners
U02479,scottadams,19,0,matakimberly@gmail.com,4,285.05,2.9475000000000002,71.2625,1,1,0,Budget Learners
U02480,walshjerry,35,1,bill47@yahoo.com,1,0.0,4.66,0.0,5,2,1,Professional Learners
U02481,steven03,29,1,teresa68@gmail.com,1,0.0,2.98,0.0,8,0,1,Professional Learners
U02482,jenniferharris,35,1,amyperez@hotmail.com,2,0.0,2.725,0.0,0,0,1,Professional Learners
U02483,nicole09,25,1,ahuang@hotmail.com,1,0.0,4.94,0.0,2,1,1,Professional Learners
U02484,newmanangela,25,0,sarahburnett@gmail.com,4,285.05,2.045,71.2625,1,1,0,Budget Learners
U02485,christopherstevenson,22,1,cnavarro@hotmail.com,14,621.35,3.3614285714285717,44.38214285714286,8,0,3,Casual Learners
U02486,browntonya,29,1,susan38@outlook.com,2,177.34,4.275,88.67,5,0,1,Professional Learners
U02487,glivingston,23,1,brittany60@hotmail.com,1,0.0,2.98,0.0,8,0,1,Professional Learners
U02488,daniellealexander,27,0,mcclurejames@outlook.com,1,0.0,3.02,0.0,3,2,0,Budget Learners
U02489,thompsonanne,18,1,zwright@gmail.com,1,0.0,3.65,0.0,3,1,1,Professional Learners
U02490,xmoore,24,0,richardbrown@yahoo.com,13,0.78,3.7130769230769234,0.060000000000000005,3,1,0,Budget Learners
U02491,jameschristensen,17,0,leekathleen@gmail.com,1,0.0,4.14,0.0,6,1,0,Budget Learners
U02492,courtneytyler,19,1,brandynorris@hotmail.com,1,0.0,3.93,0.0,2,2,1,Professional Learners
U02493,heatherwebster,22,0,riverastanley@outlook.com,1,0.0,1.91,0.0,2,2,0,Budget Learners
U02494,cory11,32,1,othomas@yahoo.com,1,0.0,1.73,0.0,7,2,1,Professional Learners
U02495,bdavis,28,1,natalie97@gmail.com,2,89.59,3.5600000000000005,44.795,0,1,1,Professional Learners
U02496,luke25,33,0,raven54@gmail.com,1,0.0,1.52,0.0,4,0,0,Budget Learners
U02497,margaret73,26,0,rushshawn@outlook.com,2,0.0,2.8499999999999996,0.0,2,0,0,Budget Learners
U02498,dylan64,20,0,qcollins@hotmail.com,1,0.0,1.28,0.0,9,1,0,Budget Learners
U02499,farrellkeith,28,1,mcclaindana@yahoo.com,1,0.0,2.67,0.0,11,0,1,Professional Learners
U02500,brett07,29,1,stephaniejohnson@hotmail.com,1,0.0,4.11,0.0,8,2,1,Professional Learners
U02501,ggrant,16,0,brent60@outlook.com,1,0.0,3.45,0.0,10,2,0,Budget Learners
U02502,marie50,16,0,dianeowen@yahoo.com,1,0.0,2.0,0.0,1,0,0,Budget Learners
U02503,nholt,16,0,robert11@gmail.com,2,0.0,2.725,0.0,2,0,0,Budget Learners
U02504,omoon,34,0,gbaldwin@yahoo.com,4,326.02,3.0225,81.505,1,0,0,Budget Learners
U02505,kristieharris,35,0,lisa70@hotmail.com,1,248.1,1.2,248.1,0,1,2,Premium Learners
U02506,jasongriffin,16,0,hendersonmichael@gmail.com,1,285.05,1.96,285.05,1,1,2,Premium Learners
U02507,millerlindsay,32,0,rossseth@gmail.com,1,0.0,2.38,0.0,2,0,0,Budget Learners
U02508,athomas,32,1,rbailey@yahoo.com,1,0.0,4.51,0.0,4,1,1,Professional Learners
U02509,robert07,24,1,greencheryl@hotmail.com,3,0.78,3.1633333333333336,0.26,1,0,1,Professional Learners
U02510,pamela57,23,1,bernardmorgan@hotmail.com,2,0.0,3.78,0.0,9,1,1,Professional Learners
U02511,vasquezmichael,30,0,abates@hotmail.com,1,0.0,2.43,0.0,9,2,0,Budget Learners
U02512,qruiz,15,0,klineelizabeth@yahoo.com,14,934.95,3.1221428571428573,66.78214285714286,10,2,3,Casual Learners
U02513,thompsonmegan,23,1,iferguson@yahoo.com,1,472.28,4.74,472.28,9,1,2,Premium Learners
U02514,brendan22,17,1,william83@yahoo.com,2,0.0,4.045,0.0,0,0,1,Professional Learners
U02515,nicole11,15,1,theresawilliams@gmail.com,11,996.46,3.016363636363636,90.58727272727273,2,1,3,Casual Learners
U02516,gpatrick,32,1,rbarnes@yahoo.com,1,0.0,2.98,0.0,8,0,1,Professional Learners
U02517,brenda54,30,0,kevinhill@yahoo.com,2,464.39,1.9,232.195,3,0,2,Premium Learners
U02518,jgonzales,19,0,tranrodney@outlook.com,1,0.0,2.43,0.0,9,2,0,Budget Learners
U02519,christina77,29,1,vpeters@hotmail.com,2,89.59,3.165,44.795,0,1,1,Professional Learners
U02520,stephanie87,29,1,racheljohnson@yahoo.com,1,0.0,3.64,0.0,0,1,1,Professional Learners
U02521,virginiamckee,25,1,danielvasquez@hotmail.com,4,89.59,4.135,22.3975,0,2,1,Professional Learners
U02522,lrobles,21,0,kevinwilson@outlook.com,1,117.68,2.57,117.68,3,0,0,Budget Learners
U02523,brookscarrie,31,1,paulcarey@outlook.com,1,0.0,1.59,0.0,6,0,1,Professional Learners
U02524,gloriarollins,32,1,camposmaria@gmail.com,1,0.0,4.66,0.0,5,2,1,Professional Learners
U02525,thomasjulie,25,1,johnsonjared@outlook.com,1,0.0,1.13,0.0,7,1,1,Professional Learners
U02526,maria48,30,0,floydchad@gmail.com,2,461.65000000000003,3.795,230.82500000000002,6,2,2,Premium Learners
U02527,coleroy,32,0,stacyhill@yahoo.com,1,0.0,4.68,0.0,10,1,0,Budget Learners
U02528,robert60,35,1,aaronbishop@outlook.com,1,0.0,4.14,0.0,6,1,1,Professional Learners
U02529,dunnamy,17,0,carpentercourtney@outlook.com,3,299.57,3.9500000000000006,99.85666666666667,3,1,0,Budget Learners
U02530,jblanchard,21,1,dana90@outlook.com,1,472.28,4.74,472.28,9,1,2,Premium Learners
U02531,mikemcmahon,22,0,kayla45@hotmail.com,4,0.0,3.4800000000000004,0.0,7,2,0,Budget Learners
U02532,haley17,26,1,adam37@outlook.com,1,0.0,3.02,0.0,3,2,1,Professional Learners
U02533,alan48,18,0,patrick75@hotmail.com,1,0.0,2.43,0.0,9,2,0,Budget Learners
U02534,toddthomas,25,0,brandon22@gmail.com,2,0.0,3.59,0.0,4,0,0,Budget Learners
U02535,scottwallace,26,0,crystalwood@yahoo.com,2,327.99,3.12,163.995,7,1,0,Budget Learners
U02536,mark89,16,1,jennifer15@gmail.com,2,0.0,2.435,0.0,11,0,1,Professional Learners
U02537,patriciaherrera,31,0,randerson@yahoo.com,12,1763.05,3.831666666666667,146.92083333333332,0,0,3,Casual Learners
U02538,ogregory,18,1,meyerhenry@hotmail.com,1,0.0,1.91,0.0,2,2,1,Professional Learners
U02539,echristian,20,0,ryan43@outlook.com,2,394.26,3.1450000000000005,197.13,2,1,2,Premium Learners
U02540,dphillips,33,0,amy41@gmail.com,15,1028.3,3.033333333333333,68.55333333333333,0,0,3,Casual Learners
U02541,rubiomichelle,18,0,probinson@yahoo.com,13,1775.24,3.6353846153846154,136.55692307692308,0,1,3,Casual Learners
U02542,zholloway,35,0,castanedaryan@outlook.com,13,815.93,3.233846153846154,62.76384615384615,7,0,3,Casual Learners
U02543,rayduncan,28,1,dianamendoza@outlook.com,1,0.0,3.64,0.0,0,1,1,Professional Learners
U02544,omarhill,29,1,laura10@outlook.com,1,490.9,4.55,490.9,0,1,2,Premium Learners
U02545,dianewebster,16,0,urosales@outlook.com,2,0.0,2.92,0.0,2,2,0,Budget Learners
U02546,smithamy,27,0,ufrazier@yahoo.com,1,285.05,1.96,285.05,1,1,2,Premium Learners
U02547,ryanallen,30,0,toliver@gmail.com,1,0.0,3.6,0.0,3,2,0,Budget Learners
U02548,stephenclark,25,1,ctaylor@gmail.com,2,487.92,3.785,243.96,1,0,2,Premium Learners
U02549,andrewatkins,27,1,annaroth@gmail.com,1,0.0,2.38,0.0,2,0,1,Professional Learners
U02550,rebeccajones,18,1,belindaandrews@gmail.com,1,327.99,1.51,327.99,10,1,2,Premium Learners
U02551,schneidermary,25,1,reillylee@yahoo.com,1,0.0,2.67,0.0,11,0,1,Professional Learners
U02552,donovandylan,27,1,chambersrobert@yahoo.com,1,0.0,4.51,0.0,4,1,1,Professional Learners
U02553,richardmoreno,35,0,elizabeth94@hotmail.com,2,487.92,2.775,243.96,1,0,2,Premium Learners
U02554,sandersmarcia,32,1,philip02@outlook.com,1,299.57,3.74,299.57,3,1,2,Premium Learners
U02555,smithlauren,15,1,charlestapia@hotmail.com,1,0.0,4.51,0.0,4,1,1,Professional Learners
U02556,andersonraymond,18,0,amy65@gmail.com,1,276.37,2.72,276.37,4,0,2,Premium Learners
U02557,heatherdurham,25,0,elizabeth11@hotmail.com,1,0.0,3.64,0.0,0,1,0,Budget Learners
U02558,emily94,23,0,bbowman@hotmail.com,4,0.78,3.6725000000000003,0.195,2,2,0,Budget Learners
U02559,shermanryan,33,0,april23@yahoo.com,1,0.0,4.45,0.0,4,0,0,Budget Learners
U02560,nicole69,22,1,samantha87@outlook.com,1,0.0,3.65,0.0,3,1,1,Professional Learners
U02561,lewisbrian,33,1,christinajohnson@gmail.com,1,0.0,4.72,0.0,8,2,1,Professional Learners
U02562,richardsonryan,18,1,froberts@hotmail.com,4,326.02,3.09,81.505,1,1,1,Professional Learners
U02563,josephpatton,27,1,cheyenneyoung@hotmail.com,1,0.0,3.93,0.0,2,2,1,Professional Learners
U02564,johnwallace,19,0,nicoleperez@yahoo.com,13,1558.96,3.1046153846153848,119.92,2,1,3,Casual Learners
U02565,hgibson,32,1,kmay@gmail.com,1,327.99,1.51,327.99,10,1,2,Premium Learners
U02566,stevenbennett,30,0,hayesbradley@outlook.com,14,1608.62,3.367142857142857,114.90142857142857,9,1,3,Casual Learners
U02567,jeremycunningham,35,1,gchavez@hotmail.com,1,0.0,1.81,0.0,7,0,1,Professional Learners
U02568,parker04,33,0,mjackson@gmail.com,2,0.0,3.71,0.0,5,0,0,Budget Learners
U02569,gomezjoseph,35,0,natalie36@outlook.com,1,0.0,1.52,0.0,4,0,0,Budget Learners
U02570,jasonlopez,25,0,taylorjohn@yahoo.com,1,472.28,4.74,472.28,9,1,2,Premium Learners
U02571,youngmarcus,20,0,zwilliams@hotmail.com,1,0.0,1.91,0.0,2,2,0,Budget Learners
U02572,michaelrivera,33,0,millermatthew@outlook.com,1,0.0,2.61,0.0,4,0,0,Budget Learners
U02573,christinaduncan,28,0,williamsjessica@hotmail.com,1,0.0,1.28,0.0,9,1,0,Budget Learners
U02574,whitneyharris,24,1,jeremy77@yahoo.com,1,346.71,1.23,346.71,10,0,2,Premium Learners
U02575,burtonjill,30,0,aprilmiller@hotmail.com,2,285.05,1.545,142.525,1,1,0,Budget Learners
U02576,jlucas,17,0,alicia11@outlook.com,1,117.68,2.57,117.68,3,0,0,Budget Learners
U02577,wlogan,21,0,dennissilva@yahoo.com,2,285.05,3.035,142.525,1,1,0,Budget Learners
U02578,dawnthomas,15,1,dcarroll@outlook.com,1,0.0,4.14,0.0,6,1,1,Professional Learners
U02579,john68,28,0,edwardskayla@gmail.com,1,0.0,4.72,0.0,8,2,0,Budget Learners
U02580,schneidercourtney,17,0,smithrebecca@gmail.com,1,285.05,1.96,285.05,1,1,2,Premium Learners
U02581,aaronmitchell,22,0,rwashington@yahoo.com,2,346.71,2.67,173.355,8,0,0,Budget Learners
U02582,denisefuller,23,1,colontonya@gmail.com,15,648.64,3.786666666666667,43.242666666666665,2,1,3,Casual Learners
U02583,benjamin13,33,1,traceyromero@outlook.com,14,759.86,2.8449999999999998,54.27571428571429,3,1,3,Casual Learners
U02584,hobbstonya,20,1,walkerandrea@outlook.com,2,0.78,3.135,0.39,2,0,1,Professional Learners
U02585,ashields,32,1,weaverkatherine@outlook.com,2,465.75,1.99,232.875,6,0,2,Premium Learners
U02586,kbaker,23,1,meganshea@hotmail.com,1,0.0,3.64,0.0,0,1,1,Professional Learners
U02587,sgonzales,30,1,heather05@gmail.com,2,285.05,2.9050000000000002,142.525,1,1,1,Professional Learners
U02588,amycortez,18,1,stephanie24@outlook.com,1,415.51,3.11,415.51,0,2,2,Premium Learners
U02589,davidfrancis,26,0,mercedessmith@yahoo.com,1,0.78,3.89,0.78,7,0,0,Budget Learners
U02590,michaelwilliams,20,1,harrisonmatthew@gmail.com,2,248.1,2.93,124.05,0,1,1,Professional Learners
U02591,oberry,33,1,catherinemalone@gmail.com,1,0.0,4.73,0.0,7,2,1,Professional Learners
U02592,gibbsbrian,15,1,andreanewman@outlook.com,2,472.28,4.84,236.14,2,1,2,Premium Learners
U02593,thunter,16,1,uroberts@gmail.com,12,1432.53,3.4291666666666667,119.3775,2,0,3,Casual Learners
U02594,dawn83,18,0,jermaine63@hotmail.com,1,327.99,1.51,327.99,10,1,2,Premium Learners
U02595,jrogers,17,1,aaron43@gmail.com,1,0.78,3.89,0.78,7,0,1,Professional Learners
U02596,dickersoneugene,19,0,kevinclements@hotmail.com,1,212.39,3.15,212.39,5,0,0,Budget Learners
U02597,tarnold,17,0,samantha35@outlook.com,2,269.71,3.9450000000000003,134.855,5,0,0,Budget Learners
U02598,nicole35,25,0,ericgallegos@outlook.com,1,0.0,3.6,0.0,3,2,0,Budget Learners
U02599,joel17,33,0,zbrock@gmail.com,2,436.29999999999995,1.955,218.14999999999998,0,0,2,Premium Learners
U02600,howardpotter,17,1,ngates@outlook.com,3,623.0799999999999,2.11,207.6933333333333,2,0,2,Premium Learners
U02601,cabreradevin,19,0,reiddaniel@hotmail.com,4,0.0,2.9675000000000002,0.0,0,1,0,Budget Learners
U02602,mjohnson,33,1,delacruzlori@gmail.com,13,974.75,3.3984615384615386,74.98076923076923,2,2,3,Casual Learners
U02603,fosterwilliam,31,0,oholmes@hotmail.com,1,0.0,4.94,0.0,2,1,0,Budget Learners
U02604,ericaweaver,16,1,nicholasmitchell@yahoo.com,1,0.0,3.02,0.0,3,2,1,Professional Learners
U02605,leachkayla,22,1,jhardin@outlook.com,12,1083.68,3.4175,90.30666666666667,8,0,3,Casual Learners
U02606,phernandez,24,1,ereeves@hotmail.com,1,0.0,2.67,0.0,11,0,1,Professional Learners
U02607,andrew44,22,1,hunterjulie@yahoo.com,1,0.0,3.32,0.0,11,1,1,Professional Learners
U02608,tiffanylawrence,30,1,swalsh@gmail.com,1,0.0,4.73,0.0,7,2,1,Professional Learners
U02609,robertwright,15,1,aberger@outlook.com,2,0.0,1.96,0.0,2,0,1,Professional Learners
U02610,zacharybooth,19,1,mcmillanmarilyn@hotmail.com,1,0.0,4.68,0.0,10,1,1,Professional Learners
U02611,uschmidt,17,0,arianayoung@outlook.com,1,0.0,3.02,0.0,3,2,0,Budget Learners
U02612,acamacho,22,1,meghanhart@outlook.com,14,966.49,3.1635714285714287,69.035,4,0,3,Casual Learners
U02613,josephsloan,23,0,mcortez@hotmail.com,2,177.34,3.25,88.67,4,0,0,Budget Learners
U02614,caldwelljill,30,0,pamelagutierrez@yahoo.com,13,919.88,3.474615384615385,70.76,1,1,3,Casual Learners
U02615,valdezalyssa,33,1,brockanna@hotmail.com,2,0.0,3.715,0.0,8,1,1,Professional Learners
U02616,shorn,19,0,carly93@outlook.com,13,1265.18,2.8153846153846156,97.32153846153847,4,0,3,Casual Learners
U02617,jameschristopher,23,0,matthew88@hotmail.com,4,490.9,3.515,122.725,0,2,0,Budget Learners
U02618,shericrawford,23,1,careyjeff@outlook.com,3,0.0,3.5566666666666666,0.0,11,1,1,Professional Learners
U02619,jason86,24,0,eross@gmail.com,1,212.39,3.15,212.39,5,0,0,Budget Learners
U02620,justinmurphy,30,0,greenscott@hotmail.com,2,37.89,2.905,18.945,4,0,0,Budget Learners
U02621,psimon,34,0,normanmatthew@yahoo.com,1,0.0,3.85,0.0,9,1,0,Budget Learners
U02622,michaelmartinez,32,0,lindakramer@gmail.com,1,0.0,4.94,0.0,2,1,0,Budget Learners
U02623,elizabethallen,32,0,pjohnson@gmail.com,11,679.7199999999999,3.2609090909090908,61.79272727272726,6,0,3,Casual Learners
U02624,rogersmichael,16,0,alexis12@hotmail.com,3,490.9,3.526666666666667,163.63333333333333,0,2,2,Premium Learners
U02625,gibsonanthony,22,0,odomnicole@outlook.com,2,0.0,3.71,0.0,5,0,0,Budget Learners
U02626,katrina61,21,0,larry61@hotmail.com,3,212.39,3.5666666666666664,70.79666666666667,2,0,0,Budget Learners
U02627,sarah95,26,0,vargaskimberly@hotmail.com,1,0.0,3.45,0.0,10,2,0,Budget Learners
U02628,oneillkyle,33,0,bmiller@yahoo.com,1,285.05,1.96,285.05,1,1,2,Premium Learners
U02629,pateljennifer,35,0,krausejeremy@hotmail.com,1,57.32,4.74,57.32,11,0,0,Budget Learners
U02630,ellenbruce,20,1,khernandez@gmail.com,12,670.63,3.1425,55.88583333333333,8,1,3,Casual Learners
U02631,sandrawood,23,1,brad59@yahoo.com,1,0.0,3.6,0.0,3,2,1,Professional Learners
U02632,eric72,22,0,jacksonandrea@hotmail.com,1,0.0,3.64,0.0,0,1,0,Budget Learners
U02633,stephaniegray,19,0,elizabethwilliams@outlook.com,14,1004.95,3.282857142857143,71.78214285714286,6,0,3,Casual Learners
U02634,tinaanderson,29,0,paulaevans@yahoo.com,1,57.32,4.74,57.32,11,0,0,Budget Learners
U02635,amberjones,16,1,erobertson@yahoo.com,1,0.0,4.79,0.0,8,0,1,Professional Learners
U02636,jill35,20,1,kelseycalderon@yahoo.com,1,0.0,3.02,0.0,3,2,1,Professional Learners
U02637,rosskevin,28,1,kelliarnold@hotmail.com,2,0.78,3.455,0.39,3,0,1,Professional Learners
U02638,uherring,31,0,markguerrero@hotmail.com,1,0.0,2.0,0.0,1,0,0,Budget Learners
U02639,hicksthomas,22,0,levihudson@outlook.com,1,212.39,3.15,212.39,5,0,0,Budget Learners
U02640,denniswashington,34,0,jason35@gmail.com,3,654.01,2.2899999999999996,218.00333333333333,1,0,2,Premium Learners
U02641,moralesdaniel,30,1,mitchellmiller@hotmail.com,1,0.0,1.52,0.0,4,0,1,Professional Learners
U02642,kleinamanda,33,1,hpeck@hotmail.com,1,0.0,3.65,0.0,3,1,1,Professional Learners
U02643,christophersantana,17,0,oward@gmail.com,15,1460.84,2.731333333333333,97.38933333333333,6,1,3,Casual Learners
U02644,smithmelissa,23,1,woodswilliam@yahoo.com,4,234.66,3.0725000000000002,58.665,5,0,1,Professional Learners
U02645,walter34,26,0,sonya03@hotmail.com,10,889.27,3.0759999999999996,88.92699999999999,4,0,3,Casual Learners
U02646,judygomez,26,1,bishopcalvin@hotmail.com,2,736.02,2.42,368.01,0,0,2,Premium Learners
U02647,michael64,20,0,ramoscarol@gmail.com,1,0.0,2.01,0.0,8,0,0,Budget Learners
U02648,walvarez,28,0,kthomas@outlook.com,1,0.0,3.65,0.0,3,1,0,Budget Learners
U02649,geoffrey71,34,0,gloria19@outlook.com,1,472.28,4.74,472.28,9,1,2,Premium Learners
U02650,jared54,29,0,john08@hotmail.com,2,248.1,2.94,124.05,0,1,0,Budget Learners
U02651,blake28,16,0,joshuaprice@outlook.com,16,1113.95,3.110625,69.621875,5,0,3,Casual Learners
U02652,mcguiregabriel,15,1,ohenry@yahoo.com,1,0.0,1.81,0.0,7,0,1,Professional Learners
U02653,tiffanyolson,34,1,rhamilton@yahoo.com,1,0.0,4.44,0.0,5,1,1,Professional Learners
U02654,ramirezmatthew,27,1,sarah78@yahoo.com,1,415.51,3.11,415.51,0,2,2,Premium Learners
U02655,qschultz,32,1,robertphillips@yahoo.com,1,0.0,3.85,0.0,9,1,1,Professional Learners
U02656,ysimpson,34,0,wwallace@hotmail.com,1,53.86,2.47,53.86,6,1,0,Budget Learners
U02657,lambgregory,31,1,cthompson@yahoo.com,1,177.34,3.89,177.34,5,0,1,Professional Learners
U02658,rivasbrian,30,1,brian04@hotmail.com,3,285.05,2.0233333333333334,95.01666666666667,1,1,1,Professional Learners
U02659,michael89,17,1,rjones@outlook.com,2,248.1,2.325,124.05,0,1,1,Professional Learners
U02660,charles20,31,0,emilyrose@outlook.com,1,0.0,2.61,0.0,4,0,0,Budget Learners
U02661,darrenburgess,27,1,barbaraford@yahoo.com,1,0.0,2.01,0.0,8,0,1,Professional Learners
U02662,pachecojames,32,1,bryan94@hotmail.com,2,117.68,3.335,58.84,3,0,1,Professional Learners
U02663,coffeydennis,27,0,jennifercurtis@outlook.com,14,1017.04,3.1664285714285714,72.64571428571428,7,1,3,Casual Learners
U02664,andersonlaura,22,0,johnhunt@hotmail.com,1,0.0,4.79,0.0,8,0,0,Budget Learners
U02665,williambriggs,21,0,jacobgalloway@hotmail.com,1,37.89,1.3,37.89,11,0,0,Budget Learners
U02666,clarktyler,19,1,darren92@outlook.com,1,0.0,2.61,0.0,4,0,1,Professional Learners
U02667,yhenderson,22,0,joel60@gmail.com,1,248.1,1.2,248.1,0,1,2,Premium Learners
U02668,angelarodriguez,26,1,mercadolarry@yahoo.com,3,57.32,3.8733333333333335,19.106666666666666,4,0,1,Professional Learners
U02669,yangbrandon,25,1,hlucas@gmail.com,2,0.0,4.6899999999999995,0.0,5,2,1,Professional Learners
U02670,jessica48,25,0,ycox@hotmail.com,1,0.0,2.67,0.0,11,0,0,Budget Learners
U02671,jeffreyharvey,15,0,mindy36@yahoo.com,1,299.57,3.74,299.57,3,1,2,Premium Learners
U02672,knightregina,32,1,jamie07@hotmail.com,14,1012.26,3.3614285714285717,72.30428571428571,2,1,3,Casual Learners
U02673,sheaamanda,19,0,monica11@outlook.com,1,0.0,2.98,0.0,8,0,0,Budget Learners
U02674,mccarthynicholas,28,0,jbell@hotmail.com,1,0.0,4.1,0.0,6,2,0,Budget Learners
U02675,christopher32,34,0,heather66@yahoo.com,4,346.71,1.5175,86.6775,9,1,0,Budget Learners
U02676,williamskyle,15,1,tonyasmith@yahoo.com,1,394.26,1.35,394.26,2,2,2,Premium Learners
U02677,bakerchristina,33,1,aadams@gmail.com,3,490.9,3.073333333333333,163.63333333333333,0,0,2,Premium Learners
U02678,karina24,19,0,kelly18@outlook.com,1,0.0,1.13,0.0,7,1,0,Budget Learners
U02679,vlang,18,1,tannerevan@hotmail.com,11,1043.46,3.03,94.86,1,0,3,Casual Learners
U02680,whaynes,19,0,hendersonvictoria@yahoo.com,1,0.0,3.45,0.0,10,2,0,Budget Learners
U02681,fmorgan,33,1,dannyrodriguez@yahoo.com,1,0.0,1.52,0.0,4,0,1,Professional Learners
U02682,keyjeremy,35,0,jennifer28@gmail.com,1,53.86,2.47,53.86,6,1,0,Budget Learners
U02683,jake76,28,1,jmayo@hotmail.com,15,2578.46,2.929333333333333,171.89733333333334,0,0,3,Casual Learners
U02684,kristen36,28,1,barryburgess@gmail.com,14,2747.3,3.2064285714285714,196.2357142857143,5,0,3,Casual Learners
U02685,yvettescott,27,0,denisebowers@outlook.com,1,487.92,3.64,487.92,1,0,2,Premium Learners
U02686,brandon82,19,0,kallen@yahoo.com,4,814.89,3.95,203.7225,9,1,0,Budget Learners
U02687,riossierra,34,1,zachary61@outlook.com,1,212.39,3.15,212.39,5,0,1,Professional Learners
U02688,kimberly14,26,0,tdiaz@hotmail.com,1,0.0,4.14,0.0,6,1,0,Budget Learners
U02689,zgarcia,27,1,patricia56@outlook.com,1,0.0,4.44,0.0,5,1,1,Professional Learners
U02690,nancy75,24,1,hawkinsnichole@gmail.com,4,394.26,2.2875,98.565,2,1,1,Professional Learners
U02691,william49,19,0,willienelson@gmail.com,1,0.0,3.85,0.0,9,1,0,Budget Learners
U02692,castilloaaron,23,1,andersonrobert@hotmail.com,3,117.68,3.5400000000000005,39.22666666666667,3,0,1,Professional Learners
U02693,jperry,19,1,kathleen56@outlook.com,1,342.61,4.84,342.61,10,2,2,Premium Learners
U02694,kellyemily,30,0,dhart@yahoo.com,2,627.56,2.625,313.78,3,1,2,Premium Learners
U02695,fsmith,30,1,wblair@yahoo.com,1,0.0,2.2,0.0,11,1,1,Professional Learners
U02696,ashley80,25,0,bryan42@yahoo.com,2,490.9,3.275,245.45,0,0,2,Premium Learners
U02697,tracymosley,22,0,yrowe@outlook.com,4,437.08,3.1475,109.27,0,0,0,Budget Learners
U02698,gutierrezthomas,18,0,brett67@gmail.com,12,1798.36,3.0658333333333334,149.86333333333332,0,0,3,Casual Learners
U02699,kleinkenneth,16,0,william50@hotmail.com,1,0.0,4.11,0.0,8,2,0,Budget Learners
U02700,derrickdudley,18,0,jacksonperry@outlook.com,1,57.32,4.74,57.32,11,0,0,Budget Learners
U02701,jessica75,23,0,uoneal@gmail.com,4,425.44,2.95,106.36,0,0,0,Budget Learners
U02702,reginald61,15,1,yolandavargas@yahoo.com,2,0.0,1.635,0.0,5,1,1,Professional Learners
U02703,bonnie51,30,1,danielrobinson@outlook.com,1,0.0,1.73,0.0,7,2,1,Professional Learners
U02704,bprice,23,0,amber20@outlook.com,1,0.0,1.91,0.0,2,2,0,Budget Learners
U02705,mburns,31,1,charlotterussell@gmail.com,2,394.26,1.98,197.13,2,0,2,Premium Learners
U02706,brittanygalvan,21,0,inguyen@outlook.com,1,37.89,1.3,37.89,11,0,0,Budget Learners
U02707,ortizjulie,19,0,dknight@gmail.com,1,117.68,2.57,117.68,3,0,0,Budget Learners
U02708,david95,25,1,qmeyers@yahoo.com,1,472.28,4.74,472.28,9,1,2,Premium Learners
U02709,ginareeves,19,0,natasha95@yahoo.com,12,1256.18,2.8633333333333333,104.68166666666667,2,1,3,Casual Learners
U02710,morrowkyle,23,0,joel24@outlook.com,1,326.02,2.69,326.02,1,2,2,Premium Learners
U02711,dustin11,20,1,jacksonjessica@gmail.com,2,0.0,4.525,0.0,2,1,1,Professional Learners
U02712,lopezjessica,34,0,lisa81@outlook.com,2,472.28,3.81,236.14,9,1,0,Budget Learners
U02713,hannah18,32,0,cynthiaturner@hotmail.com,1,0.0,4.66,0.0,5,2,0,Budget Learners
U02714,breanna67,17,1,john68@hotmail.com,1,0.0,1.73,0.0,7,2,1,Professional Learners
U02715,ericfoster,22,1,reginaldnguyen@hotmail.com,2,0.0,2.215,0.0,1,0,1,Professional Learners
U02716,fmclaughlin,27,0,hjordan@outlook.com,2,0.0,4.045,0.0,3,1,0,Budget Learners
U02717,lmills,31,1,grahamsean@yahoo.com,1,285.05,1.96,285.05,1,1,2,Premium Learners
U02718,dmorrison,27,1,amanda08@hotmail.com,1,0.0,4.1,0.0,6,2,1,Professional Learners
U02719,oblair,29,1,stephaniedavis@yahoo.com,1,0.0,1.91,0.0,2,2,1,Professional Learners
U02720,gsteele,22,1,judy66@yahoo.com,1,212.39,3.15,212.39,5,0,1,Professional Learners
U02721,jcannon,26,1,tnelson@hotmail.com,1,299.57,3.74,299.57,3,1,2,Premium Learners
U02722,nwillis,23,0,jose22@gmail.com,1,0.0,4.11,0.0,8,2,0,Budget Learners
U02723,osmith,25,0,karen62@yahoo.com,1,327.99,1.51,327.99,10,1,2,Premium Learners
U02724,michelle44,35,1,wallaceelizabeth@hotmail.com,1,0.0,1.91,0.0,2,2,1,Professional Learners
U02725,brandon33,23,1,matthew37@gmail.com,1,415.51,3.11,415.51,0,2,2,Premium Learners
U02726,hrush,25,0,vmiller@gmail.com,4,0.0,3.1825,0.0,8,0,0,Budget Learners
U02727,harrisjames,34,1,brettvalencia@gmail.com,2,394.26,3.04,197.13,2,2,2,Premium Learners
U02728,adrian62,33,0,xhorton@outlook.com,1,276.37,2.72,276.37,4,0,2,Premium Learners
U02729,thomasbutler,20,1,jennifer91@outlook.com,1,394.26,1.35,394.26,2,2,2,Premium Learners
U02730,jameschan,27,0,qknight@gmail.com,1,299.57,3.74,299.57,3,1,2,Premium Learners
U02731,ellenmills,26,1,leachandrew@yahoo.com,1,0.0,2.01,0.0,8,0,1,Professional Learners
U02732,sean10,26,1,garciatracy@yahoo.com,1,0.0,4.1,0.0,6,2,1,Professional Learners
U02733,lopezangela,31,1,gonzalezelizabeth@gmail.com,14,1498.86,3.737142857142857,107.06142857142856,1,1,3,Casual Learners
U02734,tswanson,15,0,jackcameron@outlook.com,1,0.0,4.51,0.0,4,1,0,Budget Learners
U02735,mary88,34,0,kmata@gmail.com,1,0.0,3.32,0.0,11,1,0,Budget Learners
U02736,chapmankaren,15,1,vgreene@outlook.com,1,212.39,3.15,212.39,5,0,1,Professional Learners
U02737,thomasbrittany,23,1,gdavis@outlook.com,1,0.0,4.11,0.0,8,2,1,Professional Learners
U02738,adunn,16,0,cbridges@yahoo.com,1,0.0,4.11,0.0,8,2,0,Budget Learners
U02739,vbradley,15,0,kdavis@gmail.com,1,487.92,3.64,487.92,1,0,2,Premium Learners
U02740,rebeccaellis,31,1,zcole@hotmail.com,1,0.0,2.14,0.0,5,1,1,Professional Learners
U02741,cameronvictor,18,1,kimberlywilkins@outlook.com,1,0.0,2.88,0.0,9,1,1,Professional Learners
U02742,gregorymiller,25,0,jrichard@hotmail.com,2,285.05,2.1950000000000003,142.525,1,1,0,Budget Learners
U02743,khart,33,1,rfowler@hotmail.com,14,800.46,3.332142857142857,57.175714285714285,3,2,3,Casual Learners
U02744,marisaallen,24,0,hboyd@hotmail.com,1,342.61,4.84,342.61,10,2,2,Premium Learners
U02745,gregory01,18,0,smithtroy@gmail.com,1,0.0,3.15,0.0,1,0,0,Budget Learners
U02746,lindseypatrick,28,1,stephen55@outlook.com,3,117.68,2.9266666666666663,39.22666666666667,3,0,1,Professional Learners
U02747,atorres,30,1,ihanson@gmail.com,3,53.86,2.8333333333333335,17.953333333333333,2,1,1,Professional Learners
U02748,rgutierrez,27,0,juliahull@hotmail.com,2,0.0,2.615,0.0,0,0,0,Budget Learners
U02749,josephkaren,30,1,meltonmichael@gmail.com,2,0.0,3.915,0.0,1,0,1,Professional Learners
U02750,christyking,23,0,gthompson@gmail.com,2,57.32,3.675,28.66,4,0,0,Budget Learners
U02751,russorenee,24,0,shannon55@hotmail.com,1,0.0,2.01,0.0,8,0,0,Budget Learners
U02752,martineznancy,32,0,zduran@gmail.com,1,0.0,4.44,0.0,5,1,0,Budget Learners
U02753,elittle,26,0,tyleranderson@hotmail.com,1,53.86,2.47,53.86,6,1,0,Budget Learners
U02754,tannerwright,34,1,zachary71@outlook.com,13,888.76,2.439230769230769,68.36615384615385,2,0,3,Casual Learners
U02755,zlove,30,0,vcrawford@hotmail.com,1,0.0,4.14,0.0,6,1,0,Budget Learners
U02756,hwhite,32,0,taylorstephanie@gmail.com,2,326.02,2.65,163.01,1,0,0,Budget Learners
U02757,ralphjohnson,16,1,vboone@yahoo.com,1,415.51,3.11,415.51,0,2,2,Premium Learners
U02758,susan35,25,0,oglenn@outlook.com,2,0.0,3.31,0.0,3,2,0,Budget Learners
U02759,egibbs,20,0,kellyburton@gmail.com,2,0.0,3.6500000000000004,0.0,9,1,0,Budget Learners
U02760,laura80,31,1,andersonrobert@outlook.com,3,374.64000000000004,2.7466666666666666,124.88000000000001,0,2,1,Professional Learners
U02761,nicholasrivera,31,0,jameswallace@yahoo.com,4,394.26,3.5625,98.565,2,1,0,Budget Learners
U02762,thomas14,21,0,zobrien@hotmail.com,2,314.26,2.0100000000000002,157.13,4,0,0,Budget Learners
U02763,hartemily,28,1,kristen62@gmail.com,3,574.12,2.873333333333333,191.37333333333333,0,2,2,Premium Learners
U02764,james00,32,1,martin08@yahoo.com,1,37.89,1.3,37.89,11,0,1,Professional Learners
U02765,benjamin95,21,1,cherylmorgan@hotmail.com,1,0.0,4.45,0.0,4,0,1,Professional Learners
U02766,chapmanbrandon,19,1,obenson@gmail.com,1,0.0,3.93,0.0,2,2,1,Professional Learners
U02767,cole39,31,1,annetteruiz@yahoo.com,14,1377.85,2.9292857142857143,98.41785714285713,10,1,3,Casual Learners
U02768,garciaandre,34,0,hernandezrachel@hotmail.com,2,472.28,4.17,236.14,3,1,2,Premium Learners
U02769,kristinwhite,19,1,angelalarsen@yahoo.com,3,753.2,2.33,251.0666666666667,0,2,2,Premium Learners
U02770,kimberlykeller,31,1,mayomichael@outlook.com,14,1389.02,2.8485714285714288,99.21571428571428,3,0,3,Casual Learners
U02771,courtney04,18,0,christopher58@outlook.com,1,0.78,3.89,0.78,7,0,0,Budget Learners
U02772,zsosa,31,1,aimee88@outlook.com,1,177.34,3.89,177.34,5,0,1,Professional Learners
U02773,edward26,26,1,kristenhorton@outlook.com,1,0.0,3.65,0.0,3,1,1,Professional Learners
U02774,ccastillo,19,1,rileydaisy@hotmail.com,1,0.0,4.14,0.0,6,1,1,Professional Learners
U02775,kimberly18,24,0,harrischristina@outlook.com,12,1423.51,3.4441666666666664,118.62583333333333,5,1,3,Casual Learners
U02776,rochageorge,20,0,romerocynthia@outlook.com,2,0.0,1.6400000000000001,0.0,1,0,0,Budget Learners
U02777,jill42,27,1,diazrichard@yahoo.com,1,0.0,1.28,0.0,9,1,1,Professional Learners
U02778,karengutierrez,29,1,cmendez@outlook.com,3,0.0,3.6300000000000003,0.0,2,1,1,Professional Learners
U02779,michelle28,19,0,anthonyblankenship@hotmail.com,3,809.77,3.046666666666667,269.92333333333335,0,2,2,Premium Learners
U02780,diana33,26,0,smithjennifer@outlook.com,2,0.0,3.83,0.0,1,0,0,Budget Learners
U02781,lindsey05,24,0,fclark@gmail.com,3,700.31,2.9,233.43666666666664,1,0,2,Premium Learners
U02782,scottferrell,25,1,petersheidi@hotmail.com,1,0.0,1.59,0.0,6,0,1,Professional Learners
U02783,uharrington,30,0,lesliewatson@gmail.com,1,0.0,2.88,0.0,9,1,0,Budget Learners
U02784,robrien,23,1,mario05@yahoo.com,2,248.1,1.935,124.05,0,0,1,Professional Learners
U02785,sweeneyheather,25,0,daniel86@outlook.com,1,0.0,3.64,0.0,0,1,0,Budget Learners
U02786,cburch,25,1,mariemiller@gmail.com,12,1390.83,3.464166666666667,115.90249999999999,7,1,3,Casual Learners
U02787,uwilson,21,1,michaelbaker@outlook.com,1,346.71,1.23,346.71,10,0,2,Premium Learners
U02788,kristinjones,20,0,wbennett@gmail.com,12,1273.64,3.6641666666666666,106.13666666666667,2,2,3,Casual Learners
U02789,erinpeters,21,1,darlenesandoval@outlook.com,4,0.0,1.8675,0.0,4,0,1,Professional Learners
U02790,isaac47,25,1,rlawrence@yahoo.com,1,0.0,2.2,0.0,11,1,1,Professional Learners
U02791,williamsmonica,27,1,gaustin@gmail.com,13,917.89,3.3492307692307692,70.60692307692308,4,1,3,Casual Learners
U02792,heidiliu,27,0,xhunter@hotmail.com,14,795.72,3.1342857142857143,56.83714285714286,0,1,3,Casual Learners
U02793,kristen50,22,0,joseph66@yahoo.com,14,1449.91,3.4285714285714284,103.56500000000001,1,1,3,Casual Learners
U02794,ritasmith,33,0,grussell@gmail.com,2,342.61,3.285,171.305,7,2,0,Budget Learners
U02795,stewartmichael,31,1,lorettadunn@outlook.com,1,299.57,3.74,299.57,3,1,2,Premium Learners
U02796,sbrown,33,1,jeffreyrodriguez@hotmail.com,1,0.0,4.44,0.0,5,1,1,Professional Learners
U02797,lori68,34,1,roliver@outlook.com,1,0.78,3.89,0.78,7,0,1,Professional Learners
U02798,vjohnson,28,0,vincent69@outlook.com,1,0.0,3.02,0.0,3,2,0,Budget Learners
U02799,tammymoore,17,1,hannah11@gmail.com,1,0.0,4.72,0.0,8,2,1,Professional Learners
U02800,peterforbes,34,1,turnerdanielle@gmail.com,1,299.57,3.74,299.57,3,1,2,Premium Learners
U02801,benjamin14,15,0,laneeric@outlook.com,3,0.78,3.016666666666667,0.26,3,0,0,Budget Learners
U02802,david57,15,0,zross@outlook.com,1,0.0,4.94,0.0,2,1,0,Budget Learners
U02803,tpeterson,26,1,laurayoung@yahoo.com,2,0.0,3.56,0.0,4,0,1,Professional Learners
U02804,rachel54,24,1,ellisleslie@gmail.com,1,0.0,4.73,0.0,7,2,1,Professional Learners
U02805,thomasrice,16,1,grahammelissa@outlook.com,1,57.32,4.74,57.32,11,0,1,Professional Learners
U02806,melissaerickson,28,1,jonesjean@yahoo.com,1,0.0,3.93,0.0,2,2,1,Professional Learners
U02807,perkinsjason,18,0,miguel97@outlook.com,4,559.0999999999999,3.495,139.77499999999998,5,0,0,Budget Learners
U02808,jasonrush,35,1,april05@hotmail.com,2,0.0,4.45,0.0,8,0,1,Professional Learners
U02809,kimberly35,32,1,andrewssarah@hotmail.com,2,0.0,3.8899999999999997,0.0,0,1,1,Professional Learners
U02810,colemantina,18,0,apriljohnson@hotmail.com,1,0.0,2.14,0.0,5,1,0,Budget Learners
U02811,john38,21,1,allentaylor@yahoo.com,1,0.0,2.61,0.0,4,0,1,Professional Learners
U02812,kellyjohn,17,1,timothy51@gmail.com,1,119.04,2.75,119.04,6,2,1,Professional Learners
U02813,jamestaylor,27,1,davidward@yahoo.com,1,0.0,1.91,0.0,2,2,1,Professional Learners
U02814,brianlove,27,0,holly35@gmail.com,2,0.0,4.3950000000000005,0.0,2,1,0,Budget Learners
U02815,april19,15,0,andrewjones@hotmail.com,4,389.73,2.81,97.4325,5,0,0,Budget Learners
U02816,bennettanthony,25,1,csantana@outlook.com,1,0.0,4.11,0.0,8,2,1,Professional Learners
U02817,michelelara,33,1,xcantu@yahoo.com,1,0.0,1.52,0.0,4,0,1,Professional Learners
U02818,tylerthomas,32,1,jbarber@gmail.com,1,0.78,3.89,0.78,7,0,1,Professional Learners
U02819,cunninghamrichard,20,0,penaangela@hotmail.com,2,0.0,3.7,0.0,7,0,0,Budget Learners
U02820,denise57,30,1,brenda00@gmail.com,1,0.0,1.28,0.0,9,1,1,Professional Learners
U02821,johnsonnicole,27,1,smithnicholas@yahoo.com,11,1173.96,3.2263636363636365,106.72363636363637,10,0,3,Casual Learners
U02822,collin94,15,1,idawson@yahoo.com,1,0.0,4.73,0.0,7,2,1,Professional Learners
U02823,gregorymorris,31,1,jgutierrez@yahoo.com,2,0.0,4.295,0.0,2,2,1,Professional Learners
U02824,juanromero,28,0,lauriecalderon@yahoo.com,1,326.02,2.69,326.02,1,2,2,Premium Learners
U02825,davidford,34,1,agonzales@gmail.com,13,1636.01,2.4292307692307693,125.84692307692308,1,0,3,Casual Learners
U02826,wforbes,25,1,charlesdillon@gmail.com,1,0.0,1.13,0.0,7,1,1,Professional Learners
U02827,samuelpalmer,17,1,alicia21@gmail.com,1,0.0,4.73,0.0,7,2,1,Professional Learners
U02828,nicole44,32,0,heatherleonard@yahoo.com,2,490.9,3.7649999999999997,245.45,0,0,2,Premium Learners
U02829,sjackson,19,0,gibsonjoseph@yahoo.com,1,89.59,2.68,89.59,0,2,0,Budget Learners
U02830,matthewmata,34,0,xmontgomery@outlook.com,1,0.0,2.67,0.0,11,0,0,Budget Learners
U02831,adam49,22,0,lesliecarlson@outlook.com,1,0.0,4.45,0.0,4,0,0,Budget Learners
U02832,charlesdouglas,31,1,nbrooks@hotmail.com,11,0.78,3.0454545454545454,0.07090909090909091,4,0,1,Professional Learners
U02833,stephensdavid,21,0,cervantesmitchell@hotmail.com,2,342.61,3.86,171.305,9,1,0,Budget Learners
U02834,michaelcruz,17,1,downsjason@yahoo.com,1,0.0,3.65,0.0,3,1,1,Professional Learners
U02835,eanderson,31,1,eric44@hotmail.com,1,117.68,2.57,117.68,3,0,1,Professional Learners
U02836,loganmiller,17,0,hillronald@hotmail.com,1,472.28,4.74,472.28,9,1,2,Premium Learners
U02837,drakematthew,31,1,john58@outlook.com,2,0.0,3.795,0.0,1,0,1,Professional Learners
U02838,qneal,35,1,david01@yahoo.com,2,837.6099999999999,2.8899999999999997,418.80499999999995,0,0,2,Premium Learners
U02839,danielreid,18,0,travis74@gmail.com,4,0.0,2.4275,0.0,2,0,0,Budget Learners
U02840,johnsonbenjamin,29,0,tkim@yahoo.com,1,0.0,4.44,0.0,5,1,0,Budget Learners
U02841,walter01,27,0,kevin87@gmail.com,1,0.0,3.65,0.0,3,1,0,Budget Learners
U02842,rogerwalter,20,0,ihamilton@gmail.com,2,490.9,3.275,245.45,0,0,2,Premium Learners
U02843,juliafritz,26,1,perryjuan@outlook.com,14,1296.66,2.5885714285714285,92.61857142857143,3,1,3,Casual Learners
U02844,marc84,21,0,wwilkins@hotmail.com,12,1101.98,3.2266666666666666,91.83166666666666,0,0,3,Casual Learners
U02845,kfischer,22,1,kennethsmith@gmail.com,1,0.0,4.51,0.0,4,1,1,Professional Learners
U02846,fburns,29,0,fernandezshannon@yahoo.com,1,299.57,3.74,299.57,3,1,2,Premium Learners
U02847,joseph72,27,1,melanierogers@hotmail.com,1,0.0,4.1,0.0,6,2,1,Professional Learners
U02848,tanya54,23,1,tiffanymoore@gmail.com,1,0.0,3.93,0.0,2,2,1,Professional Learners
U02849,timothy20,31,0,elizabeth28@yahoo.com,1,0.0,2.88,0.0,9,1,0,Budget Learners
U02850,umorales,25,0,dgilbert@outlook.com,13,993.9,3.116153846153846,76.45384615384616,5,2,3,Casual Learners
U02851,xreed,30,1,bodonnell@hotmail.com,1,394.26,1.35,394.26,2,2,2,Premium Learners
U02852,chansen,23,1,unelson@yahoo.com,1,0.0,2.0,0.0,1,0,1,Professional Learners
U02853,williamflores,25,1,donna26@gmail.com,1,0.0,2.88,0.0,9,1,1,Professional Learners
U02854,amy04,28,1,gregory38@yahoo.com,1,0.0,2.0,0.0,1,0,1,Professional Learners
U02855,knightmichael,18,0,jamesmullins@yahoo.com,1,327.99,1.51,327.99,10,1,2,Premium Learners
U02856,isaacrobinson,19,0,kvang@yahoo.com,1,472.28,4.74,472.28,9,1,2,Premium Learners
U02857,john46,35,1,rnewman@hotmail.com,12,1001.5,2.6266666666666665,83.45833333333333,10,2,3,Casual Learners
U02858,randywilliams,16,0,aguilartheresa@gmail.com,4,0.0,1.9925,0.0,2,1,0,Budget Learners
U02859,michaelwalker,26,0,morgan98@yahoo.com,2,654.01,2.1,327.005,1,1,2,Premium Learners
U02860,pelliott,17,1,robinsonmichele@yahoo.com,1,0.78,3.89,0.78,7,0,1,Professional Learners
U02861,jbaker,29,1,ginakent@gmail.com,1,346.71,1.23,346.71,10,0,2,Premium Learners
U02862,michelle27,27,1,vwilson@gmail.com,2,0.0,2.9299999999999997,0.0,8,0,1,Professional Learners
U02863,pmckay,29,1,robbinsdanielle@gmail.com,1,0.0,3.65,0.0,3,1,1,Professional Learners
U02864,robinsonjessica,25,0,randywilliams@outlook.com,1,0.0,2.01,0.0,8,0,0,Budget Learners
U02865,tami37,35,0,browningscott@yahoo.com,1,0.0,2.0,0.0,1,0,0,Budget Learners
U02866,tommydelgado,20,1,csmith@hotmail.com,2,326.02,3.145,163.01,1,2,2,Premium Learners
U02867,arussell,19,1,bryancarter@yahoo.com,2,177.34,3.87,88.67,5,0,1,Professional Learners
U02868,ryan81,25,1,fpope@hotmail.com,2,0.0,1.8199999999999998,0.0,2,2,1,Professional Learners
U02869,samanthaestrada,26,0,jason22@gmail.com,1,0.0,4.94,0.0,2,1,0,Budget Learners
U02870,evansrachel,27,1,briggscarrie@gmail.com,1,0.0,4.51,0.0,4,1,1,Professional Learners
U02871,jessica49,19,0,daniel44@hotmail.com,1,0.0,4.94,0.0,2,1,0,Budget Learners
U02872,reesejennifer,21,0,wodonnell@yahoo.com,2,342.61,3.995,171.305,1,0,0,Budget Learners
U02873,henrychristine,33,0,qsmith@gmail.com,3,53.86,2.64,17.953333333333333,1,0,0,Budget Learners
U02874,utucker,32,1,alexander29@hotmail.com,11,1151.3899999999999,3.2954545454545454,104.67181818181817,11,0,3,Casual Learners
U02875,michaelscott,27,0,qgreen@hotmail.com,1,285.05,1.96,285.05,1,1,2,Premium Learners
U02876,rothalexis,24,0,fordtiffany@hotmail.com,1,0.0,1.52,0.0,4,0,0,Budget Learners
U02877,pattonmichael,28,1,williamslauren@gmail.com,1,0.0,4.72,0.0,8,2,1,Professional Learners
U02878,palmeralexander,23,1,ocrane@outlook.com,2,534.55,2.9299999999999997,267.275,0,2,2,Premium Learners
U02879,keithcrawford,16,0,wayne10@hotmail.com,1,0.0,4.14,0.0,6,1,0,Budget Learners
U02880,martinezedward,21,0,kelly25@hotmail.com,1,0.0,2.61,0.0,4,0,0,Budget Learners
U02881,uhobbs,27,1,mwilson@yahoo.com,4,276.37,3.5225,69.0925,4,1,1,Professional Learners
U02882,fgarcia,33,0,greenekelly@outlook.com,1,0.0,4.66,0.0,5,2,0,Budget Learners
U02883,karenshaffer,16,0,diana66@hotmail.com,12,2314.35,3.4725,192.86249999999998,1,1,3,Casual Learners
U02884,vkent,31,0,charlesalvarez@gmail.com,3,0.78,4.05,0.26,3,2,0,Budget Learners
U02885,cassandra14,22,1,ufitzgerald@yahoo.com,3,342.61,4.333333333333333,114.20333333333333,3,1,1,Professional Learners
U02886,smithkim,35,1,thomas70@yahoo.com,3,89.59,3.5033333333333334,29.863333333333333,0,0,1,Professional Learners
U02887,jessicafields,30,1,ktate@hotmail.com,4,476.90999999999997,3.5125,119.22749999999999,2,1,1,Professional Learners
U02888,alynch,20,1,pkaiser@yahoo.com,1,117.68,2.57,117.68,3,0,1,Professional Learners
U02889,gbenson,28,0,davidgarcia@yahoo.com,1,326.02,2.69,326.02,1,2,2,Premium Learners
U02890,djackson,18,1,ethansmith@yahoo.com,2,0.0,4.295,0.0,2,2,1,Professional Learners
U02891,ecarlson,27,0,andrea65@hotmail.com,3,702.3,2.7566666666666664,234.1,3,1,2,Premium Learners
U02892,bsullivan,26,0,rubiorandy@gmail.com,1,472.28,4.74,472.28,9,1,2,Premium Learners
U02893,cheryl52,22,1,gsosa@hotmail.com,1,0.0,2.88,0.0,9,1,1,Professional Learners
U02894,paula68,15,0,jessica50@yahoo.com,1,0.0,2.01,0.0,8,0,0,Budget Learners
U02895,nicole26,21,0,robertmason@hotmail.com,2,53.86,3.055,26.93,0,1,0,Budget Learners
U02896,zacharycox,30,1,william90@gmail.com,1,0.0,3.6,0.0,3,2,1,Professional Learners
U02897,kellyprice,27,1,qchristian@outlook.com,1,299.57,3.74,299.57,3,1,2,Premium Learners
U02898,johnstonmary,22,0,michelletaylor@gmail.com,4,619.76,3.975,154.94,4,0,0,Budget Learners
U02899,jennifersoto,28,0,pamelapayne@yahoo.com,13,327.99,3.2446153846153845,25.23,9,1,3,Casual Learners
U02900,jimmyshaffer,35,1,uirwin@yahoo.com,1,394.26,1.35,394.26,2,2,2,Premium Learners
U02901,halljeremiah,30,1,lisabeasley@yahoo.com,1,0.0,2.38,0.0,2,0,1,Professional Learners
U02902,raymondnathan,27,1,xstafford@gmail.com,2,0.0,2.29,0.0,2,0,1,Professional Learners
U02903,spenceralejandra,27,1,pgonzalez@yahoo.com,1,487.92,3.64,487.92,1,0,2,Premium Learners
U02904,gonzalesteresa,18,1,rebecca54@hotmail.com,1,346.71,1.23,346.71,10,0,2,Premium Learners
U02905,youngmatthew,27,0,nelsonrebecca@yahoo.com,2,119.04,2.38,59.52,6,0,0,Budget Learners
U02906,angelalane,24,1,yluna@gmail.com,3,591.3199999999999,3.8766666666666665,197.10666666666665,6,1,2,Premium Learners
U02907,john64,17,0,tmoore@outlook.com,2,415.51,2.8899999999999997,207.755,0,0,2,Premium Learners
U02908,ryan37,34,1,shannonhahn@yahoo.com,1,0.0,2.88,0.0,9,1,1,Professional Learners
U02909,spowell,19,0,moorejessica@gmail.com,14,1205.39,3.4785714285714286,86.09928571428573,0,1,3,Casual Learners
U02910,kimberly62,35,0,hreed@gmail.com,1,0.0,2.0,0.0,1,0,0,Budget Learners
U02911,grayjames,34,0,comptonanne@gmail.com,1,490.9,4.55,490.9,0,1,2,Premium Learners
U02912,levi84,27,1,upowell@outlook.com,2,212.39,2.91,106.195,5,0,1,Professional Learners
U02913,wilsonbarbara,22,0,zyang@gmail.com,1,0.0,1.91,0.0,2,2,0,Budget Learners
U02914,ryanaguilar,31,0,matthew68@gmail.com,2,57.32,4.735,28.66,7,0,0,Budget Learners
U02915,kimcurtis,33,0,michaeltravis@outlook.com,14,415.51,3.4692857142857143,29.679285714285715,8,1,3,Casual Learners
U02916,shortscott,20,1,michelleelliott@gmail.com,15,2093.42,3.3833333333333333,139.56133333333335,0,1,3,Casual Learners
U02917,lorrainebryant,32,0,zwilliams@outlook.com,1,487.92,3.64,487.92,1,0,2,Premium Learners
U02918,melissa07,19,0,uhall@outlook.com,2,0.0,2.8600000000000003,0.0,5,1,0,Budget Learners
U02919,margaretmendoza,25,1,jonesmary@yahoo.com,1,0.0,1.59,0.0,6,0,1,Professional Learners
U02920,jenniferparker,17,1,ncruz@outlook.com,1,0.0,3.65,0.0,3,1,1,Professional Learners
U02921,martinezsusan,16,0,danielsteven@outlook.com,1,0.0,2.38,0.0,2,0,0,Budget Learners
U02922,kelliewaters,25,1,michael84@yahoo.com,1,0.0,2.43,0.0,9,2,1,Professional Learners
U02923,zlloyd,27,1,matthewjohnston@hotmail.com,3,818.89,3.17,272.9633333333333,10,1,2,Premium Learners
U02924,kathy70,21,0,danielle92@gmail.com,1,0.0,1.59,0.0,6,0,0,Budget Learners
U02925,danielle01,18,0,monroesheri@hotmail.com,4,513.3,3.0375,128.325,2,2,0,Budget Learners
U02926,fletcherchad,24,1,andrew63@yahoo.com,1,0.0,3.15,0.0,1,0,1,Professional Learners
U02927,shawfrancis,20,1,pfernandez@yahoo.com,15,1865.3400000000001,2.7213333333333334,124.35600000000001,1,1,3,Casual Learners
U02928,jose36,26,1,lynn84@outlook.com,1,0.0,4.1,0.0,6,2,1,Professional Learners
U02929,rodriguezdaniel,16,0,lisacastillo@outlook.com,1,472.28,4.74,472.28,9,1,2,Premium Learners
U02930,richard82,26,0,johnsonkelsey@gmail.com,1,285.05,1.96,285.05,1,1,2,Premium Learners
U02931,gutierreznicholas,28,0,michaelgriffin@gmail.com,15,156.93,2.7606666666666664,10.462,3,2,3,Casual Learners
U02932,vwong,17,0,novakmaureen@gmail.com,1,0.0,3.32,0.0,11,1,0,Budget Learners
U02933,harristonya,34,1,bakeralexander@outlook.com,1,0.0,4.45,0.0,4,0,1,Professional Learners
U02934,curtisgrant,29,0,debragray@outlook.com,1,299.57,3.74,299.57,3,1,2,Premium Learners
U02935,ijames,25,0,davidwagner@hotmail.com,2,700.56,2.535,350.28,0,1,2,Premium Learners
U02936,jenniferochoa,35,0,ryanperez@gmail.com,2,0.0,3.665,0.0,4,0,0,Budget Learners
U02937,tylerbrown,23,1,cynthia58@outlook.com,13,648.58,2.923076923076923,49.89076923076924,6,0,3,Casual Learners
U02938,rbaldwin,28,1,jennifer00@hotmail.com,1,0.0,2.0,0.0,1,0,1,Professional Learners
U02939,dunnandrea,18,0,rhodesdawn@yahoo.com,1,0.0,3.6,0.0,3,2,0,Budget Learners
U02940,qnolan,18,0,saraguzman@hotmail.com,3,346.71,2.266666666666667,115.57,5,1,0,Budget Learners
U02941,herreradanielle,22,1,gibsonelizabeth@gmail.com,12,907.5,3.1641666666666666,75.625,5,1,3,Casual Learners
U02942,yolandavaldez,18,1,ahubbard@gmail.com,3,415.51,3.143333333333333,138.50333333333333,0,0,1,Professional Learners
U02943,lhiggins,19,0,wjones@yahoo.com,1,0.0,4.11,0.0,8,2,0,Budget Learners
U02944,tanderson,23,0,sheilajensen@outlook.com,1,0.0,1.59,0.0,6,0,0,Budget Learners
U02945,lunaemily,23,0,antonioriddle@yahoo.com,12,1621.1599999999999,2.654166666666667,135.09666666666666,11,1,3,Casual Learners
U02946,jenniferellis,18,0,gloverraven@yahoo.com,1,0.0,4.72,0.0,8,2,0,Budget Learners
U02947,perezbrittany,18,0,robin71@yahoo.com,11,912.1299999999999,2.8963636363636365,82.92090909090908,0,1,3,Casual Learners
U02948,ashleykirby,33,1,zacharyhopkins@gmail.com,1,0.0,3.65,0.0,3,1,1,Professional Learners
U02949,wjordan,17,0,hnorman@hotmail.com,2,787.49,3.6900000000000004,393.745,1,0,2,Premium Learners
U02950,wattschelsea,35,1,phiggins@yahoo.com,4,342.61,3.4924999999999997,85.6525,4,0,1,Professional Learners
U02951,daniel62,28,1,smack@hotmail.com,1,0.0,3.93,0.0,2,2,1,Professional Learners
U02952,nathan85,32,1,victoriasmith@outlook.com,2,0.0,4.075,0.0,0,1,1,Professional Learners
U02953,hilljacob,21,1,bdavis@hotmail.com,1,285.05,1.96,285.05,1,1,2,Premium Learners
U02954,debra50,35,0,nathan26@outlook.com,2,487.92,3.01,243.96,1,0,2,Premium Learners
U02955,bryanaudrey,25,1,edward99@gmail.com,1,57.32,4.74,57.32,11,0,1,Professional Learners
U02956,bryantgabriel,18,1,juan31@gmail.com,2,53.86,1.875,26.93,6,1,1,Professional Learners
U02957,moralesjoseph,31,1,michelle20@gmail.com,1,0.0,2.38,0.0,2,0,1,Professional Learners
U02958,pcross,33,1,michelle70@gmail.com,12,1338.41,2.9658333333333338,111.53416666666668,1,0,3,Casual Learners
U02959,huntererik,29,1,keith88@hotmail.com,2,276.37,2.85,138.185,4,0,1,Professional Learners
U02960,smithbarry,24,1,mark20@outlook.com,1,299.57,3.74,299.57,3,1,2,Premium Learners
U02961,michael52,25,0,matthewwagner@gmail.com,1,0.0,3.65,0.0,3,1,0,Budget Learners
U02962,katie12,23,1,haynesamanda@yahoo.com,1,0.0,4.1,0.0,6,2,1,Professional Learners
U02963,nliu,18,0,walshsabrina@gmail.com,1,0.0,1.73,0.0,7,2,0,Budget Learners
U02964,amandajohnson,33,1,deborah39@gmail.com,1,0.0,4.73,0.0,7,2,1,Professional Learners
U02965,emma46,16,1,pgonzales@yahoo.com,1,327.99,1.51,327.99,10,1,2,Premium Learners
U02966,shawncampbell,26,0,dakotamedina@hotmail.com,4,0.0,3.52,0.0,1,0,0,Budget Learners
U02967,michael85,21,1,handerson@outlook.com,1,0.0,2.01,0.0,8,0,1,Professional Learners
U02968,karenjimenez,34,0,crawfordrenee@yahoo.com,2,511.96,3.4450000000000003,255.98,3,0,2,Premium Learners
U02969,bellangelica,18,0,sara69@outlook.com,13,1177.78,2.920769230769231,90.59846153846154,1,1,3,Casual Learners
U02970,lmorgan,34,1,kennethbrown@yahoo.com,2,90.37,3.285,45.185,0,0,1,Professional Learners
U02971,robertseddie,20,0,macdonaldkim@hotmail.com,13,776.89,3.0323076923076924,59.76076923076923,0,0,3,Casual Learners
U02972,zwilson,35,1,jillhernandez@outlook.com,2,580.49,3.615,290.245,0,1,2,Premium Learners
U02973,goodwinbryan,28,0,peter36@outlook.com,1,0.0,1.13,0.0,7,1,0,Budget Learners
U02974,barnettkaitlyn,31,0,kerritaylor@yahoo.com,14,1206.08,3.391428571428571,86.14857142857143,3,1,3,Casual Learners
U02975,saramiller,22,1,susancline@gmail.com,1,0.0,3.64,0.0,0,1,1,Professional Learners
U02976,christopherellis,28,0,bartonbruce@outlook.com,16,1526.86,3.145,95.42875,4,0,3,Casual Learners
U02977,ydavis,33,1,kellyrobert@outlook.com,1,394.26,1.35,394.26,2,2,2,Premium Learners
U02978,donaldjenkins,18,0,veronicamurphy@outlook.com,4,248.1,2.2675,62.025,0,1,0,Budget Learners
U02979,dkim,26,1,bbryant@hotmail.com,1,212.39,3.15,212.39,5,0,1,Professional Learners
U02980,yodonnell,27,1,richard69@hotmail.com,12,804.66,2.9808333333333334,67.05499999999999,4,1,3,Casual Learners
U02981,usloan,23,1,fsmith@yahoo.com,14,1177.0,2.7721428571428572,84.07142857142857,9,0,3,Casual Learners
U02982,xfischer,20,0,brian61@hotmail.com,1,0.0,4.68,0.0,10,1,0,Budget Learners
U02983,timothybennett,35,0,yromero@yahoo.com,1,0.0,4.1,0.0,6,2,0,Budget Learners
U02984,coleandrew,35,0,carlos93@gmail.com,14,1574.03,3.5157142857142856,112.43071428571429,10,0,3,Casual Learners
U02985,maynardlisa,35,1,todd45@yahoo.com,1,0.78,3.89,0.78,7,0,1,Professional Learners
U02986,sanchezdustin,16,1,zfranco@gmail.com,2,590.71,3.02,295.355,0,1,2,Premium Learners
U02987,qmiller,26,1,athompson@yahoo.com,1,0.0,3.85,0.0,9,1,1,Professional Learners
U02988,anthonyhampton,17,1,marroyo@hotmail.com,1,0.0,4.72,0.0,8,2,1,Professional Learners
U02989,neil55,22,1,dale92@yahoo.com,11,968.91,3.4227272727272724,88.08272727272727,2,2,3,Casual Learners
U02990,timothy15,22,1,kingtodd@gmail.com,2,472.28,3.165,236.14,6,0,2,Premium Learners
U02991,andrea88,27,0,anitajenkins@outlook.com,1,0.0,1.28,0.0,9,1,0,Budget Learners
U02992,michelle74,24,0,dcombs@gmail.com,12,1913.78,3.1683333333333334,159.48166666666665,1,2,3,Casual Learners
U02993,cummingsdawn,20,0,littlekathryn@outlook.com,1,0.0,1.59,0.0,6,0,0,Budget Learners
U02994,rhodesjames,31,0,michael02@outlook.com,14,1069.44,2.682857142857143,76.38857142857144,1,1,3,Casual Learners
U02995,larryhunter,16,1,ashleyday@gmail.com,1,37.89,1.3,37.89,11,0,1,Professional Learners
U02996,rebeccamccoy,32,1,james28@outlook.com,1,0.0,4.14,0.0,6,1,1,Professional Learners
U02997,jburke,21,0,nramos@yahoo.com,1,0.0,1.81,0.0,7,0,0,Budget Learners
U02998,choikendra,33,1,katherinebeck@hotmail.com,1,37.89,1.3,37.89,11,0,1,Professional Learners
U02999,rachelmalone,20,1,rodgerserica@hotmail.com,1,37.89,1.3,37.89,11,0,1,Professional Learners
U03000,harperdouglas,15,1,jackie41@gmail.com,1,394.26,1.35,394.26,2,2,2,Premium Learners
