UserID,UserName,Age,Gender,Email,TotalCourses,TotalSpending,AvgCourseRating,AvgCoursePrice,PreferredCategory,PreferredLevel
U00001,wilsonjordan,15,Male,patricia27@hotmail.com,1,394.26,1.35,394.26,Cybersecurity,Intermediate
U00002,angela22,29,Female,hallrandy@hotmail.com,1,0.0,2.88,0.0,Programming,Beginner
U00003,morrisonamanda,33,Female,ganderson@yahoo.com,11,613.98,2.889090909090909,55.81636363636364,Marketing,Advanced
U00004,fthornton,23,Female,christensencatherine@outlook.com,13,982.05,3.4515384615384614,75.54230769230769,Digital Marketing,Intermediate
U00005,fostergeoffrey,21,Male,karenfuentes@yahoo.com,2,346.71,2.0549999999999997,173.355,Programming,Advanced
U00006,jacksonjose,21,Male,wilsonnatalie@outlook.com,1,0.78,3.89,0.78,Machine Learning,Advanced
U00007,grodriguez,24,Male,lopezjoseph@gmail.com,1,0.0,1.91,0.0,Cybersecurity,Intermediate
U00008,adkinsapril,33,Female,sanfordtaylor@gmail.com,1,0.0,4.1,0.0,Finance,Intermediate
U00009,heathercallahan,20,Female,chelseastephenson@outlook.com,1,276.37,2.72,276.37,Design,Advanced
U00010,qlam,34,Female,brian31@outlook.com,2,326.02,3.165,163.01,Artificial Intelligence,Beginner
U00011,ashley16,15,Female,guzmanantonio@outlook.com,2,299.57,3.205,149.785,Data Science,Advanced
U00012,mirandatimothy,15,Female,paula93@outlook.com,2,327.99,1.5150000000000001,163.995,Design,Advanced
U00013,cherrykathleen,33,Female,michelewatkins@outlook.com,14,1432.33,2.869285714285714,102.3092857142857,Machine Learning,Advanced
U00014,huertatimothy,30,Male,gabrielanderson@yahoo.com,1,0.0,1.81,0.0,Machine Learning,Advanced
U00015,tbaker,27,Female,kelly33@yahoo.com,14,2035.06,2.7607142857142857,145.36142857142858,Artificial Intelligence,Beginner
U00016,josephmullins,32,Male,amysparks@outlook.com,1,0.0,4.79,0.0,Marketing,Advanced
U00017,theresa55,24,Male,pachecojeremy@gmail.com,3,963.18,4.6499999999999995,321.06,Artificial Intelligence,Beginner
U00018,nicole97,24,Female,aprilharrell@hotmail.com,16,1468.03,3.1081250000000002,91.751875,Artificial Intelligence,Beginner
U00019,rlawson,24,Female,kingjulia@gmail.com,1,0.0,4.51,0.0,Design,Beginner
U00020,evansmichael,27,Female,eharris@hotmail.com,1,0.0,2.88,0.0,Programming,Beginner
U00021,autumn63,15,Male,julieestrada@hotmail.com,2,177.34,3.135,88.67,Cybersecurity,Advanced
U00022,patriciaadkins,31,Male,thomas63@hotmail.com,1,0.0,4.68,0.0,Project Management,Beginner
U00023,micheal78,32,Male,ashleymorris@yahoo.com,1,0.0,4.51,0.0,Design,Beginner
U00024,steven43,18,Female,petersonlori@yahoo.com,1,0.0,3.93,0.0,Cybersecurity,Intermediate
U00025,georgewhite,34,Male,jamesbradshaw@hotmail.com,4,119.04,2.605,29.76,Finance,Advanced
U00026,andrew02,19,Male,jason57@yahoo.com,1,327.99,1.51,327.99,Project Management,Beginner
U00027,hunter32,31,Male,ronaldthomas@yahoo.com,2,0.0,2.915,0.0,Cybersecurity,Advanced
U00028,zgomez,30,Female,rwhitaker@outlook.com,12,1012.66,3.015,84.38833333333334,Finance,Beginner
U00029,hartmanjon,30,Male,nicole88@gmail.com,1,326.02,2.69,326.02,Business,Intermediate
U00030,david76,34,Male,robert64@outlook.com,1,0.0,3.45,0.0,Project Management,Intermediate
U00031,lovedavid,30,Male,fbooth@yahoo.com,1,0.0,2.2,0.0,Web Development,Beginner
U00032,veronica83,18,Male,andrea24@yahoo.com,1,285.05,1.96,285.05,Business,Beginner
U00033,rodrigueznatalie,25,Male,linda50@gmail.com,1,276.37,2.72,276.37,Design,Advanced
U00034,ilopez,32,Female,scottwatts@yahoo.com,2,248.1,2.67,124.05,Artificial Intelligence,Beginner
U00035,chernandez,32,Male,bryangilbert@yahoo.com,1,0.78,3.89,0.78,Machine Learning,Advanced
U00036,coxmichael,24,Female,leonardkimberly@hotmail.com,1,0.0,3.85,0.0,Programming,Beginner
U00037,lisabraun,31,Female,ericbrown@hotmail.com,2,0.0,1.9849999999999999,0.0,Cybersecurity,Advanced
U00038,williamselizabeth,35,Male,kpham@gmail.com,1,0.0,3.93,0.0,Cybersecurity,Intermediate
U00039,blackdanielle,16,Female,michaelfrederick@yahoo.com,1,346.71,1.23,346.71,Project Management,Advanced
U00040,briannamurphy,15,Male,ohobbs@gmail.com,1,0.0,3.85,0.0,Programming,Beginner
U00041,april65,19,Female,imccarthy@yahoo.com,2,326.02,3.5650000000000004,163.01,Business,Beginner
U00042,christopher62,32,Male,patrickterrance@outlook.com,1,89.59,2.68,89.59,Artificial Intelligence,Intermediate
U00043,tommy21,31,Male,gordonhenry@hotmail.com,1,327.99,1.51,327.99,Project Management,Beginner
U00044,rileyapril,19,Male,wagnermichael@hotmail.com,1,299.57,3.74,299.57,Data Science,Beginner
U00045,rodneystevens,23,Female,mitchellwilliam@yahoo.com,14,1209.79,3.375,86.41357142857143,Project Management,Beginner
U00046,usimpson,29,Female,hmarquez@hotmail.com,2,0.0,1.325,0.0,Design,Advanced
U00047,westbrian,34,Male,lclark@outlook.com,1,0.0,3.6,0.0,Data Science,Intermediate
U00048,willie71,19,Male,zgarza@hotmail.com,13,356.89,3.329230769230769,27.45307692307692,Design,Beginner
U00049,nclark,32,Male,thomaskenneth@gmail.com,1,0.0,3.45,0.0,Project Management,Intermediate
U00050,rewing,33,Male,syoung@gmail.com,1,0.0,2.61,0.0,Design,Advanced
U00051,crystal12,32,Female,bonnie35@gmail.com,1,0.0,4.51,0.0,Design,Beginner
U00052,daniel48,25,Female,tweber@gmail.com,1,0.78,3.89,0.78,Machine Learning,Advanced
U00053,tara07,34,Female,bergertimothy@hotmail.com,1,53.86,2.47,53.86,Finance,Beginner
U00054,jessicaparker,22,Female,rosslindsey@hotmail.com,1,490.9,4.55,490.9,Artificial Intelligence,Beginner
U00055,hallandrea,31,Female,michelle73@gmail.com,16,1448.25,3.055625,90.515625,Design,Advanced
U00056,vcrawford,22,Female,markfinley@gmail.com,2,0.0,2.745,0.0,Design,Advanced
U00057,thomasrobin,18,Male,cedwards@yahoo.com,1,487.92,3.64,487.92,Business,Advanced
U00058,egomez,30,Female,jimmymurphy@outlook.com,1,117.68,2.57,117.68,Data Science,Advanced
U00059,elizabeth16,32,Male,andersonmadison@gmail.com,1,0.0,4.51,0.0,Design,Beginner
U00060,albert28,26,Male,stephanie43@yahoo.com,4,53.86,3.515,13.465,Finance,Beginner
U00061,vincent12,32,Female,yscott@outlook.com,1,0.0,1.91,0.0,Cybersecurity,Intermediate
U00062,howenathaniel,28,Female,tbrown@yahoo.com,1,0.0,3.85,0.0,Programming,Beginner
U00063,lisawong,34,Female,denise33@outlook.com,2,299.57,3.31,149.785,Data Science,Beginner
U00064,donnabarker,33,Female,gellis@yahoo.com,1,276.37,2.72,276.37,Design,Advanced
U00065,michaelcurtis,29,Male,brownrobert@hotmail.com,1,0.0,2.67,0.0,Web Development,Advanced
U00066,wwest,26,Female,gomezkatherine@gmail.com,1,327.99,1.51,327.99,Project Management,Beginner
U00067,jessica24,28,Female,gardnerjohnny@hotmail.com,1,119.04,2.75,119.04,Finance,Intermediate
U00068,marshmichelle,32,Male,mcoleman@outlook.com,1,0.0,3.45,0.0,Project Management,Intermediate
U00069,gainesandrew,27,Female,woodashley@outlook.com,2,0.0,3.67,0.0,Design,Advanced
U00070,mgonzales,25,Female,vwang@gmail.com,2,0.0,4.6899999999999995,0.0,Digital Marketing,Intermediate
U00071,kevin94,30,Female,gonzalezchristine@hotmail.com,14,641.94,2.777857142857143,45.85285714285715,Programming,Beginner
U00072,hallanthony,17,Female,sharon51@hotmail.com,1,326.02,2.69,326.02,Business,Intermediate
U00073,katie83,16,Male,lydia56@gmail.com,1,0.78,3.89,0.78,Machine Learning,Advanced
U00074,nunezapril,19,Male,hancocksteven@hotmail.com,3,963.18,3.5233333333333334,321.06,Programming,Beginner
U00075,hfarley,22,Male,torresshawn@hotmail.com,1,0.0,4.45,0.0,Design,Advanced
U00076,justinwatkins,34,Male,amyanderson@hotmail.com,4,472.28,3.0949999999999998,118.07,Business,Beginner
U00077,shannon49,20,Male,shane75@yahoo.com,1,0.0,4.11,0.0,Marketing,Intermediate
U00078,ahouston,32,Female,ashleywalker@outlook.com,1,0.0,4.11,0.0,Marketing,Intermediate
U00079,aburke,28,Male,stoutdylan@outlook.com,1,0.0,4.94,0.0,Cybersecurity,Beginner
U00080,mortonandrew,35,Female,cindycox@yahoo.com,1,0.0,2.88,0.0,Programming,Beginner
U00081,smithdanny,18,Female,martinrhonda@yahoo.com,1,0.0,1.52,0.0,Design,Advanced
U00082,susankidd,31,Male,jasonhicks@yahoo.com,1,0.0,4.68,0.0,Project Management,Beginner
U00083,james92,16,Male,kconrad@gmail.com,15,1661.3,2.9953333333333334,110.75333333333333,Artificial Intelligence,Intermediate
U00084,xperez,20,Male,ericafrank@yahoo.com,1,327.99,1.51,327.99,Project Management,Beginner
U00085,scottluna,22,Female,adam86@yahoo.com,13,1149.12,2.9084615384615384,88.39384615384614,Cybersecurity,Beginner
U00086,nicole62,27,Female,anewton@yahoo.com,4,53.86,2.47,13.465,Business,Advanced
U00087,sjoseph,19,Female,jacqueline74@yahoo.com,3,0.0,4.506666666666667,0.0,Machine Learning,Intermediate
U00088,tgarcia,23,Male,debrawilson@yahoo.com,1,0.0,3.64,0.0,Artificial Intelligence,Beginner
U00089,austinspears,30,Male,browningjennifer@hotmail.com,1,0.0,4.73,0.0,Machine Learning,Intermediate
U00090,sethchavez,34,Male,teresa45@outlook.com,1,0.0,3.45,0.0,Project Management,Intermediate
U00091,joseph88,35,Male,owenspatricia@gmail.com,1,0.0,4.14,0.0,Finance,Beginner
U00092,carl44,31,Male,sabrina47@yahoo.com,4,594.81,2.7175000000000002,148.7025,Artificial Intelligence,Advanced
U00093,sextonelizabeth,16,Male,thomas52@gmail.com,1,285.05,1.96,285.05,Business,Beginner
U00094,qtaylor,27,Male,vasquezdavid@yahoo.com,1,299.57,3.74,299.57,Data Science,Beginner
U00095,ojohnson,20,Male,chloe04@yahoo.com,1,248.1,1.2,248.1,Artificial Intelligence,Beginner
U00096,wesley99,34,Female,xdavis@hotmail.com,4,0.0,2.58,0.0,Machine Learning,Beginner
U00097,donnawilliams,25,Male,guzmanchristine@gmail.com,2,0.0,2.0949999999999998,0.0,Cybersecurity,Advanced
U00098,sarah43,31,Male,natasha16@yahoo.com,1,0.0,4.45,0.0,Design,Advanced
U00099,wharrison,29,Female,robertsshawn@yahoo.com,1,299.57,3.74,299.57,Data Science,Beginner
U00100,swallace,32,Female,douglascampbell@outlook.com,1,0.0,2.14,0.0,Digital Marketing,Beginner
U00101,rosejames,15,Female,wilcoxrita@yahoo.com,1,89.59,2.68,89.59,Artificial Intelligence,Intermediate
U00102,vweiss,32,Male,cherylking@yahoo.com,1,299.57,3.74,299.57,Data Science,Beginner
U00103,felicia29,30,Female,ssims@hotmail.com,1,0.0,2.0,0.0,Business,Advanced
U00104,diazsara,19,Male,mosschad@yahoo.com,1,53.86,2.47,53.86,Finance,Beginner
U00105,smithjacqueline,27,Male,robinfranklin@outlook.com,1,299.57,3.74,299.57,Data Science,Beginner
U00106,sharonmurphy,19,Male,cathy60@yahoo.com,2,57.32,3.4400000000000004,28.66,Digital Marketing,Advanced
U00107,hayley84,18,Female,wwood@hotmail.com,1,0.0,3.85,0.0,Programming,Beginner
U00108,jowen,32,Male,jasonjordan@yahoo.com,2,0.0,2.965,0.0,Design,Advanced
U00109,amyschmidt,15,Female,alicia06@yahoo.com,14,869.77,3.157857142857143,62.12642857142857,Data Science,Beginner
U00110,thorntondaniel,26,Female,kellywilson@hotmail.com,1,487.92,3.64,487.92,Business,Advanced
U00111,cynthia90,24,Male,kayla61@outlook.com,1,0.0,2.14,0.0,Digital Marketing,Beginner
U00112,williamswilliam,34,Female,qmiller@yahoo.com,14,565.8,3.165714285714286,40.41428571428571,Data Science,Advanced
U00113,becky55,19,Male,lclark@hotmail.com,1,346.71,1.23,346.71,Project Management,Advanced
U00114,lvasquez,22,Female,markwilliams@hotmail.com,1,0.0,2.38,0.0,Cybersecurity,Advanced
U00115,mitchellswanson,32,Female,danielmathews@hotmail.com,1,0.0,1.73,0.0,Machine Learning,Intermediate
U00116,schultzaustin,31,Male,psmith@outlook.com,1,0.0,1.52,0.0,Design,Advanced
U00117,kristin26,19,Female,megan10@gmail.com,13,1885.87,3.373076923076923,145.06692307692308,Cybersecurity,Beginner
U00118,morankevin,28,Female,marquezwilliam@hotmail.com,1,0.0,2.0,0.0,Business,Advanced
U00119,phillipsrobert,28,Male,wlee@yahoo.com,1,57.32,4.74,57.32,Web Development,Advanced
U00120,faguilar,15,Male,ashley54@gmail.com,2,415.51,3.215,207.755,Artificial Intelligence,Beginner
U00121,htanner,27,Female,donaldbrennan@hotmail.com,2,328.77,2.7,164.385,Machine Learning,Advanced
U00122,derekgreer,21,Female,elizabeth42@gmail.com,2,0.0,2.895,0.0,Digital Marketing,Beginner
U00123,richardsonjames,18,Female,dillonleslie@outlook.com,2,356.89,4.24,178.445,Data Science,Advanced
U00124,christinagilbert,19,Female,brendanaustin@yahoo.com,2,460.49,2.175,230.245,Artificial Intelligence,Advanced
U00125,michelle70,35,Female,simsbruce@yahoo.com,2,326.02,2.25,163.01,Business,Advanced
U00126,zhall,23,Female,juliecervantes@yahoo.com,14,1084.57,3.457142857142857,77.4692857142857,Digital Marketing,Beginner
U00127,brian60,34,Female,annablair@hotmail.com,3,903.4300000000001,3.846666666666667,301.1433333333334,Artificial Intelligence,Advanced
U00128,misty15,35,Female,thomasharris@yahoo.com,13,1813.65,3.106923076923077,139.51153846153846,Artificial Intelligence,Beginner
U00129,sabrinawilson,19,Male,alvaradokevin@gmail.com,2,415.51,3.885,207.755,Artificial Intelligence,Intermediate
U00130,eherring,17,Male,joshua83@yahoo.com,1,248.1,1.2,248.1,Artificial Intelligence,Beginner
U00131,chelsea48,19,Male,stephaniedougherty@gmail.com,1,0.0,3.15,0.0,Business,Advanced
U00132,kathysharp,22,Male,sean85@yahoo.com,1,0.0,1.13,0.0,Machine Learning,Beginner
U00133,mccarthyscott,21,Male,raymondthomas@gmail.com,14,828.33,2.830714285714286,59.166428571428575,Marketing,Beginner
U00134,syoung,26,Female,kroy@gmail.com,14,1438.21,3.3528571428571428,102.72928571428572,Finance,Advanced
U00135,josephmichael,17,Female,clarknicholas@gmail.com,1,0.0,3.02,0.0,Data Science,Intermediate
U00136,millerleslie,25,Female,william31@gmail.com,1,0.0,3.15,0.0,Business,Advanced
U00137,lawrencesanchez,15,Female,donaldtaylor@outlook.com,2,460.29,3.705,230.145,Data Science,Advanced
U00138,sarafuentes,26,Male,ugonzales@gmail.com,2,0.0,1.8699999999999999,0.0,Design,Advanced
U00139,qharrell,16,Female,daniel87@yahoo.com,4,248.1,1.8275000000000001,62.025,Artificial Intelligence,Advanced
U00140,william81,24,Female,ewalker@hotmail.com,2,53.86,3.5650000000000004,26.93,Digital Marketing,Beginner
U00141,jenkinswilliam,20,Male,nicolerodriguez@gmail.com,1,0.0,2.88,0.0,Programming,Beginner
U00142,brian08,17,Female,stephenhenry@gmail.com,1,472.28,4.74,472.28,Programming,Beginner
U00143,sherri37,26,Male,lopezbrian@outlook.com,2,177.34,4.415,88.67,Cybersecurity,Advanced
U00144,rodgerspaul,24,Female,amy66@hotmail.com,13,953.67,3.173076923076923,73.35923076923076,Finance,Intermediate
U00145,shawnbrown,23,Female,amandasingh@yahoo.com,1,0.0,4.94,0.0,Cybersecurity,Beginner
U00146,ihernandez,30,Female,rgarcia@outlook.com,1,0.0,4.44,0.0,Digital Marketing,Beginner
U00147,patricklaura,30,Male,barbarapatterson@yahoo.com,12,1195.68,3.0775,99.64,Data Science,Beginner
U00148,andersenmichael,35,Female,rsmith@outlook.com,1,0.0,3.02,0.0,Data Science,Intermediate
U00149,jacksonanthony,17,Female,yspencer@gmail.com,10,906.41,3.303,90.64099999999999,Artificial Intelligence,Advanced
U00150,nsmith,25,Male,zjefferson@gmail.com,2,0.0,3.245,0.0,Cybersecurity,Advanced
U00151,johnjohnson,16,Female,heathrodney@hotmail.com,1,0.0,4.44,0.0,Digital Marketing,Beginner
U00152,hhill,19,Female,keith03@outlook.com,12,1368.9199999999998,3.296666666666667,114.07666666666665,Cybersecurity,Beginner
U00153,scottgilbert,35,Male,sextondillon@yahoo.com,2,37.89,2.575,18.945,Programming,Advanced
U00154,jessicabailey,29,Male,colleen99@outlook.com,1,248.1,1.2,248.1,Artificial Intelligence,Beginner
U00155,browningstephanie,27,Male,cindy51@gmail.com,2,0.0,3.71,0.0,Finance,Beginner
U00156,phill,17,Male,natalie68@outlook.com,1,0.0,1.59,0.0,Finance,Advanced
U00157,derek60,32,Female,dhall@hotmail.com,2,212.39,2.53,106.195,Cybersecurity,Advanced
U00158,nicholas56,35,Female,lisa06@yahoo.com,1,0.0,1.28,0.0,Programming,Beginner
U00159,rodriguezraymond,16,Male,richardsonwilliam@yahoo.com,2,53.86,2.1,26.93,Finance,Beginner
U00160,kingspencer,28,Female,gillvalerie@yahoo.com,1,327.99,1.51,327.99,Project Management,Beginner
U00161,lawrence17,25,Female,tstone@outlook.com,11,605.6,2.8972727272727274,55.054545454545455,Business,Advanced
U00162,charlesayala,26,Male,kmyers@gmail.com,1,0.0,1.59,0.0,Finance,Advanced
U00163,clinejacqueline,32,Female,johnsonshelly@hotmail.com,1,0.0,3.45,0.0,Project Management,Intermediate
U00164,james63,32,Male,jessica46@outlook.com,2,0.0,3.2700000000000005,0.0,Machine Learning,Advanced
U00165,wcarroll,30,Male,angela19@hotmail.com,4,419.82,2.995,104.955,Artificial Intelligence,Intermediate
U00166,campbellkelsey,33,Male,hinesjoshua@gmail.com,15,248.88,3.1886666666666668,16.592,Machine Learning,Intermediate
U00167,rogersjohn,31,Female,jonathan94@hotmail.com,1,0.0,4.94,0.0,Cybersecurity,Beginner
U00168,gillespiekimberly,24,Female,michael38@outlook.com,1,326.02,2.69,326.02,Business,Intermediate
U00169,vasquezjohn,24,Male,youngmaurice@yahoo.com,13,567.16,2.636923076923077,43.62769230769231,Design,Advanced
U00170,millerdavid,34,Female,mark06@hotmail.com,3,0.0,2.72,0.0,Programming,Beginner
U00171,egardner,24,Male,obrienmolly@outlook.com,2,0.0,4.0649999999999995,0.0,Project Management,Beginner
U00172,nglass,35,Female,charleshernandez@hotmail.com,1,0.0,4.73,0.0,Machine Learning,Intermediate
U00173,fernando38,31,Male,patriciagarcia@gmail.com,14,1094.82,3.1978571428571425,78.20142857142856,Artificial Intelligence,Beginner
U00174,michelle60,29,Male,sgriffith@yahoo.com,1,212.39,3.15,212.39,Digital Marketing,Advanced
U00175,xlambert,32,Female,leonardlisa@gmail.com,2,490.9,2.915,245.45,Artificial Intelligence,Beginner
U00176,gary81,34,Male,jameshartman@hotmail.com,1,0.0,4.68,0.0,Project Management,Beginner
U00177,torreschristine,29,Female,adriana95@yahoo.com,14,1526.54,3.0235714285714286,109.03857142857143,Finance,Beginner
U00178,gonzaleslisa,20,Male,robertspencer@outlook.com,14,236.72000000000003,3.54,16.90857142857143,Data Science,Beginner
U00179,mariaavila,34,Male,tpineda@outlook.com,2,487.92,2.685,243.96,Business,Advanced
U00180,xglenn,26,Female,bruce16@hotmail.com,1,0.0,4.73,0.0,Machine Learning,Intermediate
U00181,stephanie98,32,Female,angela26@yahoo.com,1,299.57,3.74,299.57,Data Science,Beginner
U00182,nancyibarra,28,Female,rmadden@gmail.com,1,0.0,4.1,0.0,Finance,Intermediate
U00183,christopherhall,33,Male,virginia17@outlook.com,1,0.0,4.73,0.0,Machine Learning,Intermediate
U00184,kroth,28,Male,nrhodes@hotmail.com,1,0.0,2.38,0.0,Cybersecurity,Advanced
U00185,jwalls,27,Male,carrillomichael@outlook.com,1,57.32,4.74,57.32,Web Development,Advanced
U00186,alexbrown,28,Female,nortonlisa@outlook.com,2,326.02,3.0700000000000003,163.01,Business,Intermediate
U00187,taylor05,18,Male,staceygiles@hotmail.com,1,472.28,4.74,472.28,Programming,Beginner
U00188,robertsedward,18,Male,wschmidt@gmail.com,1,0.0,1.52,0.0,Design,Advanced
U00189,latoya45,18,Male,normangabriela@hotmail.com,1,0.0,1.59,0.0,Finance,Advanced
U00190,hroberts,25,Female,hcabrera@yahoo.com,1,487.92,3.64,487.92,Business,Advanced
U00191,foleypaul,34,Male,jeremycole@gmail.com,12,2258.7,3.955833333333333,188.225,Project Management,Beginner
U00192,nathanieldorsey,17,Male,briannarichardson@yahoo.com,14,680.0699999999999,3.440714285714286,48.576428571428565,Web Development,Beginner
U00193,stevenjames,33,Male,carriedrake@yahoo.com,1,0.0,4.79,0.0,Marketing,Advanced
U00194,carolynpage,35,Male,jacksonandrew@outlook.com,1,0.0,3.02,0.0,Data Science,Intermediate
U00195,stewartlisa,15,Male,powens@outlook.com,1,346.71,1.23,346.71,Project Management,Advanced
U00196,susan34,23,Female,alexandragreen@outlook.com,1,394.26,1.35,394.26,Cybersecurity,Intermediate
U00197,parksderek,35,Female,michaelwallace@hotmail.com,1,0.0,3.6,0.0,Data Science,Intermediate
U00198,brian71,30,Female,lewismargaret@hotmail.com,12,1242.3400000000001,3.2741666666666664,103.52833333333335,Finance,Beginner
U00199,millerstephanie,24,Female,davisjeremy@gmail.com,1,0.0,2.43,0.0,Programming,Intermediate
U00200,ronald67,32,Male,bobbymurphy@outlook.com,4,269.71,3.4650000000000003,67.4275,Design,Advanced
U00201,yalvarado,16,Male,orosales@gmail.com,3,691.88,2.676666666666667,230.62666666666667,Artificial Intelligence,Advanced
U00202,awilson,28,Female,harrisrichard@yahoo.com,1,0.0,3.85,0.0,Programming,Beginner
U00203,samantha00,25,Female,ybyrd@yahoo.com,2,326.02,3.005,163.01,Business,Beginner
U00204,loribates,28,Female,robertmitchell@gmail.com,1,0.0,1.59,0.0,Finance,Advanced
U00205,christinecampbell,32,Male,markmahoney@outlook.com,1,342.61,4.84,342.61,Project Management,Intermediate
U00206,lisa94,19,Female,morriscindy@outlook.com,1,89.59,2.68,89.59,Artificial Intelligence,Intermediate
U00207,evelyn98,33,Male,carsonjamie@yahoo.com,2,177.34,2.585,88.67,Digital Marketing,Advanced
U00208,kingrobin,18,Female,jamesholt@yahoo.com,15,507.62,3.1533333333333338,33.84133333333333,Data Science,Beginner
U00209,parkssarah,26,Male,padillakathy@hotmail.com,1,0.0,3.15,0.0,Business,Advanced
U00210,mscott,30,Male,umitchell@hotmail.com,2,37.89,1.5150000000000001,18.945,Machine Learning,Advanced
U00211,maryspencer,22,Male,amandabrown@gmail.com,1,0.0,4.68,0.0,Project Management,Beginner
U00212,mike97,30,Female,loriknight@yahoo.com,2,0.0,4.265,0.0,Programming,Beginner
U00213,susan03,15,Male,serranotammy@hotmail.com,2,299.57,4.23,149.785,Data Science,Beginner
U00214,danielle41,24,Female,annaparker@gmail.com,1,89.59,2.68,89.59,Artificial Intelligence,Intermediate
U00215,sandra29,28,Male,hatfieldmark@hotmail.com,1,326.02,2.69,326.02,Business,Intermediate
U00216,taylorelizabeth,23,Male,peckamy@outlook.com,16,1405.87,3.545625,87.866875,Programming,Beginner
U00217,garychandler,28,Male,carla25@outlook.com,1,37.89,1.3,37.89,Web Development,Advanced
U00218,gregory81,15,Female,lisa37@hotmail.com,1,0.0,4.72,0.0,Marketing,Intermediate
U00219,daniellebishop,23,Female,josephlawrence@outlook.com,1,0.0,4.51,0.0,Design,Beginner
U00220,laura88,20,Male,dlewis@hotmail.com,15,300.34999999999997,3.6286666666666667,20.02333333333333,Programming,Beginner
U00221,lgallagher,27,Male,youngtammy@gmail.com,1,0.0,4.45,0.0,Design,Advanced
U00222,bentonkatrina,28,Male,flowe@outlook.com,1,0.78,3.89,0.78,Machine Learning,Advanced
U00223,patricia65,35,Female,yolandaglenn@outlook.com,1,0.0,4.1,0.0,Finance,Intermediate
U00224,denisebailey,15,Female,devin32@gmail.com,1,490.9,4.55,490.9,Artificial Intelligence,Beginner
U00225,sheila72,18,Male,fpark@yahoo.com,1,0.0,4.1,0.0,Finance,Intermediate
U00226,marioperez,34,Female,jdougherty@hotmail.com,1,346.71,1.23,346.71,Project Management,Advanced
U00227,victoria90,23,Male,alyssahoward@gmail.com,2,0.0,4.305,0.0,Design,Beginner
U00228,joshuarangel,18,Male,jaredpeters@yahoo.com,1,117.68,2.57,117.68,Data Science,Advanced
U00229,charles00,22,Male,nielsenelizabeth@gmail.com,2,0.0,2.73,0.0,Data Science,Advanced
U00230,karen41,17,Female,swansonlisa@hotmail.com,2,119.04,3.595,59.52,Digital Marketing,Beginner
U00231,rodgersdaniel,16,Male,richard17@hotmail.com,2,213.17,3.52,106.585,Digital Marketing,Advanced
U00232,timothywatkins,26,Female,lisarodriguez@yahoo.com,1,0.0,2.38,0.0,Cybersecurity,Advanced
U00233,robinsonmichael,32,Male,virginiataylor@outlook.com,1,119.04,2.75,119.04,Finance,Intermediate
U00234,emily05,32,Male,whuynh@outlook.com,2,326.02,3.74,163.01,Business,Advanced
U00235,williamscharles,34,Male,joneschristopher@outlook.com,3,472.28,3.856666666666667,157.42666666666665,Programming,Beginner
U00236,colin32,25,Female,vmora@yahoo.com,1,394.26,1.35,394.26,Cybersecurity,Intermediate
U00237,anthony70,20,Male,meghan00@gmail.com,1,0.0,3.15,0.0,Business,Advanced
U00238,joshuaescobar,24,Female,isaiahwest@outlook.com,15,1872.92,3.1626666666666665,124.86133333333333,Business,Beginner
U00239,vberg,32,Female,angelagonzalez@outlook.com,1,0.0,4.44,0.0,Digital Marketing,Beginner
U00240,ismith,34,Female,sullivansean@hotmail.com,2,0.0,3.33,0.0,Business,Advanced
U00241,thomascummings,23,Female,brandyjones@yahoo.com,2,0.0,4.2700000000000005,0.0,Cybersecurity,Beginner
U00242,wernerjesus,27,Male,joe20@gmail.com,2,266.93,3.285,133.465,Artificial Intelligence,Advanced
U00243,thomastimothy,24,Female,upennington@gmail.com,1,177.34,3.89,177.34,Digital Marketing,Advanced
U00244,josemartinez,28,Male,rebeccalamb@outlook.com,1,276.37,2.72,276.37,Design,Advanced
U00245,twilson,31,Female,kimberly44@gmail.com,1,0.0,4.14,0.0,Finance,Beginner
U00246,william30,31,Male,jennifer12@gmail.com,1,472.28,4.74,472.28,Programming,Beginner
U00247,edwardsadam,30,Female,jessicaadams@gmail.com,1,0.0,2.01,0.0,Marketing,Advanced
U00248,christopher76,17,Male,kaylafuentes@yahoo.com,1,0.0,1.59,0.0,Finance,Advanced
U00249,donaldmccoy,35,Female,zparsons@hotmail.com,1,0.0,2.88,0.0,Programming,Beginner
U00250,gregorypierce,21,Male,mark81@hotmail.com,1,342.61,4.84,342.61,Project Management,Intermediate
U00251,summersjamie,28,Female,daniel37@outlook.com,13,1310.57,3.493846153846154,100.81307692307692,Finance,Beginner
U00252,millermary,29,Female,jasonnelson@hotmail.com,1,0.0,1.52,0.0,Design,Advanced
U00253,ymcgrath,19,Male,steven91@gmail.com,1,0.0,4.66,0.0,Digital Marketing,Intermediate
U00254,yatesadrian,19,Female,josephgraham@hotmail.com,1,0.0,4.94,0.0,Cybersecurity,Beginner
U00255,fschmidt,26,Female,zharper@gmail.com,1,394.26,1.35,394.26,Cybersecurity,Intermediate
U00256,pearsonannette,35,Female,humphreyjennifer@gmail.com,1,0.0,4.51,0.0,Design,Beginner
U00257,danielle50,29,Male,jennifer70@outlook.com,1,0.0,3.45,0.0,Project Management,Intermediate
U00258,marilynbailey,19,Male,paulkeller@gmail.com,1,117.68,2.57,117.68,Data Science,Advanced
U00259,jennifershaw,35,Male,christopher75@gmail.com,1,342.61,4.84,342.61,Project Management,Intermediate
U00260,heather26,35,Male,denisesmith@yahoo.com,15,2445.2,3.1526666666666667,163.01333333333332,Design,Advanced
U00261,darrell83,28,Female,walkerjames@gmail.com,1,0.0,1.13,0.0,Machine Learning,Beginner
U00262,dawnsawyer,24,Male,robertpotter@gmail.com,1,0.0,1.91,0.0,Cybersecurity,Intermediate
U00263,chapmanjennifer,15,Male,brucejacqueline@gmail.com,4,0.0,2.8325,0.0,Data Science,Intermediate
U00264,mmullen,18,Female,wrightmargaret@outlook.com,3,0.0,3.4599999999999995,0.0,Cybersecurity,Intermediate
U00265,william96,15,Male,kristenmaxwell@hotmail.com,14,2087.85,3.4299999999999997,149.13214285714284,Digital Marketing,Intermediate
U00266,fstephens,25,Female,omann@hotmail.com,1,212.39,3.15,212.39,Digital Marketing,Advanced
U00267,amandataylor,34,Male,colemanjennifer@outlook.com,4,906.53,3.0325,226.6325,Business,Advanced
U00268,donna26,29,Female,andrewmorris@gmail.com,1,0.0,3.6,0.0,Data Science,Intermediate
U00269,brandonharper,22,Female,laura67@yahoo.com,1,0.0,3.93,0.0,Cybersecurity,Intermediate
U00270,karenpratt,23,Male,reyesmorgan@outlook.com,1,0.0,2.67,0.0,Web Development,Advanced
U00271,ldurham,15,Male,martinezrenee@yahoo.com,1,0.0,4.44,0.0,Digital Marketing,Beginner
U00272,wvasquez,25,Male,ashley40@yahoo.com,13,1229.1999999999998,3.2284615384615383,94.55384615384614,Digital Marketing,Advanced
U00273,wattsphilip,25,Female,jessicabrown@hotmail.com,1,0.0,2.14,0.0,Digital Marketing,Beginner
U00274,john92,32,Female,tcole@outlook.com,2,177.34,3.52,88.67,Business,Advanced
U00275,benjaminmendoza,28,Female,stevenroberts@gmail.com,1,0.0,2.98,0.0,Marketing,Advanced
U00276,cassandrayoung,22,Female,hilljames@outlook.com,1,299.57,3.74,299.57,Data Science,Beginner
U00277,oriddle,21,Male,jeremy92@hotmail.com,1,0.0,2.01,0.0,Marketing,Advanced
U00278,erikayoung,27,Male,cynthia53@hotmail.com,1,0.0,3.85,0.0,Programming,Beginner
U00279,mackenzie39,24,Male,hdavis@gmail.com,3,295.02,2.6833333333333336,98.33999999999999,Data Science,Advanced
U00280,psnyder,15,Male,josephtammy@hotmail.com,1,299.57,3.74,299.57,Data Science,Beginner
U00281,bailey28,30,Female,christopher14@yahoo.com,1,0.0,4.11,0.0,Marketing,Intermediate
U00282,eandrews,19,Male,jeremy00@outlook.com,14,1034.17,2.472142857142857,73.86928571428572,Business,Advanced
U00283,mryan,28,Male,xcordova@hotmail.com,2,0.0,2.8600000000000003,0.0,Digital Marketing,Beginner
U00284,gallaghergregory,30,Male,emily63@hotmail.com,1,342.61,4.84,342.61,Project Management,Intermediate
U00285,lunabrandon,29,Female,andersonjessica@outlook.com,1,57.32,4.74,57.32,Web Development,Advanced
U00286,angelaclark,24,Female,ejackson@hotmail.com,3,0.0,3.106666666666667,0.0,Web Development,Advanced
U00287,rkennedy,21,Female,syork@hotmail.com,2,0.0,4.585,0.0,Design,Advanced
U00288,michellemartin,35,Male,brooksjeffrey@outlook.com,1,0.0,3.93,0.0,Cybersecurity,Intermediate
U00289,christopher37,17,Female,johnsonchad@hotmail.com,1,0.78,3.89,0.78,Machine Learning,Advanced
U00290,frankalvarado,17,Female,alex83@hotmail.com,3,57.32,4.430000000000001,19.106666666666666,Digital Marketing,Advanced
U00291,nicholas62,16,Female,ygomez@hotmail.com,3,276.37,3.6966666666666668,92.12333333333333,Artificial Intelligence,Advanced
U00292,andrewbrown,33,Male,natalie44@gmail.com,12,965.62,3.1333333333333333,80.46833333333333,Cybersecurity,Intermediate
U00293,brian93,25,Female,reyesangela@gmail.com,13,1426.48,2.94,109.72923076923077,Machine Learning,Advanced
U00294,traceybrown,21,Female,john01@gmail.com,1,0.0,4.73,0.0,Machine Learning,Intermediate
U00295,jean02,29,Male,mark44@gmail.com,1,0.0,1.13,0.0,Machine Learning,Beginner
U00296,marshallolivia,31,Female,bassjustin@gmail.com,2,177.34,3.67,88.67,Digital Marketing,Advanced
U00297,mgarrett,29,Male,dclayton@hotmail.com,1,0.0,2.14,0.0,Digital Marketing,Beginner
U00298,steven02,32,Male,torresjoseph@outlook.com,14,2020.42,3.2892857142857146,144.31571428571428,Project Management,Intermediate
U00299,vincentadam,20,Female,mgreer@hotmail.com,1,0.0,3.15,0.0,Business,Advanced
U00300,anthonyhess,26,Female,meagansalas@gmail.com,2,487.92,2.92,243.96,Business,Advanced
U00301,shale,26,Male,zprice@gmail.com,14,1201.4299999999998,3.0685714285714285,85.81642857142856,Programming,Beginner
U00302,nelsonsamantha,34,Female,vjackson@yahoo.com,1,37.89,1.3,37.89,Web Development,Advanced
U00303,fcollins,35,Male,benjamin32@yahoo.com,14,1085.94,3.027142857142857,77.56714285714285,Machine Learning,Advanced
U00304,lucaswilliam,35,Male,michael33@outlook.com,1,327.99,1.51,327.99,Project Management,Beginner
U00305,ypeters,22,Male,jacquelinegonzalez@yahoo.com,1,0.0,4.94,0.0,Cybersecurity,Beginner
U00306,aaronfrazier,28,Male,jsimmons@yahoo.com,1,0.0,4.14,0.0,Finance,Beginner
U00307,orichardson,33,Female,kevinrobinson@hotmail.com,1,0.0,2.43,0.0,Programming,Intermediate
U00308,carrollwalter,26,Male,kimberly41@gmail.com,4,790.47,3.5625,197.6175,Artificial Intelligence,Beginner
U00309,gilbertjoseph,27,Male,jenny26@gmail.com,1,342.61,4.84,342.61,Project Management,Intermediate
U00310,davidbarrera,26,Female,aray@yahoo.com,11,465.17,3.097272727272727,42.28818181818182,Data Science,Advanced
U00311,mandy48,18,Female,mcfarlandangela@gmail.com,1,0.0,3.15,0.0,Business,Advanced
U00312,hallerin,30,Female,jflores@outlook.com,1,0.0,3.45,0.0,Project Management,Intermediate
U00313,qsmith,29,Female,anngrant@gmail.com,1,0.0,4.66,0.0,Digital Marketing,Intermediate
U00314,tgonzalez,19,Female,carmen64@gmail.com,3,0.0,2.9766666666666666,0.0,Programming,Beginner
U00315,stephanie14,31,Female,desireereese@gmail.com,12,972.29,3.3516666666666666,81.02416666666666,Data Science,Beginner
U00316,jasonjohnston,19,Female,umatthews@gmail.com,2,0.0,3.87,0.0,Data Science,Beginner
U00317,williamscaroline,19,Male,dcunningham@hotmail.com,3,57.32,3.813333333333333,19.106666666666666,Cybersecurity,Advanced
U00318,dudleyaimee,20,Male,brian51@yahoo.com,1,326.02,2.69,326.02,Business,Intermediate
U00319,ysmith,15,Female,josephclark@hotmail.com,1,346.71,1.23,346.71,Project Management,Advanced
U00320,hannahromero,29,Male,rhondataylor@outlook.com,1,285.05,1.96,285.05,Business,Beginner
U00321,mhammond,28,Male,tsosa@gmail.com,14,1822.94,2.579285714285714,130.21,Artificial Intelligence,Beginner
U00322,idillon,23,Male,wmoore@gmail.com,14,626.3,3.067857142857143,44.73571428571428,Web Development,Beginner
U00323,irichard,21,Female,robertsrobyn@yahoo.com,15,948.99,3.3059999999999996,63.266,Business,Advanced
U00324,wpowell,16,Male,amy68@outlook.com,1,0.0,2.88,0.0,Programming,Beginner
U00325,thomas96,26,Male,carollewis@outlook.com,1,0.0,3.15,0.0,Business,Advanced
U00326,ashleyjohnson,25,Female,jacob36@yahoo.com,1,0.0,2.2,0.0,Web Development,Beginner
U00327,hannahmccoy,31,Female,christopherdelgado@hotmail.com,4,177.34,4.035,44.335,Digital Marketing,Intermediate
U00328,glennmoore,29,Female,kathygrimes@yahoo.com,15,1319.8899999999999,3.31,87.99266666666666,Finance,Beginner
U00329,ellisangela,20,Female,piercefrederick@gmail.com,12,1632.4199999999998,3.035833333333333,136.035,Data Science,Beginner
U00330,jsherman,15,Female,paulirwin@hotmail.com,14,1268.62,2.775714285714286,90.61571428571428,Marketing,Intermediate
U00331,john39,17,Male,yjohnson@outlook.com,1,276.37,2.72,276.37,Design,Advanced
U00332,steinjane,25,Male,rachelsingleton@outlook.com,1,0.0,1.81,0.0,Machine Learning,Advanced
U00333,carmen47,26,Female,trose@outlook.com,1,0.0,1.59,0.0,Finance,Advanced
U00334,dianasanchez,24,Female,dmccarthy@hotmail.com,13,887.52,2.64,68.27076923076923,Artificial Intelligence,Beginner
U00335,garneranthony,33,Female,teresafrank@gmail.com,1,0.0,4.94,0.0,Cybersecurity,Beginner
U00336,milescaitlin,19,Male,starkmargaret@yahoo.com,1,0.0,3.64,0.0,Artificial Intelligence,Beginner
U00337,kimberly57,29,Female,johnnycarr@outlook.com,1,0.0,1.73,0.0,Machine Learning,Intermediate
U00338,brianlee,23,Female,villegasbrandon@yahoo.com,14,832.77,3.3842857142857143,59.48357142857143,Data Science,Beginner
U00339,emmaallen,29,Male,sbeard@gmail.com,16,2087.63,3.13625,130.476875,Project Management,Advanced
U00340,george01,30,Male,hillamber@yahoo.com,14,1220.42,2.9549999999999996,87.17285714285715,Business,Advanced
U00341,ggonzalez,24,Male,abennett@yahoo.com,1,0.0,4.79,0.0,Marketing,Advanced
U00342,myersmark,26,Female,richardcarpenter@hotmail.com,1,0.0,4.73,0.0,Machine Learning,Intermediate
U00343,adriana50,31,Male,lhayes@gmail.com,1,0.0,1.13,0.0,Machine Learning,Beginner
U00344,jennifernorris,17,Male,hornejohn@yahoo.com,1,0.0,3.93,0.0,Cybersecurity,Intermediate
U00345,whiteheadjessica,16,Male,carolanderson@outlook.com,15,1367.21,3.5193333333333334,91.14733333333334,Programming,Beginner
U00346,marymcclain,33,Female,george34@outlook.com,3,326.02,3.3699999999999997,108.67333333333333,Business,Intermediate
U00347,dorothy78,32,Female,turnermarcus@gmail.com,2,346.71,2.67,173.355,Marketing,Advanced
U00348,wigginsearl,30,Female,bradyjason@outlook.com,1,299.57,3.74,299.57,Data Science,Beginner
U00349,fostermichael,28,Male,fwhite@outlook.com,1,0.0,1.13,0.0,Machine Learning,Beginner
U00350,fmartin,17,Male,jamiehopkins@outlook.com,2,89.59,3.8100000000000005,44.795,Artificial Intelligence,Beginner
U00351,carlsonjason,18,Female,juan61@gmail.com,13,777.1,2.9269230769230767,59.776923076923076,Cybersecurity,Advanced
U00352,danderson,28,Male,michael93@yahoo.com,15,1009.69,3.0853333333333333,67.31266666666667,Business,Beginner
U00353,webbcharles,34,Female,jeffrey93@hotmail.com,14,918.31,3.3785714285714286,65.59357142857142,Digital Marketing,Advanced
U00354,elizabeth42,35,Male,christopheralexander@outlook.com,2,0.0,4.550000000000001,0.0,Digital Marketing,Beginner
U00355,johnsonfrederick,15,Female,brenda96@gmail.com,1,0.0,4.45,0.0,Design,Advanced
U00356,donaldjacobs,21,Female,lhull@yahoo.com,15,619.16,3.0913333333333335,41.27733333333333,Artificial Intelligence,Advanced
U00357,ychavez,15,Female,gjohnson@yahoo.com,15,2191.98,3.1853333333333333,146.132,Artificial Intelligence,Beginner
U00358,johnmcdonald,19,Male,tylerpatterson@outlook.com,1,0.0,3.45,0.0,Project Management,Intermediate
U00359,jeremiahshaw,29,Female,david28@outlook.com,1,0.0,1.28,0.0,Programming,Beginner
U00360,qburke,32,Male,waterskenneth@outlook.com,1,0.0,3.6,0.0,Data Science,Intermediate
U00361,pmoon,18,Female,cunninghamandrew@outlook.com,1,0.0,4.72,0.0,Marketing,Intermediate
U00362,eugene97,16,Male,felicia89@gmail.com,13,1113.03,3.089230769230769,85.61769230769231,Programming,Advanced
U00363,haysbarbara,32,Female,kennedybryan@hotmail.com,1,0.0,1.52,0.0,Design,Advanced
U00364,cynthiamiller,34,Male,brenda08@outlook.com,1,0.0,4.68,0.0,Project Management,Beginner
U00365,bfox,30,Female,hchapman@outlook.com,13,500.28000000000003,2.576923076923077,38.48307692307692,Marketing,Advanced
U00366,gerald45,28,Male,lewisanthony@hotmail.com,2,0.0,3.545,0.0,Artificial Intelligence,Beginner
U00367,robert90,21,Male,tiffany36@hotmail.com,1,0.0,2.67,0.0,Web Development,Advanced
U00368,michael12,26,Male,burchbrian@outlook.com,1,0.0,1.52,0.0,Design,Advanced
U00369,beckerterry,19,Male,yoconnell@yahoo.com,4,0.0,2.665,0.0,Business,Advanced
U00370,bstevens,17,Male,huffmanchristopher@outlook.com,2,606.96,3.1950000000000003,303.48,Business,Advanced
U00371,grayandrea,17,Female,jay48@hotmail.com,1,0.0,3.02,0.0,Data Science,Intermediate
U00372,bpatrick,23,Male,jonathan64@yahoo.com,1,0.78,3.89,0.78,Machine Learning,Advanced
U00373,daniel56,26,Female,valerie64@yahoo.com,1,0.0,2.0,0.0,Business,Advanced
U00374,hmarsh,28,Female,chelseywarren@outlook.com,1,0.0,3.64,0.0,Artificial Intelligence,Beginner
U00375,powellmatthew,34,Female,jjohnson@hotmail.com,1,326.02,2.69,326.02,Business,Intermediate
U00376,jeffrey59,29,Male,xbradley@hotmail.com,1,0.0,4.51,0.0,Design,Beginner
U00377,andersondonald,21,Female,anthony75@yahoo.com,1,177.34,3.89,177.34,Digital Marketing,Advanced
U00378,cookjoseph,21,Female,kathleen96@outlook.com,2,0.0,3.63,0.0,Business,Advanced
U00379,garciajohn,20,Male,sharonmejia@yahoo.com,14,3054.37,3.4035714285714285,218.1692857142857,Marketing,Beginner
U00380,rebeccabowman,23,Female,morganstephenson@gmail.com,1,0.78,3.89,0.78,Machine Learning,Advanced
U00381,richardsondanny,32,Male,emily94@yahoo.com,1,0.0,4.45,0.0,Design,Advanced
U00382,martinpayne,25,Male,christopher66@outlook.com,3,394.26,2.08,131.42,Cybersecurity,Advanced
U00383,michael40,29,Female,kaitlynanderson@hotmail.com,15,1668.4,2.848,111.22666666666667,Artificial Intelligence,Advanced
U00384,joshuamiller,32,Female,michael54@gmail.com,2,299.57,2.875,149.785,Data Science,Advanced
U00385,melissa61,20,Male,bruce80@gmail.com,1,0.0,1.73,0.0,Machine Learning,Intermediate
U00386,gary74,29,Female,cassandra26@yahoo.com,2,299.57,4.125,149.785,Data Science,Beginner
U00387,elliottjacob,29,Female,jmiller@yahoo.com,1,0.78,3.89,0.78,Machine Learning,Advanced
U00388,jbennett,18,Male,christina14@outlook.com,1,342.61,4.84,342.61,Project Management,Intermediate
U00389,qhunt,27,Female,griffithebony@gmail.com,1,0.0,1.91,0.0,Cybersecurity,Intermediate
U00390,newtonjohnny,18,Female,cooperthomas@yahoo.com,3,0.0,3.1266666666666665,0.0,Web Development,Beginner
U00391,morrisonronald,19,Female,karenhicks@gmail.com,1,0.0,3.93,0.0,Cybersecurity,Intermediate
U00392,coleamanda,19,Female,lgonzales@hotmail.com,1,327.99,1.51,327.99,Project Management,Beginner
U00393,ryan80,30,Male,janice29@gmail.com,1,0.0,4.94,0.0,Cybersecurity,Beginner
U00394,dianaeverett,30,Female,ubutler@yahoo.com,11,38.67,2.611818181818182,3.5154545454545456,Business,Advanced
U00395,karenholder,22,Female,david38@hotmail.com,1,0.0,4.94,0.0,Cybersecurity,Beginner
U00396,soliskaren,30,Male,carrollandrew@gmail.com,2,0.0,2.915,0.0,Finance,Intermediate
U00397,padams,16,Male,whitakerbonnie@yahoo.com,1,37.89,1.3,37.89,Web Development,Advanced
U00398,brandon42,27,Female,qsmith@yahoo.com,3,117.68,3.313333333333333,39.22666666666667,Cybersecurity,Advanced
U00399,xgraham,31,Female,hmiller@yahoo.com,12,1648.36,3.0908333333333338,137.36333333333332,Artificial Intelligence,Advanced
U00400,ann81,23,Male,porterrachel@yahoo.com,2,0.0,2.83,0.0,Machine Learning,Advanced
U00401,christina44,21,Female,beth28@gmail.com,2,0.0,2.95,0.0,Data Science,Beginner
U00402,mary54,23,Male,thompsonclaudia@hotmail.com,2,0.0,2.13,0.0,Finance,Advanced
U00403,stevencruz,34,Female,hamiltonbrenda@outlook.com,1,0.0,4.1,0.0,Finance,Intermediate
U00404,lucerojonathan,21,Female,christy17@yahoo.com,14,1617.6399999999999,3.105714285714286,115.54571428571428,Finance,Advanced
U00405,douglasholmes,24,Male,xyang@hotmail.com,2,689.3199999999999,3.035,344.65999999999997,Project Management,Advanced
U00406,miranda71,33,Male,markguerrero@gmail.com,15,1417.44,2.902,94.49600000000001,Data Science,Beginner
U00407,zlopez,23,Male,martinezchristopher@outlook.com,15,1611.98,3.3033333333333332,107.46533333333333,Artificial Intelligence,Intermediate
U00408,jacquelinelee,19,Female,phillipsdonna@yahoo.com,1,0.0,3.15,0.0,Business,Advanced
U00409,jenniferolson,35,Male,manuelcurtis@yahoo.com,2,0.0,2.85,0.0,Finance,Advanced
U00410,bcantu,33,Male,cheyenne28@gmail.com,1,0.0,2.67,0.0,Web Development,Advanced
U00411,robert66,17,Female,alexandra14@yahoo.com,12,789.6700000000001,3.2883333333333336,65.80583333333334,Marketing,Advanced
U00412,qwatkins,24,Female,wileyjoseph@gmail.com,4,236.72000000000003,3.3175,59.18000000000001,Finance,Intermediate
U00413,sharon56,23,Male,michaelcalderon@outlook.com,2,472.28,4.335,236.14,Cybersecurity,Beginner
U00414,popesteven,25,Male,heatherballard@gmail.com,1,0.0,2.61,0.0,Design,Advanced
U00415,lisaponce,31,Female,dustin99@yahoo.com,13,804.99,3.1138461538461537,61.92230769230769,Finance,Advanced
U00416,simmonspatricia,17,Female,nicholasgarcia@outlook.com,2,0.0,2.925,0.0,Data Science,Beginner
U00417,erica01,32,Female,hcross@yahoo.com,2,0.0,2.92,0.0,Artificial Intelligence,Beginner
U00418,anthonyanderson,23,Female,rnoble@hotmail.com,3,528.79,2.3266666666666667,176.26333333333332,Artificial Intelligence,Beginner
U00419,willismorgan,21,Female,walkerkevin@gmail.com,1,0.78,3.89,0.78,Machine Learning,Advanced
U00420,jennifer64,24,Female,jennifer47@hotmail.com,1,327.99,1.51,327.99,Project Management,Beginner
U00421,karenlambert,32,Male,caleb56@gmail.com,1,0.0,4.45,0.0,Design,Advanced
U00422,sanfordmichael,15,Female,tsantos@yahoo.com,3,285.05,2.8266666666666667,95.01666666666667,Business,Beginner
U00423,reginaberg,27,Female,bradgalloway@hotmail.com,12,1601.22,3.0866666666666664,133.435,Artificial Intelligence,Beginner
U00424,kristi64,35,Male,fbarnett@yahoo.com,11,1213.72,3.1900000000000004,110.33818181818182,Artificial Intelligence,Advanced
U00425,erik67,19,Male,michaelhernandez@outlook.com,1,490.9,4.55,490.9,Artificial Intelligence,Beginner
U00426,xknox,21,Male,charleswilliams@yahoo.com,4,472.28,3.6750000000000003,118.07,Programming,Beginner
U00427,bernardsexton,29,Female,rjenkins@yahoo.com,16,1374.23,3.033125,85.889375,Artificial Intelligence,Beginner
U00428,stewartdiane,23,Male,kristylee@outlook.com,1,0.0,2.98,0.0,Marketing,Advanced
U00429,bmckay,23,Female,anthony19@outlook.com,1,0.0,4.1,0.0,Finance,Intermediate
U00430,mark51,27,Male,brianmontgomery@hotmail.com,1,487.92,3.64,487.92,Business,Advanced
U00431,collinsjason,15,Female,ywalker@hotmail.com,1,487.92,3.64,487.92,Business,Advanced
U00432,umiller,31,Male,petersendarren@gmail.com,1,0.0,4.79,0.0,Marketing,Advanced
U00433,elewis,32,Female,aaronevans@yahoo.com,1,276.37,2.72,276.37,Design,Advanced
U00434,knightjake,22,Male,wfrank@outlook.com,1,177.34,3.89,177.34,Digital Marketing,Advanced
U00435,lgreene,34,Female,robertsjohnny@outlook.com,1,119.04,2.75,119.04,Finance,Intermediate
U00436,hodgeserin,20,Female,lindsay44@hotmail.com,1,490.9,4.55,490.9,Artificial Intelligence,Beginner
U00437,pricealexander,28,Male,andre59@hotmail.com,3,0.0,3.6666666666666665,0.0,Data Science,Beginner
U00438,eric69,21,Male,angelagreen@gmail.com,14,633.26,3.3907142857142856,45.23285714285714,Cybersecurity,Advanced
U00439,idiaz,31,Female,reedcourtney@yahoo.com,1,0.0,1.52,0.0,Design,Advanced
U00440,maxwellsmith,20,Female,leonardsolis@outlook.com,1,0.0,2.67,0.0,Web Development,Advanced
U00441,taylor92,19,Male,melanie66@hotmail.com,1,37.89,1.3,37.89,Web Development,Advanced
U00442,umaldonado,21,Female,croberts@hotmail.com,1,285.05,1.96,285.05,Business,Beginner
U00443,desiree20,21,Female,xshelton@yahoo.com,2,978.8199999999999,4.095,489.40999999999997,Artificial Intelligence,Advanced
U00444,morrowmichael,15,Female,christopher38@outlook.com,13,1568.18,3.7700000000000005,120.62923076923077,Data Science,Advanced
U00445,vlong,31,Female,micheal11@gmail.com,1,285.05,1.96,285.05,Business,Beginner
U00446,smithjack,19,Female,sandra71@yahoo.com,2,53.86,2.895,26.93,Finance,Beginner
U00447,fwebb,23,Male,ryan98@outlook.com,1,0.0,3.02,0.0,Data Science,Intermediate
U00448,smithjeffrey,27,Male,wilsonjeremy@outlook.com,3,0.0,3.8366666666666673,0.0,Cybersecurity,Intermediate
U00449,brownkaren,33,Female,ambercruz@yahoo.com,14,1328.04,2.9135714285714287,94.86,Data Science,Advanced
U00450,colemanroy,20,Male,lyonsjohn@outlook.com,12,1262.44,3.125,105.20333333333333,Business,Advanced
U00451,sabrinafoster,20,Male,erin09@outlook.com,1,248.1,1.2,248.1,Artificial Intelligence,Beginner
U00452,williamsamy,23,Male,anthonyflynn@hotmail.com,3,57.32,3.706666666666667,19.106666666666666,Finance,Advanced
U00453,jasmineowens,20,Male,brianpowell@gmail.com,1,490.9,4.55,490.9,Artificial Intelligence,Beginner
U00454,lauralewis,28,Female,corey28@outlook.com,4,758.12,3.4774999999999996,189.53,Project Management,Beginner
U00455,angelica53,19,Male,sbutler@outlook.com,3,0.0,3.24,0.0,Artificial Intelligence,Beginner
U00456,bobbyfaulkner,24,Female,jpatel@gmail.com,2,0.0,2.58,0.0,Data Science,Beginner
U00457,amytaylor,34,Female,vmason@outlook.com,2,37.89,3.045,18.945,Marketing,Advanced
U00458,zle,31,Female,gordonlawrence@gmail.com,4,207.27,3.0324999999999998,51.8175,Artificial Intelligence,Advanced
U00459,andrewthomas,22,Male,efletcher@gmail.com,1,0.0,3.45,0.0,Project Management,Intermediate
U00460,youngmike,24,Female,vingram@hotmail.com,2,415.51,3.38,207.755,Artificial Intelligence,Beginner
U00461,kramerlogan,21,Female,wmills@hotmail.com,2,490.9,4.640000000000001,245.45,Artificial Intelligence,Beginner
U00462,lmason,30,Male,coryhernandez@hotmail.com,2,326.02,3.74,163.01,Business,Advanced
U00463,smithryan,18,Female,johnstonbrandon@yahoo.com,1,0.0,3.45,0.0,Project Management,Intermediate
U00464,blakejoseph,25,Male,rogersdakota@hotmail.com,12,1024.06,2.8266666666666667,85.33833333333332,Design,Beginner
U00465,garrettjenny,26,Male,leoncarolyn@outlook.com,1,0.78,3.89,0.78,Machine Learning,Advanced
U00466,armstrongluis,32,Female,mackenzie76@hotmail.com,2,212.39,3.9349999999999996,106.195,Digital Marketing,Advanced
U00467,awalker,34,Male,kpineda@yahoo.com,1,0.0,2.38,0.0,Cybersecurity,Advanced
U00468,greeneaaron,19,Female,qgarcia@gmail.com,1,0.0,4.94,0.0,Cybersecurity,Beginner
U00469,scott82,20,Female,justin81@gmail.com,2,0.0,1.9,0.0,Machine Learning,Advanced
U00470,antoniohanson,18,Female,williamschristopher@outlook.com,1,89.59,2.68,89.59,Artificial Intelligence,Intermediate
U00471,clopez,31,Female,yrodriguez@gmail.com,1,0.0,4.44,0.0,Digital Marketing,Beginner
U00472,nhicks,22,Female,nmccoy@gmail.com,1,0.0,4.68,0.0,Project Management,Beginner
U00473,smithamanda,32,Female,zachary67@yahoo.com,3,342.61,3.0966666666666662,114.20333333333333,Machine Learning,Beginner
U00474,renee73,31,Male,vegarachael@outlook.com,1,57.32,4.74,57.32,Web Development,Advanced
U00475,stevenwilliams,24,Male,adamsjames@hotmail.com,3,604.36,2.4166666666666665,201.45333333333335,Data Science,Advanced
U00476,devin94,29,Female,jlutz@outlook.com,2,276.37,2.1550000000000002,138.185,Design,Advanced
U00477,jason69,19,Male,david15@outlook.com,1,37.89,1.3,37.89,Web Development,Advanced
U00478,john69,30,Male,jessicajones@yahoo.com,2,57.32,3.2350000000000003,28.66,Machine Learning,Advanced
U00479,cunninghamaaron,33,Male,suzanne77@gmail.com,2,0.0,2.8499999999999996,0.0,Cybersecurity,Advanced
U00480,rnash,20,Female,leerachel@outlook.com,1,0.0,4.66,0.0,Digital Marketing,Intermediate
U00481,bakeranna,32,Female,brandy09@yahoo.com,1,326.02,2.69,326.02,Business,Intermediate
U00482,leewhite,33,Female,parksdan@gmail.com,1,0.0,4.66,0.0,Digital Marketing,Intermediate
U00483,weberhelen,22,Male,kyle52@gmail.com,1,487.92,3.64,487.92,Business,Advanced
U00484,wesleyfreeman,16,Male,ghicks@outlook.com,2,0.0,2.725,0.0,Data Science,Intermediate
U00485,garrettevans,29,Female,whitetimothy@gmail.com,1,0.0,4.68,0.0,Project Management,Beginner
U00486,coryalvarado,21,Female,diazjamie@yahoo.com,2,0.0,4.09,0.0,Machine Learning,Intermediate
U00487,kayla77,15,Female,alvaradoronald@hotmail.com,2,0.0,3.335,0.0,Data Science,Beginner
U00488,barbara10,20,Male,dominic07@hotmail.com,2,119.04,2.6799999999999997,59.52,Design,Advanced
U00489,aguirrejessica,18,Male,lindsey98@hotmail.com,3,448.12,1.6500000000000001,149.37333333333333,Cybersecurity,Beginner
U00490,smithjody,33,Male,andrewmiller@gmail.com,1,0.0,3.15,0.0,Business,Advanced
U00491,brianna74,20,Male,vjackson@gmail.com,1,394.26,1.35,394.26,Cybersecurity,Intermediate
U00492,billy39,20,Female,smithchristine@gmail.com,1,177.34,3.89,177.34,Digital Marketing,Advanced
U00493,rioschristina,30,Male,patricia26@outlook.com,1,0.0,3.45,0.0,Project Management,Intermediate
U00494,joel15,26,Male,iwalker@yahoo.com,13,1007.0,3.180769230769231,77.46153846153847,Artificial Intelligence,Advanced
U00495,johnsonchristina,35,Female,tara89@yahoo.com,2,285.05,3.235,142.525,Business,Beginner
U00496,clarktonya,29,Female,kristine00@hotmail.com,1,0.0,2.38,0.0,Cybersecurity,Advanced
U00497,cmclean,21,Female,christyevans@outlook.com,3,0.0,3.0533333333333332,0.0,Web Development,Beginner
U00498,sheri69,20,Female,omassey@hotmail.com,3,0.0,4.073333333333333,0.0,Digital Marketing,Intermediate
U00499,keith86,21,Male,moseschristopher@gmail.com,1,415.51,3.11,415.51,Artificial Intelligence,Intermediate
U00500,frederick07,16,Female,robert76@outlook.com,2,590.71,3.02,295.355,Artificial Intelligence,Beginner
U00501,andersonkathy,26,Female,jacobglenn@gmail.com,1,0.0,3.93,0.0,Cybersecurity,Intermediate
U00502,reynoldserin,22,Female,tiffany72@hotmail.com,2,0.78,3.87,0.39,Machine Learning,Advanced
U00503,robinsonmargaret,15,Male,annette75@gmail.com,2,0.0,4.475,0.0,Design,Beginner
U00504,cantrellscott,16,Male,eric29@yahoo.com,2,0.0,3.625,0.0,Cybersecurity,Beginner
U00505,mcleanchris,17,Male,jacqueline78@yahoo.com,1,0.0,4.1,0.0,Finance,Intermediate
U00506,aliciagiles,33,Female,gomezcarla@outlook.com,1,0.0,3.6,0.0,Data Science,Intermediate
U00507,nichole08,15,Male,lukelove@yahoo.com,2,177.34,3.455,88.67,Data Science,Advanced
U00508,dalesmith,28,Female,thomaskenneth@outlook.com,1,0.0,4.44,0.0,Digital Marketing,Beginner
U00509,alexandereaton,20,Female,qmurphy@outlook.com,1,0.0,4.14,0.0,Finance,Beginner
U00510,noblechristy,15,Male,rgarza@outlook.com,1,0.0,2.0,0.0,Business,Advanced
U00511,becky57,28,Male,jacobcollins@gmail.com,1,0.0,2.98,0.0,Marketing,Advanced
U00512,joshua36,22,Male,elizabeththomas@gmail.com,2,326.02,2.14,163.01,Business,Advanced
U00513,kcoleman,25,Male,jacksoncynthia@gmail.com,1,0.0,4.44,0.0,Digital Marketing,Beginner
U00514,tammysmall,30,Female,mariaryan@outlook.com,3,589.96,3.3966666666666665,196.65333333333334,Programming,Beginner
U00515,martinbrian,19,Female,jconway@gmail.com,2,0.0,3.085,0.0,Business,Advanced
U00516,charles14,33,Female,kristenrobinson@outlook.com,1,177.34,3.89,177.34,Digital Marketing,Advanced
U00517,rachelsmith,22,Female,cody45@hotmail.com,1,0.0,3.6,0.0,Data Science,Intermediate
U00518,jasonlara,20,Female,kirkmichelle@outlook.com,1,415.51,3.11,415.51,Artificial Intelligence,Intermediate
U00519,phaynes,27,Female,hernandezshawn@gmail.com,1,0.0,3.6,0.0,Data Science,Intermediate
U00520,tammy29,29,Male,cpineda@yahoo.com,1,0.0,3.6,0.0,Data Science,Intermediate
U00521,amanda69,26,Female,mramirez@yahoo.com,1,0.0,1.81,0.0,Machine Learning,Advanced
U00522,qbrooks,21,Male,brandon68@yahoo.com,1,0.0,4.68,0.0,Project Management,Beginner
U00523,crystal86,31,Male,toddwilson@outlook.com,1,342.61,4.84,342.61,Project Management,Intermediate
U00524,knighthector,24,Male,williamsjames@yahoo.com,2,119.04,3.445,59.52,Finance,Beginner
U00525,victor26,31,Male,corybrady@outlook.com,1,0.0,4.66,0.0,Digital Marketing,Intermediate
U00526,dunndeborah,24,Male,dudleyaaron@outlook.com,1,0.0,3.64,0.0,Artificial Intelligence,Beginner
U00527,moralesmatthew,18,Male,kevinhayden@gmail.com,2,0.0,3.8200000000000003,0.0,Digital Marketing,Advanced
U00528,wwebb,26,Female,mmatthews@hotmail.com,1,0.0,1.28,0.0,Programming,Beginner
U00529,tharper,25,Male,dustinsmith@yahoo.com,2,0.0,2.105,0.0,Marketing,Advanced
U00530,wilsonjeanne,35,Female,lisajuarez@yahoo.com,1,53.86,2.47,53.86,Finance,Beginner
U00531,hannahking,24,Male,william89@outlook.com,2,394.26,2.8950000000000005,197.13,Cybersecurity,Beginner
U00532,spencerjennifer,15,Female,walkerheather@gmail.com,1,472.28,4.74,472.28,Programming,Beginner
U00533,brandonfuller,29,Male,roberttaylor@outlook.com,2,0.0,3.665,0.0,Design,Advanced
U00534,michellestone,27,Female,llopez@outlook.com,4,177.34,2.83,44.335,Digital Marketing,Advanced
U00535,rodriguezryan,23,Male,ffoster@yahoo.com,2,415.51,3.52,207.755,Artificial Intelligence,Intermediate
U00536,lukewilliams,35,Female,wardallison@yahoo.com,1,0.0,3.45,0.0,Project Management,Intermediate
U00537,opatterson,25,Female,gmartin@outlook.com,2,346.71,3.01,173.355,Marketing,Advanced
U00538,salinasthomas,20,Male,angelawarren@outlook.com,1,0.0,3.15,0.0,Business,Advanced
U00539,jennifer10,25,Male,george03@yahoo.com,1,299.57,3.74,299.57,Data Science,Beginner
U00540,james88,15,Male,mjohnson@outlook.com,1,53.86,2.47,53.86,Finance,Beginner
U00541,dhill,19,Male,michaela09@hotmail.com,3,330.07,3.39,110.02333333333333,Data Science,Advanced
U00542,ericjones,32,Male,staceysullivan@outlook.com,1,0.0,3.15,0.0,Business,Advanced
U00543,broberts,18,Female,leryan@hotmail.com,13,1371.22,2.9076923076923076,105.47846153846154,Artificial Intelligence,Intermediate
U00544,williamskaren,30,Male,gonzalesjoseph@outlook.com,1,0.0,3.85,0.0,Programming,Beginner
U00545,bryandavis,18,Female,sandra89@gmail.com,1,0.0,3.64,0.0,Artificial Intelligence,Beginner
U00546,nathanstevenson,25,Male,pfields@outlook.com,1,0.0,4.1,0.0,Finance,Intermediate
U00547,loganthomas,19,Female,irowe@gmail.com,1,177.34,3.89,177.34,Digital Marketing,Advanced
U00548,vanessa32,32,Female,tinamiller@yahoo.com,14,1922.05,2.8528571428571428,137.2892857142857,Business,Advanced
U00549,andrea24,17,Female,tatebrian@outlook.com,1,53.86,2.47,53.86,Finance,Beginner
U00550,gwyatt,17,Male,jonathan11@yahoo.com,2,0.0,2.6399999999999997,0.0,Design,Advanced
U00551,harveybenjamin,35,Male,elaine58@gmail.com,4,234.66,4.105,58.665,Data Science,Advanced
U00552,nicholastorres,30,Female,shortbeverly@yahoo.com,2,0.0,2.005,0.0,Machine Learning,Beginner
U00553,whiteheadhoward,15,Male,sarah35@hotmail.com,2,0.0,3.225,0.0,Business,Advanced
U00554,tlopez,18,Male,williamball@gmail.com,1,285.05,1.96,285.05,Business,Beginner
U00555,rodriguezaudrey,17,Female,scottbarr@yahoo.com,1,415.51,3.11,415.51,Artificial Intelligence,Intermediate
U00556,martinezkenneth,25,Female,michael48@hotmail.com,14,1315.72,3.281428571428571,93.98,Design,Beginner
U00557,kross,31,Male,carolyn55@gmail.com,2,0.78,4.34,0.39,Machine Learning,Advanced
U00558,kimberlymoore,32,Male,sharonsmith@outlook.com,1,0.0,4.14,0.0,Finance,Beginner
U00559,jonathanmendoza,20,Male,mark39@gmail.com,11,719.21,2.5172727272727276,65.38272727272728,Artificial Intelligence,Beginner
U00560,danielle56,32,Male,baileymoran@outlook.com,2,790.47,4.145,395.235,Artificial Intelligence,Beginner
U00561,perryterry,33,Male,benjamin16@outlook.com,1,0.0,4.68,0.0,Project Management,Beginner
U00562,douglasbright,23,Female,michelle98@gmail.com,15,1598.45,2.4859999999999998,106.56333333333333,Finance,Advanced
U00563,jacksonchristopher,31,Female,willie43@outlook.com,2,0.0,3.22,0.0,Business,Advanced
U00564,nkeller,15,Male,amahoney@gmail.com,1,53.86,2.47,53.86,Finance,Beginner
U00565,teresabell,28,Male,kempsharon@outlook.com,2,248.1,1.67,124.05,Artificial Intelligence,Beginner
U00566,zrowland,31,Male,crystal11@gmail.com,2,0.78,4.275,0.39,Digital Marketing,Advanced
U00567,edeleon,20,Male,mendezjonathan@hotmail.com,1,285.05,1.96,285.05,Business,Beginner
U00568,lmorris,16,Female,michelleshepherd@outlook.com,1,0.0,3.15,0.0,Business,Advanced
U00569,danieljimenez,15,Female,ghunter@gmail.com,14,1063.45,3.0749999999999997,75.96071428571429,Project Management,Advanced
U00570,dunncharles,27,Male,spearsanna@yahoo.com,14,777.67,3.4992857142857146,55.54785714285714,Artificial Intelligence,Beginner
U00571,tracey67,22,Female,wardkatherine@yahoo.com,2,0.0,4.324999999999999,0.0,Design,Beginner
U00572,jesse11,32,Male,richardsonjonathan@outlook.com,13,567.28,3.1284615384615386,43.636923076923075,Cybersecurity,Advanced
U00573,florestyler,30,Male,acrawford@gmail.com,11,1047.29,3.0790909090909087,95.20818181818181,Cybersecurity,Intermediate
U00574,thomas63,33,Female,rebecca64@yahoo.com,14,779.6099999999999,2.6185714285714288,55.686428571428564,Artificial Intelligence,Advanced
U00575,swilliams,35,Male,hwise@yahoo.com,1,0.0,4.1,0.0,Finance,Intermediate
U00576,harrispenny,16,Male,jessica68@outlook.com,13,1001.74,3.3969230769230774,77.05692307692308,Digital Marketing,Advanced
U00577,raymond98,17,Female,charles65@outlook.com,1,342.61,4.84,342.61,Project Management,Intermediate
U00578,palmerkristy,26,Male,kochsusan@gmail.com,1,0.0,4.66,0.0,Digital Marketing,Intermediate
U00579,walkertracie,34,Male,fbennett@yahoo.com,1,0.0,3.85,0.0,Programming,Beginner
U00580,whitepatrick,24,Female,donnaolsen@yahoo.com,3,0.0,2.75,0.0,Cybersecurity,Beginner
U00581,rodriguezsamantha,32,Female,john72@hotmail.com,2,89.59,2.675,44.795,Artificial Intelligence,Advanced
U00582,wagnervalerie,26,Male,fwilson@outlook.com,1,0.0,2.88,0.0,Programming,Beginner
U00583,qmarsh,21,Female,carolynbarker@gmail.com,1,0.0,2.38,0.0,Cybersecurity,Advanced
U00584,christine43,31,Female,brittanysantiago@yahoo.com,14,2559.85,2.7164285714285716,182.84642857142856,Finance,Intermediate
U00585,jennifer48,19,Female,frances95@gmail.com,2,0.0,2.2249999999999996,0.0,Machine Learning,Beginner
U00586,ericamorris,21,Male,albert93@outlook.com,1,299.57,3.74,299.57,Data Science,Beginner
U00587,melissahancock,22,Female,michael35@outlook.com,2,346.71,2.54,173.355,Programming,Advanced
U00588,shelia09,24,Male,kristen55@yahoo.com,1,57.32,4.74,57.32,Web Development,Advanced
U00589,matthew86,19,Female,juliediaz@outlook.com,1,0.0,1.52,0.0,Design,Advanced
U00590,browndonna,19,Male,jonathan07@gmail.com,1,0.0,3.15,0.0,Business,Advanced
U00591,kendramcdonald,35,Male,hwright@yahoo.com,2,0.0,2.87,0.0,Data Science,Beginner
U00592,barbara94,18,Female,david98@yahoo.com,14,963.18,3.4057142857142857,68.79857142857142,Artificial Intelligence,Beginner
U00593,fmaxwell,23,Male,erictorres@gmail.com,2,89.59,2.3449999999999998,44.795,Artificial Intelligence,Advanced
U00594,gsims,20,Male,williamsjeremy@outlook.com,1,0.0,3.85,0.0,Programming,Beginner
U00595,hrichardson,29,Male,aaronfigueroa@gmail.com,14,1075.46,2.6028571428571428,76.81857142857143,Design,Beginner
U00596,hshaw,26,Male,harmonkaren@outlook.com,2,177.34,3.605,88.67,Digital Marketing,Advanced
U00597,suzanne13,28,Female,julielivingston@gmail.com,1,248.1,1.2,248.1,Artificial Intelligence,Beginner
U00598,acraig,28,Male,simpsonmichael@gmail.com,1,415.51,3.11,415.51,Artificial Intelligence,Intermediate
U00599,kristinharrison,33,Male,joseph09@yahoo.com,1,0.0,1.73,0.0,Machine Learning,Intermediate
U00600,philip29,21,Male,rebekah00@gmail.com,1,0.0,2.14,0.0,Digital Marketing,Beginner
U00601,ginawilkins,24,Male,annjenkins@outlook.com,1,0.0,2.67,0.0,Web Development,Advanced
U00602,chowell,25,Female,jessefisher@gmail.com,3,0.0,3.85,0.0,Digital Marketing,Beginner
U00603,xbryant,35,Male,cruzkatherine@gmail.com,2,0.78,3.995,0.39,Finance,Advanced
U00604,mercedes21,30,Female,jonathanmorales@hotmail.com,14,662.4399999999999,2.843571428571429,47.317142857142855,Machine Learning,Advanced
U00605,graypatricia,30,Female,rebecca06@gmail.com,3,117.68,3.643333333333333,39.22666666666667,Artificial Intelligence,Advanced
U00606,tiffanywilliams,33,Female,fhawkins@yahoo.com,2,0.0,3.255,0.0,Business,Advanced
U00607,bobby98,30,Male,crios@outlook.com,2,285.99,1.25,142.995,Artificial Intelligence,Advanced
U00608,adrianconley,31,Male,autumnlee@gmail.com,1,0.0,2.43,0.0,Programming,Intermediate
U00609,marissa45,33,Female,colin68@hotmail.com,4,327.99,2.8275,81.9975,Business,Advanced
U00610,ericcraig,19,Male,martineztimothy@gmail.com,1,0.0,4.79,0.0,Marketing,Advanced
U00611,christophercontreras,30,Male,jamescampbell@yahoo.com,2,415.51,3.065,207.755,Artificial Intelligence,Intermediate
U00612,kellytaylor,23,Male,shawbrenda@hotmail.com,1,57.32,4.74,57.32,Web Development,Advanced
U00613,jessica15,24,Male,osmith@outlook.com,2,490.9,2.915,245.45,Artificial Intelligence,Beginner
U00614,samuelmiles,23,Female,carlos12@outlook.com,1,0.0,4.44,0.0,Digital Marketing,Beginner
U00615,mrobinson,20,Male,linda21@hotmail.com,1,0.0,3.15,0.0,Business,Advanced
U00616,joshua33,19,Female,mariacontreras@yahoo.com,2,0.0,3.035,0.0,Cybersecurity,Beginner
U00617,bradyolivia,18,Female,glennhill@outlook.com,1,0.0,3.02,0.0,Data Science,Intermediate
U00618,rlee,22,Male,palmerdawn@outlook.com,1,0.0,2.14,0.0,Digital Marketing,Beginner
U00619,brittanymclean,32,Female,vwilliams@yahoo.com,12,636.6500000000001,3.4450000000000003,53.054166666666674,Cybersecurity,Intermediate
U00620,antonio11,30,Male,newmanrichard@gmail.com,1,0.0,1.59,0.0,Finance,Advanced
U00621,smithjill,20,Male,justinmendez@yahoo.com,2,0.0,1.975,0.0,Programming,Advanced
U00622,xhernandez,28,Female,hoodmelinda@yahoo.com,13,524.05,3.5276923076923077,40.31153846153846,Data Science,Advanced
U00623,omar61,23,Female,diana26@yahoo.com,2,119.04,3.705,59.52,Digital Marketing,Intermediate
U00624,reneeanderson,34,Female,jasonsmith@outlook.com,2,0.0,3.915,0.0,Design,Beginner
U00625,kimberly36,28,Male,jeffreyhernandez@gmail.com,4,394.26,3.1950000000000003,98.565,Cybersecurity,Intermediate
U00626,emily75,19,Male,morganheather@hotmail.com,1,177.34,3.89,177.34,Digital Marketing,Advanced
U00627,robertsdavid,34,Female,theresa32@outlook.com,4,487.92,1.945,121.98,Machine Learning,Beginner
U00628,david75,32,Female,brittany51@outlook.com,2,472.28,4.03,236.14,Programming,Beginner
U00629,toni46,20,Female,rickybruce@outlook.com,1,0.0,2.61,0.0,Design,Advanced
U00630,trevorwhite,17,Male,ksmith@outlook.com,3,296.38,3.5933333333333333,98.79333333333334,Finance,Advanced
U00631,heathdonna,20,Male,aliciathomas@yahoo.com,2,0.0,4.19,0.0,Cybersecurity,Advanced
U00632,zknox,26,Female,mcneildaniel@hotmail.com,1,0.0,1.81,0.0,Machine Learning,Advanced
U00633,reidlisa,35,Female,alexanderblack@gmail.com,14,1177.45,2.855,84.10357142857143,Business,Advanced
U00634,bradley56,15,Female,prestonemily@gmail.com,3,276.37,3.44,92.12333333333333,Design,Advanced
U00635,dmahoney,26,Female,rolsen@yahoo.com,1,0.0,4.73,0.0,Machine Learning,Intermediate
U00636,parkermaria,21,Female,fgarza@yahoo.com,13,1701.73,3.174615384615385,130.9023076923077,Business,Beginner
U00637,kbrandt,22,Female,rruiz@outlook.com,2,529.6,4.74,264.8,Programming,Advanced
U00638,austin36,19,Female,moyerbrian@outlook.com,2,57.32,3.705,28.66,Web Development,Advanced
U00639,wscott,33,Female,joshuaharrell@hotmail.com,14,1010.86,3.0192857142857146,72.20428571428572,Cybersecurity,Advanced
U00640,jon73,31,Male,yjackson@gmail.com,1,490.9,4.55,490.9,Artificial Intelligence,Beginner
U00641,nancy60,32,Male,kayleewashington@gmail.com,1,342.61,4.84,342.61,Project Management,Intermediate
U00642,rmeza,17,Male,christopherfarrell@yahoo.com,2,0.0,2.66,0.0,Business,Advanced
U00643,cynthia57,20,Female,nthomas@gmail.com,1,327.99,1.51,327.99,Project Management,Beginner
U00644,montgomerykathleen,20,Female,ymata@hotmail.com,1,0.0,2.88,0.0,Programming,Beginner
U00645,dennis23,23,Female,johnsonkimberly@yahoo.com,1,299.57,3.74,299.57,Data Science,Beginner
U00646,smurphy,29,Female,jamie76@hotmail.com,1,0.0,2.88,0.0,Programming,Beginner
U00647,richard50,26,Female,jwatkins@outlook.com,1,487.92,3.64,487.92,Business,Advanced
U00648,madeline85,19,Male,mcclainderrick@yahoo.com,2,472.28,4.7,236.14,Digital Marketing,Beginner
U00649,thomaslawson,32,Male,thomas06@outlook.com,1,415.51,3.11,415.51,Artificial Intelligence,Intermediate
U00650,xknapp,26,Female,samuelolson@hotmail.com,1,0.0,4.72,0.0,Marketing,Intermediate
U00651,mmeadows,29,Male,johnwright@hotmail.com,4,296.38,3.3425000000000002,74.095,Programming,Beginner
U00652,cwebb,16,Female,cassidyanderson@gmail.com,2,394.26,2.335,197.13,Cybersecurity,Beginner
U00653,terrigreen,15,Male,michelle26@yahoo.com,1,346.71,1.23,346.71,Project Management,Advanced
U00654,ehall,24,Male,brandon30@gmail.com,2,53.86,1.875,26.93,Finance,Beginner
U00655,jbailey,33,Female,bmason@gmail.com,1,53.86,2.47,53.86,Finance,Beginner
U00656,vanessapearson,31,Male,johnbarnett@hotmail.com,1,0.0,4.14,0.0,Finance,Beginner
U00657,bensonandrew,23,Male,swilson@hotmail.com,1,89.59,2.68,89.59,Artificial Intelligence,Intermediate
U00658,djohnston,23,Female,timothyfarmer@yahoo.com,1,0.0,4.66,0.0,Digital Marketing,Intermediate
U00659,dbennett,33,Male,rebekahjacobson@hotmail.com,2,0.0,4.41,0.0,Finance,Beginner
U00660,gardnerjohn,22,Male,harrisdavid@outlook.com,2,577.51,3.16,288.755,Artificial Intelligence,Advanced
U00661,robert38,23,Female,curtispaul@gmail.com,4,212.39,2.87,53.0975,Programming,Intermediate
U00662,greggcarter,30,Female,debra93@gmail.com,1,285.05,1.96,285.05,Business,Beginner
U00663,brittneysanders,35,Male,elowe@yahoo.com,1,285.05,1.96,285.05,Business,Beginner
U00664,lopezashley,17,Male,jeremy21@outlook.com,1,117.68,2.57,117.68,Data Science,Advanced
U00665,laura09,35,Male,millersonya@yahoo.com,1,37.89,1.3,37.89,Web Development,Advanced
U00666,idavis,30,Female,lucasderek@hotmail.com,12,969.72,2.910833333333333,80.81,Project Management,Advanced
U00667,oconnorjennifer,18,Female,emily56@gmail.com,2,212.39,3.065,106.195,Digital Marketing,Advanced
U00668,jeffreybishop,34,Female,hernandezthomas@yahoo.com,2,0.0,4.32,0.0,Marketing,Advanced
U00669,yvette06,20,Female,joseph22@hotmail.com,1,248.1,1.2,248.1,Artificial Intelligence,Beginner
U00670,david51,17,Male,nathan64@gmail.com,2,0.0,4.52,0.0,Cybersecurity,Beginner
U00671,brandonsteele,18,Female,louis72@gmail.com,1,0.0,3.15,0.0,Business,Advanced
U00672,andersonanita,15,Male,derrick43@gmail.com,1,0.0,4.11,0.0,Marketing,Intermediate
U00673,michaeldavid,24,Female,harveytaylor@gmail.com,2,380.5,3.07,190.25,Project Management,Advanced
U00674,stephen71,21,Male,zoliver@hotmail.com,1,0.0,2.0,0.0,Business,Advanced
U00675,hollandashley,20,Female,courtneybryant@yahoo.com,1,0.0,2.01,0.0,Marketing,Advanced
U00676,qwilliams,32,Male,scott24@yahoo.com,2,0.0,3.1550000000000002,0.0,Design,Advanced
U00677,jodynolan,35,Female,lhill@outlook.com,1,415.51,3.11,415.51,Artificial Intelligence,Intermediate
U00678,brooksheather,33,Female,danielmelendez@outlook.com,1,0.0,4.14,0.0,Finance,Beginner
U00679,morganscott,28,Male,michellelang@yahoo.com,1,276.37,2.72,276.37,Design,Advanced
U00680,patricia23,35,Female,martinburch@yahoo.com,1,487.92,3.64,487.92,Business,Advanced
U00681,mary67,32,Male,henglish@gmail.com,2,0.0,3.3,0.0,Business,Advanced
U00682,moneill,33,Male,imiles@yahoo.com,1,0.0,4.44,0.0,Digital Marketing,Beginner
U00683,fernandeznathan,20,Female,paulsanchez@yahoo.com,1,0.0,2.61,0.0,Design,Advanced
U00684,kennethjohnston,28,Female,bradfordwayne@gmail.com,3,0.0,3.0666666666666664,0.0,Design,Advanced
U00685,nwashington,29,Female,tracey29@gmail.com,1,487.92,3.64,487.92,Business,Advanced
U00686,kjohnson,35,Female,ojames@hotmail.com,1,0.0,2.2,0.0,Web Development,Beginner
U00687,richard03,29,Female,smithadam@yahoo.com,15,1775.49,2.806,118.366,Web Development,Beginner
U00688,cassandra27,30,Female,allen54@gmail.com,2,0.78,2.85,0.39,Machine Learning,Advanced
U00689,mary45,19,Female,jennifersmith@outlook.com,2,0.0,3.67,0.0,Design,Advanced
U00690,chad34,29,Female,laurie35@outlook.com,1,0.0,4.66,0.0,Digital Marketing,Intermediate
U00691,bthompson,16,Female,ehebert@outlook.com,1,0.0,2.61,0.0,Design,Advanced
U00692,ramirezcarol,27,Male,turnerkathleen@hotmail.com,1,0.0,3.45,0.0,Project Management,Intermediate
U00693,sawyerjustin,35,Female,tracyhernandez@hotmail.com,1,57.32,4.74,57.32,Web Development,Advanced
U00694,gthompson,33,Female,brownrachel@gmail.com,1,0.0,3.6,0.0,Data Science,Intermediate
U00695,escobardaniel,31,Female,michaelwilliams@yahoo.com,1,0.0,4.45,0.0,Design,Advanced
U00696,edwardbryant,25,Male,rpratt@outlook.com,1,0.0,3.45,0.0,Project Management,Intermediate
U00697,rebekah50,32,Female,sean35@hotmail.com,1,0.0,3.85,0.0,Programming,Beginner
U00698,petersonkaren,32,Female,sanchezlawrence@outlook.com,2,37.89,3.045,18.945,Marketing,Advanced
U00699,noah18,20,Male,armstrongdanielle@yahoo.com,2,0.0,3.2649999999999997,0.0,Machine Learning,Advanced
U00700,amyarnold,25,Male,rkelly@yahoo.com,1,117.68,2.57,117.68,Data Science,Advanced
U00701,alexis83,32,Male,wcowan@yahoo.com,14,1435.67,3.005,102.54785714285715,Business,Advanced
U00702,robertwashington,22,Female,jason32@outlook.com,3,0.0,2.5066666666666664,0.0,Design,Advanced
U00703,traviswilson,32,Female,holmesjustin@yahoo.com,3,469.37,2.6533333333333333,156.45666666666668,Artificial Intelligence,Advanced
U00704,veronica98,30,Male,john82@outlook.com,13,1528.24,3.506153846153846,117.55692307692308,Project Management,Beginner
U00705,lynnburke,15,Male,navarrosteven@gmail.com,1,0.0,4.79,0.0,Marketing,Advanced
U00706,jonesmary,21,Male,jonespatricia@outlook.com,2,787.49,3.6900000000000004,393.745,Business,Advanced
U00707,eric25,29,Male,nathanthomas@hotmail.com,1,0.0,4.51,0.0,Design,Beginner
U00708,rodney07,29,Female,stephaniedavis@outlook.com,1,0.0,4.72,0.0,Marketing,Intermediate
U00709,ygregory,23,Female,nsmith@yahoo.com,14,1042.92,3.5092857142857143,74.49428571428572,Digital Marketing,Advanced
U00710,virginia47,19,Male,mullinsdavid@outlook.com,1,248.1,1.2,248.1,Artificial Intelligence,Beginner
U00711,ataylor,27,Male,allenerica@outlook.com,2,327.99,2.415,163.995,Project Management,Beginner
U00712,wendybrown,27,Female,jarvischelsea@outlook.com,2,0.0,3.05,0.0,Business,Advanced
U00713,joseph60,17,Female,nancy15@outlook.com,1,472.28,4.74,472.28,Programming,Beginner
U00714,curtissmith,25,Male,rgreene@gmail.com,3,0.0,4.273333333333333,0.0,Data Science,Beginner
U00715,teresalynn,25,Female,christopher01@gmail.com,1,0.0,3.15,0.0,Business,Advanced
U00716,victoriawalter,29,Male,cjones@gmail.com,4,295.02,3.005,73.755,Data Science,Advanced
U00717,michaeljohnson,34,Female,webernicholas@yahoo.com,1,0.0,1.91,0.0,Cybersecurity,Intermediate
U00718,christopher99,27,Female,mia13@yahoo.com,2,285.05,2.42,142.525,Business,Beginner
U00719,diazlinda,25,Female,nmiller@yahoo.com,1,117.68,2.57,117.68,Data Science,Advanced
U00720,coleashley,17,Female,briggsgrant@hotmail.com,1,415.51,3.11,415.51,Artificial Intelligence,Intermediate
U00721,adavenport,20,Female,cgriffin@outlook.com,1,0.0,2.61,0.0,Design,Advanced
U00722,smontgomery,16,Female,michaelhunter@gmail.com,3,276.37,1.95,92.12333333333333,Business,Advanced
U00723,tcolon,35,Male,benjamin17@hotmail.com,14,1213.66,3.0942857142857143,86.69000000000001,Project Management,Advanced
U00724,elizabeth68,16,Female,patrick77@hotmail.com,15,1375.81,3.530666666666667,91.72066666666666,Business,Intermediate
U00725,martinbarbara,28,Female,christine02@gmail.com,1,0.0,3.32,0.0,Web Development,Beginner
U00726,ssanchez,26,Female,erikamccann@outlook.com,1,472.28,4.74,472.28,Programming,Beginner
U00727,jeffreystewart,33,Female,tsexton@gmail.com,4,389.73,3.0225,97.4325,Digital Marketing,Advanced
U00728,teresa67,17,Male,christopher71@hotmail.com,1,0.0,4.11,0.0,Marketing,Intermediate
U00729,vsmith,30,Male,william39@yahoo.com,2,0.0,3.835,0.0,Marketing,Advanced
U00730,nbuckley,30,Male,ianderson@hotmail.com,2,487.92,3.31,243.96,Business,Advanced
U00731,duane21,16,Male,spearsmitchell@outlook.com,2,285.05,2.6399999999999997,142.525,Business,Beginner
U00732,andrew96,22,Male,darryllucas@hotmail.com,1,394.26,1.35,394.26,Cybersecurity,Intermediate
U00733,evansjill,28,Female,randyberry@yahoo.com,1,0.0,2.61,0.0,Design,Advanced
U00734,georgemartin,20,Male,christophercox@outlook.com,4,299.57,2.7875,74.8925,Data Science,Advanced
U00735,brian79,17,Male,mejiaveronica@gmail.com,2,212.39,2.575,106.195,Business,Advanced
U00736,yarmstrong,19,Female,miranda26@yahoo.com,1,0.0,4.73,0.0,Machine Learning,Intermediate
U00737,david99,18,Male,ddaniel@outlook.com,2,207.27,2.625,103.635,Artificial Intelligence,Advanced
U00738,kevin65,29,Female,christopherharris@gmail.com,3,250.27999999999997,3.1300000000000003,83.42666666666666,Cybersecurity,Advanced
U00739,robinsonaaron,25,Female,katie36@gmail.com,1,0.0,4.1,0.0,Finance,Intermediate
U00740,lrodgers,34,Female,pamerickson@hotmail.com,1,327.99,1.51,327.99,Project Management,Beginner
U00741,joseph57,33,Female,robertbennett@hotmail.com,4,461.65000000000003,4.1125,115.41250000000001,Finance,Intermediate
U00742,sthomas,29,Male,christina80@gmail.com,1,327.99,1.51,327.99,Project Management,Beginner
U00743,kchandler,19,Male,moralesmicheal@gmail.com,4,37.89,1.96,9.4725,Programming,Advanced
U00744,susan70,15,Male,shannonbell@yahoo.com,1,0.0,2.98,0.0,Marketing,Advanced
U00745,colemanshannon,29,Female,laura10@hotmail.com,2,0.0,2.335,0.0,Business,Advanced
U00746,brianwright,28,Male,middletonmiranda@gmail.com,2,276.37,2.3600000000000003,138.185,Business,Advanced
U00747,scruz,28,Female,fmiller@gmail.com,1,0.0,2.2,0.0,Web Development,Beginner
U00748,gyang,30,Female,pwhite@gmail.com,2,0.0,2.335,0.0,Business,Advanced
U00749,suarezjason,18,Male,shelly11@outlook.com,1,0.0,4.72,0.0,Marketing,Intermediate
U00750,brittany20,23,Female,brittany01@outlook.com,1,487.92,3.64,487.92,Business,Advanced
U00751,alex00,19,Male,tkane@hotmail.com,1,0.0,1.28,0.0,Programming,Beginner
U00752,gregoryramirez,30,Male,johnnyhenderson@outlook.com,13,1666.6499999999999,2.8469230769230767,128.20384615384614,Design,Advanced
U00753,fallen,28,Male,piercejustin@hotmail.com,2,0.0,3.495,0.0,Marketing,Beginner
U00754,wchapman,33,Male,daniel53@hotmail.com,1,490.9,4.55,490.9,Artificial Intelligence,Beginner
U00755,fnelson,31,Male,schmidtrussell@outlook.com,1,0.0,1.91,0.0,Cybersecurity,Intermediate
U00756,gloverronald,33,Female,tara80@hotmail.com,1,0.0,4.1,0.0,Finance,Intermediate
U00757,greghiggins,22,Female,chris37@yahoo.com,1,53.86,2.47,53.86,Finance,Beginner
U00758,jacobcherry,16,Male,wongana@yahoo.com,1,0.0,2.0,0.0,Business,Advanced
U00759,jerryfuentes,22,Male,alec74@hotmail.com,1,0.78,3.89,0.78,Machine Learning,Advanced
U00760,donnahudson,21,Female,steven45@gmail.com,13,1583.69,3.2353846153846155,121.8223076923077,Programming,Beginner
U00761,vthomas,31,Male,bellbrian@gmail.com,1,0.0,4.44,0.0,Digital Marketing,Beginner
U00762,marieboyd,22,Female,lbryant@gmail.com,1,346.71,1.23,346.71,Project Management,Advanced
U00763,ccook,16,Male,nenglish@hotmail.com,1,0.0,3.02,0.0,Data Science,Intermediate
U00764,millerjay,18,Male,smithvictoria@yahoo.com,2,0.0,2.495,0.0,Marketing,Advanced
U00765,carrillonathaniel,31,Female,brittany31@yahoo.com,11,1188.0,2.641818181818182,108.0,Data Science,Intermediate
U00766,rebecca41,31,Female,brockvirginia@outlook.com,3,0.0,4.333333333333333,0.0,Marketing,Intermediate
U00767,iestes,16,Female,idavis@yahoo.com,14,1529.52,3.0335714285714284,109.25142857142858,Programming,Advanced
U00768,castilloallen,19,Male,devon29@yahoo.com,2,0.0,3.59,0.0,Design,Advanced
U00769,nicholaswatkins,16,Female,campbellsharon@gmail.com,1,0.0,4.45,0.0,Design,Advanced
U00770,pnorris,29,Male,laurennavarro@gmail.com,1,0.0,4.73,0.0,Machine Learning,Intermediate
U00771,ashley15,18,Male,lewisjamie@outlook.com,1,285.05,1.96,285.05,Business,Beginner
U00772,lindseylawson,24,Female,brandon45@yahoo.com,13,342.61,3.547692307692308,26.354615384615386,Cybersecurity,Intermediate
U00773,tlewis,25,Female,jonesrachel@gmail.com,1,119.04,2.75,119.04,Finance,Intermediate
U00774,qarmstrong,27,Male,jodyolson@outlook.com,1,0.0,2.38,0.0,Cybersecurity,Advanced
U00775,timothy66,29,Female,gregoryalison@hotmail.com,14,1391.4,3.281428571428571,99.38571428571429,Programming,Beginner
U00776,smithgloria,26,Female,rbrown@yahoo.com,1,490.9,4.55,490.9,Artificial Intelligence,Beginner
U00777,donaldcastillo,29,Male,lewisrachael@outlook.com,4,999.88,3.6675,249.97,Business,Advanced
U00778,darrencarey,33,Male,kristina95@gmail.com,2,0.0,2.355,0.0,Machine Learning,Advanced
U00779,vargasemily,24,Female,westvictor@gmail.com,1,0.0,2.38,0.0,Cybersecurity,Advanced
U00780,christopherduran,32,Female,haleygould@yahoo.com,1,0.0,2.43,0.0,Programming,Intermediate
U00781,lucasnorman,18,Female,martindeborah@gmail.com,1,0.0,3.6,0.0,Data Science,Intermediate
U00782,hholt,25,Male,grodgers@hotmail.com,1,0.0,2.61,0.0,Design,Advanced
U00783,joliver,35,Female,courtneyanthony@gmail.com,2,57.32,3.88,28.66,Data Science,Advanced
U00784,obrienjessica,22,Female,stephaniereed@yahoo.com,2,299.57,4.21,149.785,Data Science,Beginner
U00785,fisherkathryn,17,Female,menglish@yahoo.com,1,0.0,4.66,0.0,Digital Marketing,Intermediate
U00786,johnobrien,32,Female,tduncan@gmail.com,13,1193.7,3.2807692307692307,91.82307692307693,Finance,Advanced
U00787,alexisjones,29,Female,nwatts@outlook.com,9,510.16999999999996,3.12,56.68555555555555,Programming,Beginner
U00788,dalton45,24,Male,jessica89@yahoo.com,2,0.0,1.935,0.0,Digital Marketing,Beginner
U00789,edwardbishop,17,Female,hgeorge@gmail.com,2,37.89,2.475,18.945,Data Science,Advanced
U00790,weekssamuel,16,Female,hensonkevin@yahoo.com,2,347.48999999999995,2.56,173.74499999999998,Machine Learning,Advanced
U00791,ggibbs,34,Female,megan67@yahoo.com,2,89.59,3.305,44.795,Artificial Intelligence,Intermediate
U00792,ralphrobertson,20,Male,piercestacy@hotmail.com,1,346.71,1.23,346.71,Project Management,Advanced
U00793,jasonchapman,19,Male,amberrice@gmail.com,4,212.39,3.45,53.0975,Digital Marketing,Advanced
U00794,zperkins,23,Female,deanna03@yahoo.com,2,0.0,2.58,0.0,Artificial Intelligence,Advanced
U00795,pkent,34,Female,kellymoore@gmail.com,3,285.05,2.9466666666666668,95.01666666666667,Business,Beginner
U00796,belljacob,22,Female,rachellewis@outlook.com,2,212.39,2.215,106.195,Digital Marketing,Advanced
U00797,djohnson,20,Male,brenda73@outlook.com,3,0.0,3.4499999999999997,0.0,Design,Intermediate
U00798,phillipgarza,19,Female,ashleyjohnson@outlook.com,1,0.0,1.52,0.0,Design,Advanced
U00799,danielle30,26,Female,april48@outlook.com,2,0.0,2.925,0.0,Data Science,Beginner
U00800,denniskara,29,Female,petersonamber@yahoo.com,2,415.51,3.92,207.755,Artificial Intelligence,Intermediate
U00801,pmorse,32,Female,kellieandrade@hotmail.com,2,415.51,3.92,207.755,Artificial Intelligence,Intermediate
U00802,garciabradley,31,Male,susan84@outlook.com,2,119.04,2.95,59.52,Business,Advanced
U00803,vyoung,26,Male,murphyelijah@hotmail.com,3,276.37,2.9633333333333334,92.12333333333333,Business,Advanced
U00804,alexander76,24,Female,volson@hotmail.com,2,89.59,1.98,44.795,Artificial Intelligence,Beginner
U00805,shelly99,18,Female,fosterabigail@gmail.com,1,0.0,4.11,0.0,Marketing,Intermediate
U00806,hollowaybrian,27,Male,hardyann@hotmail.com,1,0.0,3.65,0.0,Data Science,Beginner
U00807,mark87,35,Female,theresa07@outlook.com,1,342.61,4.84,342.61,Project Management,Intermediate
U00808,randalljensen,27,Female,sandrashaw@outlook.com,1,0.0,3.64,0.0,Artificial Intelligence,Beginner
U00809,terrismith,24,Male,phansen@gmail.com,1,490.9,4.55,490.9,Artificial Intelligence,Beginner
U00810,nshort,28,Male,kelsey23@hotmail.com,1,276.37,2.72,276.37,Design,Advanced
U00811,rachel13,25,Female,kimberly43@gmail.com,3,487.92,3.0533333333333332,162.64000000000001,Web Development,Beginner
U00812,greenbradley,24,Female,jenniferpalmer@yahoo.com,3,285.05,3.64,95.01666666666667,Design,Beginner
U00813,oberg,33,Male,andersonanthony@hotmail.com,4,0.0,3.815,0.0,Business,Intermediate
U00814,dana01,21,Female,hhoover@yahoo.com,1,0.0,2.01,0.0,Marketing,Advanced
U00815,blevinskenneth,17,Male,pcardenas@outlook.com,2,415.51,3.92,207.755,Artificial Intelligence,Intermediate
U00816,nortonjennifer,34,Male,christopher24@hotmail.com,3,89.59,2.106666666666667,29.863333333333333,Artificial Intelligence,Intermediate
U00817,xwilkins,35,Female,adaugherty@gmail.com,1,0.0,3.32,0.0,Web Development,Beginner
U00818,josephthornton,20,Female,cynthia81@gmail.com,1,0.0,4.79,0.0,Marketing,Advanced
U00819,macdonaldbarry,28,Female,greenangela@yahoo.com,14,1143.41,3.027857142857143,81.67214285714286,Cybersecurity,Advanced
U00820,rhunt,31,Female,georgeamanda@hotmail.com,3,487.92,3.126666666666667,162.64000000000001,Business,Advanced
U00821,sarawashington,23,Male,ashley12@yahoo.com,13,1597.3,2.9061538461538463,122.86923076923077,Artificial Intelligence,Beginner
U00822,iweber,35,Female,allenjason@gmail.com,1,0.0,2.43,0.0,Programming,Intermediate
U00823,burgessashley,22,Male,jsalinas@outlook.com,1,212.39,3.15,212.39,Digital Marketing,Advanced
U00824,mary48,27,Male,josesmith@yahoo.com,1,0.0,4.1,0.0,Finance,Intermediate
U00825,odavis,26,Male,richard58@gmail.com,3,487.92,3.703333333333333,162.64000000000001,Business,Advanced
U00826,jamespatel,16,Male,maddoxashley@outlook.com,1,53.86,2.47,53.86,Finance,Beginner
U00827,joshua59,26,Female,morrisonbrian@yahoo.com,2,0.0,4.41,0.0,Finance,Intermediate
U00828,tanya22,25,Male,brian39@hotmail.com,3,592.85,3.9066666666666663,197.61666666666667,Artificial Intelligence,Intermediate
U00829,hthomas,22,Male,householly@hotmail.com,16,1338.31,3.054375,83.644375,Cybersecurity,Beginner
U00830,cookreginald,26,Female,qhiggins@outlook.com,1,326.02,2.69,326.02,Business,Intermediate
U00831,stephanie39,18,Male,henryanderson@yahoo.com,2,0.0,3.16,0.0,Design,Advanced
U00832,chumphrey,20,Female,fingram@yahoo.com,1,0.0,3.85,0.0,Programming,Beginner
U00833,anna24,32,Female,yangryan@hotmail.com,3,0.0,2.0066666666666664,0.0,Machine Learning,Advanced
U00834,connor47,30,Male,foxrachel@gmail.com,1,0.0,2.2,0.0,Web Development,Beginner
U00835,jonesnatalie,33,Female,johnstonheather@hotmail.com,1,0.0,3.02,0.0,Data Science,Intermediate
U00836,vlee,29,Female,mgonzalez@gmail.com,15,931.7,2.886,62.11333333333334,Digital Marketing,Beginner
U00837,summersbenjamin,28,Male,tina58@outlook.com,4,285.05,2.5175,71.2625,Programming,Beginner
U00838,johnmclean,25,Female,ibailey@hotmail.com,12,1027.19,2.8408333333333338,85.59916666666668,Data Science,Advanced
U00839,richardgonzales,33,Male,anne86@outlook.com,1,0.0,4.94,0.0,Cybersecurity,Beginner
U00840,kristen96,18,Male,evanschad@gmail.com,3,394.26,2.4533333333333336,131.42,Cybersecurity,Intermediate
U00841,potterchristine,29,Female,zjones@hotmail.com,1,0.0,1.91,0.0,Cybersecurity,Intermediate
U00842,johnsonmichael,21,Female,slucas@hotmail.com,2,89.59,2.7800000000000002,44.795,Artificial Intelligence,Beginner
U00843,danielrivera,21,Male,shieldsjustin@outlook.com,1,276.37,2.72,276.37,Design,Advanced
U00844,bellnicholas,26,Male,rachelharris@gmail.com,1,0.0,4.72,0.0,Marketing,Intermediate
U00845,larry84,25,Female,selena53@hotmail.com,1,53.86,2.47,53.86,Finance,Beginner
U00846,geraldbrown,16,Male,amanda42@hotmail.com,1,57.32,4.74,57.32,Web Development,Advanced
U00847,cscott,23,Male,adamsjessica@gmail.com,1,0.0,4.66,0.0,Digital Marketing,Intermediate
U00848,wlindsey,28,Male,alan56@hotmail.com,4,415.51,3.7825,103.8775,Artificial Intelligence,Intermediate
U00849,patrick51,20,Male,thompsonjack@gmail.com,2,248.1,2.42,124.05,Artificial Intelligence,Beginner
U00850,christopheradams,26,Male,brandon52@hotmail.com,15,897.95,3.0846666666666662,59.86333333333334,Project Management,Advanced
U00851,jamesandersen,21,Male,gregorycastillo@outlook.com,1,0.0,4.73,0.0,Machine Learning,Intermediate
U00852,scottgoodman,23,Male,mthomas@gmail.com,13,1579.1399999999999,3.4723076923076923,121.47230769230768,Artificial Intelligence,Intermediate
U00853,qhancock,24,Male,jessicatate@yahoo.com,2,0.0,2.92,0.0,Machine Learning,Intermediate
U00854,jeffery46,28,Male,jenniferking@gmail.com,2,299.57,3.3600000000000003,149.785,Data Science,Advanced
U00855,cmoody,15,Female,jonathan95@yahoo.com,1,0.0,1.28,0.0,Programming,Beginner
U00856,jeffreyosborne,21,Female,abrown@yahoo.com,1,0.0,2.14,0.0,Digital Marketing,Beginner
U00857,rjohnson,15,Male,fshaw@outlook.com,1,0.0,3.32,0.0,Web Development,Beginner
U00858,hperez,20,Male,josephramirez@gmail.com,15,396.47,3.258666666666667,26.431333333333335,Machine Learning,Beginner
U00859,connie76,22,Male,fjones@outlook.com,1,0.0,3.02,0.0,Data Science,Intermediate
U00860,charlesromero,23,Female,sabrinagarcia@yahoo.com,1,490.9,4.55,490.9,Artificial Intelligence,Beginner
U00861,cjones,22,Female,williamporter@hotmail.com,1,0.0,1.73,0.0,Machine Learning,Intermediate
U00862,ucampbell,18,Female,ycruz@outlook.com,1,487.92,3.64,487.92,Business,Advanced
U00863,carlachambers,23,Female,catherine34@gmail.com,1,0.0,2.88,0.0,Programming,Beginner
U00864,taralucas,22,Female,wesleygomez@hotmail.com,1,0.0,2.0,0.0,Business,Advanced
U00865,ynguyen,27,Male,katievasquez@hotmail.com,1,285.05,1.96,285.05,Business,Beginner
U00866,kevinbryant,30,Male,kaneamber@yahoo.com,1,0.0,4.73,0.0,Machine Learning,Intermediate
U00867,kadams,30,Male,smiththomas@yahoo.com,1,0.0,2.61,0.0,Design,Advanced
U00868,brookelester,16,Female,jeannejones@yahoo.com,1,0.0,2.14,0.0,Digital Marketing,Beginner
U00869,kathy66,19,Male,hernandezcrystal@gmail.com,1,0.0,2.01,0.0,Marketing,Advanced
U00870,sarah55,22,Male,kennethbrown@outlook.com,15,966.14,3.4386666666666668,64.40933333333334,Marketing,Advanced
U00871,harrisangel,26,Male,rebecca41@gmail.com,2,0.0,2.0549999999999997,0.0,Cybersecurity,Advanced
U00872,leonard49,27,Male,uwhite@outlook.com,1,0.0,3.32,0.0,Web Development,Beginner
U00873,nicholas43,28,Male,deanbrandon@hotmail.com,1,0.0,4.45,0.0,Design,Advanced
U00874,daniel14,25,Male,webbalexander@yahoo.com,12,2175.74,3.276666666666667,181.31166666666664,Business,Advanced
U00875,lauren47,23,Male,cnorman@hotmail.com,1,57.32,4.74,57.32,Web Development,Advanced
U00876,steven86,27,Male,ghart@outlook.com,14,2352.5,3.662857142857143,168.03571428571428,Artificial Intelligence,Intermediate
U00877,brian68,35,Male,albert18@yahoo.com,1,490.9,4.55,490.9,Artificial Intelligence,Beginner
U00878,gregory34,31,Male,christian06@hotmail.com,1,177.34,3.89,177.34,Digital Marketing,Advanced
U00879,andrea15,18,Female,ygarcia@gmail.com,3,389.15999999999997,3.5100000000000002,129.72,Artificial Intelligence,Intermediate
U00880,burnettjennifer,15,Male,jodi61@outlook.com,1,177.34,3.89,177.34,Digital Marketing,Advanced
U00881,jayala,34,Female,austinamy@outlook.com,16,2703.36,3.0825,168.96,Artificial Intelligence,Intermediate
U00882,tyrone43,34,Female,adamjensen@gmail.com,1,0.0,2.14,0.0,Digital Marketing,Beginner
U00883,brittany87,27,Female,anthony51@hotmail.com,3,472.28,3.83,157.42666666666665,Design,Beginner
U00884,davenportjerome,19,Male,fosteredward@hotmail.com,1,487.92,3.64,487.92,Business,Advanced
U00885,moralessherri,28,Female,robinsonmichelle@gmail.com,1,117.68,2.57,117.68,Data Science,Advanced
U00886,brenda56,22,Female,joshuacarrillo@hotmail.com,2,0.0,1.505,0.0,Machine Learning,Beginner
U00887,joseph48,17,Male,fordmichelle@hotmail.com,1,0.0,2.14,0.0,Digital Marketing,Beginner
U00888,ywright,15,Male,rubenvargas@outlook.com,4,491.67999999999995,3.525,122.91999999999999,Machine Learning,Advanced
U00889,robbinscatherine,31,Female,glopez@gmail.com,1,0.0,3.02,0.0,Data Science,Intermediate
U00890,jacobscharles,31,Female,jonesbrian@hotmail.com,2,299.57,2.5100000000000002,149.785,Data Science,Beginner
U00891,christopher59,28,Female,andrew63@gmail.com,2,0.0,4.195,0.0,Data Science,Advanced
U00892,joneskayla,35,Male,jmack@hotmail.com,4,0.0,4.0375,0.0,Cybersecurity,Intermediate
U00893,dwillis,15,Male,johnjensen@gmail.com,12,1271.25,2.859166666666667,105.9375,Business,Advanced
U00894,edwardsjared,28,Female,donna27@gmail.com,3,511.94,2.86,170.64666666666668,Cybersecurity,Intermediate
U00895,seanlambert,15,Male,garnerjohn@hotmail.com,4,548.22,4.0225,137.055,Marketing,Advanced
U00896,calvindavis,29,Female,matanancy@hotmail.com,4,118.46000000000001,3.3525,29.615000000000002,Cybersecurity,Advanced
U00897,zmarshall,20,Male,rjohnson@outlook.com,1,177.34,3.89,177.34,Digital Marketing,Advanced
U00898,michelleramos,24,Female,fschwartz@gmail.com,12,663.22,2.9808333333333334,55.26833333333334,Machine Learning,Beginner
U00899,hallbrian,19,Male,ydavis@hotmail.com,1,0.0,2.01,0.0,Marketing,Advanced
U00900,kochshannon,26,Female,yclark@gmail.com,2,119.04,3.34,59.52,Cybersecurity,Intermediate
U00901,adam68,23,Female,john91@outlook.com,1,0.0,3.93,0.0,Cybersecurity,Intermediate
U00902,jacobscameron,29,Male,christinapeterson@yahoo.com,2,248.1,1.7000000000000002,124.05,Artificial Intelligence,Beginner
U00903,rojasjames,29,Female,omoon@gmail.com,13,1238.72,2.9415384615384617,95.28615384615385,Business,Advanced
U00904,kristen47,16,Female,vmclean@yahoo.com,1,0.0,2.14,0.0,Digital Marketing,Beginner
U00905,llawrence,15,Male,daniel77@outlook.com,1,0.0,4.45,0.0,Design,Advanced
U00906,nicholsonkaren,34,Female,michaelsmith@outlook.com,1,299.57,3.74,299.57,Data Science,Beginner
U00907,pachecomary,23,Female,adam92@outlook.com,12,2048.18,3.2266666666666666,170.68166666666664,Business,Beginner
U00908,tommywilkinson,16,Female,sarah20@gmail.com,1,0.0,3.93,0.0,Cybersecurity,Intermediate
U00909,kristinevance,35,Female,whiteeric@hotmail.com,1,0.0,2.88,0.0,Programming,Beginner
U00910,ramirezaaron,20,Female,costatraci@hotmail.com,3,367.14,2.0500000000000003,122.38,Artificial Intelligence,Beginner
U00911,qallen,15,Female,jennifercollins@yahoo.com,10,996.65,3.318,99.66499999999999,Business,Beginner
U00912,anthony80,28,Male,stephaniezimmerman@yahoo.com,1,0.0,1.91,0.0,Cybersecurity,Intermediate
U00913,boyerjoseph,35,Female,michaeladams@hotmail.com,1,57.32,4.74,57.32,Web Development,Advanced
U00914,goodwinmichelle,22,Male,danielmcclure@hotmail.com,1,0.0,4.11,0.0,Marketing,Intermediate
U00915,phillipssean,24,Female,carolynrivera@outlook.com,13,1343.61,3.1823076923076923,103.35461538461537,Artificial Intelligence,Beginner
U00916,donnacarlson,20,Male,cooperzachary@yahoo.com,1,0.0,3.02,0.0,Data Science,Intermediate
U00917,tylersheppard,28,Female,webbheather@hotmail.com,15,1319.9099999999999,3.098,87.99399999999999,Business,Advanced
U00918,maddoxmichael,35,Male,joshuadelgado@outlook.com,1,299.57,3.74,299.57,Data Science,Beginner
U00919,kwheeler,28,Male,wbarrera@gmail.com,14,1415.33,2.8007142857142857,101.095,Business,Advanced
U00920,robertortiz,18,Female,randy02@gmail.com,1,0.0,4.1,0.0,Finance,Intermediate
U00921,nharris,26,Male,joshuaduran@gmail.com,1,487.92,3.64,487.92,Business,Advanced
U00922,rwilliams,31,Female,hball@outlook.com,2,0.0,1.4,0.0,Design,Advanced
U00923,scott83,29,Female,nataliejackson@gmail.com,3,511.94,1.6833333333333333,170.64666666666668,Cybersecurity,Advanced
U00924,grahammary,34,Male,traceyortiz@gmail.com,1,0.0,2.38,0.0,Cybersecurity,Advanced
U00925,tjackson,31,Male,mmendoza@yahoo.com,2,490.9,4.605,245.45,Artificial Intelligence,Beginner
U00926,debbie38,32,Male,michelewolf@gmail.com,2,342.61,4.49,171.305,Finance,Beginner
U00927,kbowman,26,Male,lguerrero@yahoo.com,2,0.0,3.065,0.0,Business,Advanced
U00928,uleon,33,Female,butlermichael@outlook.com,12,1050.48,2.85,87.54,Data Science,Advanced
U00929,taylortiffany,25,Female,jennifergilbert@yahoo.com,4,444.48,3.1875,111.12,Data Science,Advanced
U00930,joe26,34,Male,jeffreyramirez@hotmail.com,3,534.55,3.3233333333333337,178.1833333333333,Artificial Intelligence,Intermediate
U00931,pgrant,31,Male,jeffreyvaughn@outlook.com,1,117.68,2.57,117.68,Data Science,Advanced
U00932,yolandamckinney,21,Male,qjimenez@yahoo.com,1,57.32,4.74,57.32,Web Development,Advanced
U00933,rebeccagrant,27,Female,millerjessica@hotmail.com,1,0.0,2.88,0.0,Programming,Beginner
U00934,clarkamanda,15,Female,jimmycampbell@outlook.com,1,0.0,4.68,0.0,Project Management,Beginner
U00935,andrew43,16,Female,hoconnell@outlook.com,1,0.0,3.65,0.0,Data Science,Beginner
U00936,markmcbride,30,Female,hrobinson@hotmail.com,1,0.0,4.44,0.0,Digital Marketing,Beginner
U00937,kimberly76,35,Male,billyhamilton@hotmail.com,1,0.0,1.81,0.0,Machine Learning,Advanced
U00938,kellylevy,30,Male,uball@hotmail.com,1,0.0,4.51,0.0,Design,Beginner
U00939,regina72,18,Male,autumn95@yahoo.com,1,0.0,3.6,0.0,Data Science,Intermediate
U00940,bhughes,15,Female,patrickdavis@hotmail.com,1,0.0,1.91,0.0,Cybersecurity,Intermediate
U00941,riceemily,20,Female,michael80@gmail.com,2,285.05,1.935,142.525,Business,Beginner
U00942,greeves,21,Male,jonathanmullins@hotmail.com,1,0.0,4.14,0.0,Finance,Beginner
U00943,patrickevans,21,Female,christopheraguilar@hotmail.com,2,0.0,2.195,0.0,Cybersecurity,Advanced
U00944,mcdowellrichard,28,Female,mwoods@yahoo.com,1,117.68,2.57,117.68,Data Science,Advanced
U00945,meganaguilar,27,Female,jenna45@gmail.com,1,0.0,4.68,0.0,Project Management,Beginner
U00946,cobbrebecca,20,Female,esmith@hotmail.com,1,0.0,4.72,0.0,Marketing,Intermediate
U00947,phillipsthomas,31,Female,robert99@yahoo.com,1,0.0,2.14,0.0,Digital Marketing,Beginner
U00948,jenna85,34,Male,harringtonjason@hotmail.com,3,0.0,4.223333333333333,0.0,Finance,Intermediate
U00949,andersondaniel,16,Male,dustinsimmons@hotmail.com,4,0.0,3.165,0.0,Machine Learning,Beginner
U00950,loricruz,33,Female,amartinez@yahoo.com,1,0.0,4.66,0.0,Digital Marketing,Intermediate
U00951,perkinsian,15,Male,benjamintaylor@gmail.com,2,342.61,4.75,171.305,Digital Marketing,Intermediate
U00952,fullerlaura,22,Female,dreeves@gmail.com,2,0.0,3.5,0.0,Business,Advanced
U00953,lindsay67,31,Male,randall43@hotmail.com,3,89.59,2.646666666666667,29.863333333333333,Artificial Intelligence,Intermediate
U00954,emily45,21,Female,judywilliams@yahoo.com,2,0.0,3.36,0.0,Business,Advanced
U00955,howardfranco,35,Female,christopher22@hotmail.com,3,0.0,3.3800000000000003,0.0,Finance,Advanced
U00956,sarahwilliams,21,Female,kellygregory@hotmail.com,1,327.99,1.51,327.99,Project Management,Beginner
U00957,courtneyspence,22,Male,xmartin@gmail.com,3,212.39,2.6733333333333333,70.79666666666667,Web Development,Advanced
U00958,vanessa84,28,Female,douglas85@gmail.com,2,0.0,4.550000000000001,0.0,Digital Marketing,Beginner
U00959,jillianbenitez,22,Male,brownmonica@outlook.com,13,1444.05,3.110769230769231,111.08076923076922,Machine Learning,Advanced
U00960,zdominguez,17,Male,jenniferzavala@gmail.com,1,0.0,2.61,0.0,Design,Advanced
U00961,yodervalerie,31,Male,elizabeth16@outlook.com,14,1242.93,3.251428571428572,88.7807142857143,Artificial Intelligence,Beginner
U00962,mullenraven,20,Male,jamesgreen@hotmail.com,1,0.0,3.15,0.0,Business,Advanced
U00963,xespinoza,20,Female,arivera@yahoo.com,2,0.0,2.9699999999999998,0.0,Cybersecurity,Advanced
U00964,melissa75,16,Female,chavezbryce@outlook.com,1,0.0,2.98,0.0,Marketing,Advanced
U00965,alexanderhart,34,Female,abigailstevens@hotmail.com,1,0.0,2.14,0.0,Digital Marketing,Beginner
U00966,don65,23,Female,autumn61@outlook.com,1,0.0,2.43,0.0,Programming,Intermediate
U00967,haledalton,15,Male,tevans@outlook.com,14,816.75,3.092142857142857,58.339285714285715,Project Management,Beginner
U00968,wmartin,21,Male,bryan25@outlook.com,2,0.0,2.525,0.0,Machine Learning,Beginner
U00969,kevin31,29,Male,karina05@gmail.com,1,248.1,1.2,248.1,Artificial Intelligence,Beginner
U00970,lcollins,18,Male,kelly21@yahoo.com,1,285.05,1.96,285.05,Business,Beginner
U00971,xhicks,19,Female,ybaldwin@gmail.com,3,490.9,4.12,163.63333333333333,Artificial Intelligence,Advanced
U00972,dross,27,Female,juanthomas@gmail.com,4,591.3199999999999,3.6125,147.82999999999998,Artificial Intelligence,Beginner
U00973,robertsnicolas,22,Male,mark15@yahoo.com,1,57.32,4.74,57.32,Web Development,Advanced
U00974,qcraig,31,Male,stephensonelizabeth@yahoo.com,1,0.0,4.66,0.0,Digital Marketing,Intermediate
U00975,kroman,35,Female,jrobinson@hotmail.com,1,0.0,3.32,0.0,Web Development,Beginner
U00976,johnsonchristopher,30,Male,lynchnorma@gmail.com,12,1462.63,3.1658333333333335,121.88583333333334,Business,Advanced
U00977,mrubio,33,Female,birdjeanette@yahoo.com,1,0.0,2.98,0.0,Marketing,Advanced
U00978,hgonzalez,18,Male,sherrypalmer@gmail.com,1,0.0,4.51,0.0,Design,Beginner
U00979,berryjohn,16,Female,richard23@hotmail.com,3,0.0,4.1433333333333335,0.0,Cybersecurity,Beginner
U00980,oliverwayne,17,Male,fdavis@yahoo.com,1,0.0,1.59,0.0,Finance,Advanced
U00981,vbryant,34,Male,zachary79@yahoo.com,13,1437.21,2.746923076923077,110.55461538461539,Artificial Intelligence,Advanced
U00982,austinandrea,27,Female,gmontoya@outlook.com,1,346.71,1.23,346.71,Project Management,Advanced
U00983,richardrhodes,26,Female,thomasperry@yahoo.com,1,0.0,2.0,0.0,Business,Advanced
U00984,ilambert,27,Male,hhall@outlook.com,1,415.51,3.11,415.51,Artificial Intelligence,Intermediate
U00985,sara25,21,Male,sara90@hotmail.com,1,0.0,1.81,0.0,Machine Learning,Advanced
U00986,crystalharris,25,Male,davidmartin@outlook.com,2,0.0,3.66,0.0,Cybersecurity,Advanced
U00987,jonathanhanson,27,Female,melissa05@gmail.com,1,0.0,4.44,0.0,Digital Marketing,Beginner
U00988,haley70,21,Female,adouglas@yahoo.com,1,0.0,2.38,0.0,Cybersecurity,Advanced
U00989,dillonmatthew,26,Male,dbrewer@yahoo.com,12,993.62,2.6199999999999997,82.80166666666666,Business,Advanced
U00990,nunezsandra,20,Male,hallcarl@outlook.com,1,0.0,4.1,0.0,Finance,Intermediate
U00991,fernandezkristen,30,Male,stephanieyork@gmail.com,1,89.59,2.68,89.59,Artificial Intelligence,Intermediate
U00992,achase,22,Female,pdean@outlook.com,4,952.31,2.8225,238.0775,Business,Advanced
U00993,jamesarnold,17,Male,crystalblankenship@outlook.com,1,326.02,2.69,326.02,Business,Intermediate
U00994,chaneyjeremy,29,Female,hannah24@gmail.com,1,0.0,4.73,0.0,Machine Learning,Intermediate
U00995,yholloway,27,Female,victoriawelch@hotmail.com,2,0.0,2.29,0.0,Cybersecurity,Advanced
U00996,jon28,24,Male,myersanna@gmail.com,1,0.0,4.66,0.0,Digital Marketing,Intermediate
U00997,vmyers,34,Female,edwardbarrera@outlook.com,15,460.49,3.1686666666666667,30.699333333333335,Design,Advanced
U00998,brendarogers,18,Male,mckayandrea@gmail.com,2,327.99,2.555,163.995,Data Science,Beginner
U00999,tshaffer,33,Female,reedjeffrey@outlook.com,1,0.0,4.51,0.0,Design,Beginner
U01000,tara10,16,Female,matthewserrano@gmail.com,12,1151.4199999999998,3.4483333333333337,95.95166666666665,Machine Learning,Advanced
U01001,matthewrobertson,18,Male,briannaalvarado@yahoo.com,1,0.0,3.45,0.0,Project Management,Intermediate
U01002,paul47,19,Male,sara84@yahoo.com,1,0.0,3.15,0.0,Business,Advanced
U01003,james19,35,Male,cameron98@hotmail.com,1,0.0,2.0,0.0,Business,Advanced
U01004,albertbell,16,Female,rachel22@yahoo.com,1,415.51,3.11,415.51,Artificial Intelligence,Intermediate
U01005,zshelton,19,Male,eric88@hotmail.com,1,119.04,2.75,119.04,Finance,Intermediate
U01006,youngcolleen,19,Male,shannonmiller@yahoo.com,2,37.89,1.8650000000000002,18.945,Programming,Advanced
U01007,thompsonalicia,30,Male,maldonadopaul@gmail.com,1,0.0,4.1,0.0,Finance,Intermediate
U01008,julie04,18,Male,enewton@outlook.com,2,0.0,3.24,0.0,Data Science,Beginner
U01009,jessicamorrow,15,Female,narnold@hotmail.com,1,0.78,3.89,0.78,Machine Learning,Advanced
U01010,staceybrown,35,Female,matthewlawrence@gmail.com,1,0.0,2.61,0.0,Design,Advanced
U01011,uarnold,18,Male,ginabenitez@gmail.com,1,248.1,1.2,248.1,Artificial Intelligence,Beginner
U01012,aolson,35,Female,kimberlylong@gmail.com,1,327.99,1.51,327.99,Project Management,Beginner
U01013,pcook,22,Male,kimberly96@yahoo.com,3,299.57,2.8033333333333332,99.85666666666667,Business,Advanced
U01014,jessicalong,17,Male,stevenperez@yahoo.com,3,0.0,3.366666666666667,0.0,Artificial Intelligence,Advanced
U01015,coledennis,29,Male,browndavid@outlook.com,15,1192.84,3.234,79.52266666666667,Data Science,Intermediate
U01016,nwright,27,Female,sandovalnorma@yahoo.com,2,57.32,3.165,28.66,Finance,Advanced
U01017,dhernandez,21,Female,tylermartin@gmail.com,2,611.0699999999999,2.325,305.53499999999997,Business,Beginner
U01018,shannonrobertson,23,Female,sarasparks@yahoo.com,1,0.0,4.14,0.0,Finance,Beginner
U01019,monique55,27,Male,rossashley@gmail.com,1,0.0,4.14,0.0,Finance,Beginner
U01020,vwhitehead,28,Male,shannonsparks@gmail.com,12,1169.1499999999999,2.72,97.42916666666666,Artificial Intelligence,Intermediate
U01021,richardmendez,29,Female,wernerleon@yahoo.com,2,0.0,3.355,0.0,Design,Beginner
U01022,butlerjessica,17,Male,lisa97@gmail.com,13,869.3,3.6884615384615387,66.86923076923077,Web Development,Intermediate
U01023,eford,18,Male,david19@outlook.com,2,0.0,4.22,0.0,Cybersecurity,Beginner
U01024,yandersen,17,Female,fmeyer@hotmail.com,3,487.92,4.246666666666667,162.64000000000001,Digital Marketing,Advanced
U01025,tyronepham,34,Male,loriyoung@outlook.com,1,490.9,4.55,490.9,Artificial Intelligence,Beginner
U01026,montescrystal,33,Female,ayalaariana@outlook.com,1,0.0,4.14,0.0,Finance,Beginner
U01027,candice51,32,Male,tinastevens@gmail.com,2,0.0,2.3,0.0,Programming,Beginner
U01028,gchapman,23,Female,tammy34@hotmail.com,2,327.99,2.195,163.995,Programming,Beginner
U01029,mooneyjoseph,15,Male,samantha60@outlook.com,1,119.04,2.75,119.04,Finance,Intermediate
U01030,jkennedy,23,Female,jonesalexandra@outlook.com,1,0.0,4.72,0.0,Marketing,Intermediate
U01031,vasquezsarah,15,Male,ocurry@hotmail.com,13,1539.38,3.331538461538462,118.41384615384617,Design,Advanced
U01032,brownvanessa,16,Male,kathleenjones@yahoo.com,14,1389.57,3.386428571428571,99.255,Marketing,Advanced
U01033,dsampson,30,Male,xsingleton@outlook.com,13,1830.5,3.1692307692307695,140.80769230769232,Business,Advanced
U01034,thomas88,18,Female,michael37@gmail.com,12,149.07,3.2566666666666664,12.4225,Finance,Advanced
U01035,robert02,33,Male,vmueller@hotmail.com,3,772.97,2.47,257.6566666666667,Business,Advanced
U01036,johnwatson,35,Male,cheryl57@hotmail.com,1,0.0,1.59,0.0,Finance,Advanced
U01037,jeremy46,32,Female,wyatt99@gmail.com,1,415.51,3.11,415.51,Artificial Intelligence,Intermediate
U01038,tanya50,33,Male,lunajuan@hotmail.com,1,342.61,4.84,342.61,Project Management,Intermediate
U01039,zellis,21,Female,misty82@gmail.com,1,0.0,4.94,0.0,Cybersecurity,Beginner
U01040,ecook,21,Female,gamblejames@gmail.com,1,285.05,1.96,285.05,Business,Beginner
U01041,nortontiffany,23,Female,karen17@yahoo.com,1,0.0,2.67,0.0,Web Development,Advanced
U01042,xjohnson,26,Male,ashleymcbride@outlook.com,1,0.0,3.45,0.0,Project Management,Intermediate
U01043,howardtammie,19,Female,devinanderson@outlook.com,4,57.32,2.515,14.33,Web Development,Advanced
U01044,kwhite,31,Female,jeffreybell@hotmail.com,1,0.0,2.67,0.0,Web Development,Advanced
U01045,brandonperkins,32,Female,jamescastro@yahoo.com,2,0.0,3.24,0.0,Data Science,Beginner
U01046,ijordan,28,Female,zgray@hotmail.com,1,53.86,2.47,53.86,Finance,Beginner
U01047,sarah46,29,Female,vlawson@hotmail.com,1,0.0,4.51,0.0,Design,Beginner
U01048,hwilliams,16,Female,vazquezsusan@outlook.com,1,0.0,1.81,0.0,Machine Learning,Advanced
U01049,sramirez,34,Male,danielle21@outlook.com,2,0.0,3.335,0.0,Data Science,Beginner
U01050,charlotte36,25,Female,cameron97@outlook.com,1,0.0,1.91,0.0,Cybersecurity,Intermediate
U01051,fmanning,18,Female,whitneysarah@gmail.com,2,0.0,3.23,0.0,Design,Advanced
U01052,villakenneth,22,Female,franklinmichelle@outlook.com,2,0.0,4.62,0.0,Design,Beginner
U01053,gonzalesmatthew,26,Female,thomaslivingston@outlook.com,1,0.0,3.02,0.0,Data Science,Intermediate
U01054,jason85,20,Female,jacqueline31@yahoo.com,2,0.0,2.21,0.0,Design,Advanced
U01055,gloria53,22,Female,xcasey@outlook.com,1,0.0,4.73,0.0,Machine Learning,Intermediate
U01056,heather91,15,Male,pruittmichael@hotmail.com,2,0.78,3.91,0.39,Cybersecurity,Advanced
U01057,mcdowellaudrey,33,Male,richardsonangela@gmail.com,1,0.0,4.1,0.0,Finance,Intermediate
U01058,jon17,34,Female,alandavis@gmail.com,2,606.65,2.25,303.325,Cybersecurity,Advanced
U01059,john53,30,Male,sandraswanson@hotmail.com,1,0.0,4.72,0.0,Marketing,Intermediate
U01060,edwin85,34,Female,caitlyn34@outlook.com,1,119.04,2.75,119.04,Finance,Intermediate
U01061,akemp,22,Female,shelby47@outlook.com,2,342.61,4.76,171.305,Project Management,Beginner
U01062,kellerkaren,22,Female,rebeccawilliams@gmail.com,1,0.0,4.45,0.0,Design,Advanced
U01063,djones,31,Female,qhernandez@gmail.com,1,0.0,2.67,0.0,Web Development,Advanced
U01064,nfields,26,Female,mstokes@gmail.com,2,487.92,4.16,243.96,Business,Advanced
U01065,stewartdavid,15,Male,bcallahan@gmail.com,4,327.99,2.6574999999999998,81.9975,Business,Advanced
U01066,jennifer14,19,Female,kgonzalez@hotmail.com,12,970.1700000000001,2.953333333333333,80.84750000000001,Data Science,Advanced
U01067,kcurry,17,Male,davidwhite@hotmail.com,1,0.0,1.91,0.0,Cybersecurity,Intermediate
U01068,amercer,32,Female,annetteshaffer@gmail.com,2,0.0,4.2700000000000005,0.0,Cybersecurity,Beginner
U01069,jonyoung,35,Male,travis38@yahoo.com,1,0.0,4.94,0.0,Cybersecurity,Beginner
U01070,mark45,32,Male,hannahpaul@yahoo.com,1,0.0,4.14,0.0,Finance,Beginner
U01071,stonecheryl,19,Female,lauramcneil@hotmail.com,2,497.44,2.5549999999999997,248.72,Business,Advanced
U01072,monica52,32,Male,cshields@yahoo.com,1,327.99,1.51,327.99,Project Management,Beginner
U01073,kristinrivera,23,Male,eingram@gmail.com,2,748.65,3.7300000000000004,374.325,Design,Advanced
U01074,dfoster,26,Female,robinsondouglas@gmail.com,1,0.0,1.59,0.0,Finance,Advanced
U01075,rachel61,17,Male,alvaradochristopher@gmail.com,2,490.9,3.9349999999999996,245.45,Artificial Intelligence,Beginner
U01076,michaelcarr,20,Male,christina08@yahoo.com,1,0.0,4.45,0.0,Design,Advanced
U01077,morenosarah,24,Female,markrose@outlook.com,2,490.9,3.3449999999999998,245.45,Artificial Intelligence,Beginner
U01078,daniel49,27,Male,herreralinda@hotmail.com,2,0.0,2.795,0.0,Design,Advanced
U01079,jeffreyallen,21,Male,buckkevin@gmail.com,13,37.89,2.927692307692308,2.914615384615385,Machine Learning,Advanced
U01080,ashley40,30,Female,tanya13@gmail.com,1,117.68,2.57,117.68,Data Science,Advanced
U01081,unewman,26,Female,brianbush@gmail.com,1,326.02,2.69,326.02,Business,Intermediate
U01082,harristimothy,25,Male,efranklin@yahoo.com,1,0.0,4.1,0.0,Finance,Intermediate
U01083,markmoore,29,Male,morgan59@gmail.com,15,1779.54,3.182666666666667,118.636,Data Science,Advanced
U01084,pwright,24,Male,lwilson@yahoo.com,13,2165.7799999999997,3.3153846153846156,166.59846153846152,Artificial Intelligence,Beginner
U01085,bmosley,26,Female,mistygould@gmail.com,2,119.04,2.59,59.52,Finance,Intermediate
U01086,zhensley,29,Female,cford@hotmail.com,1,117.68,2.57,117.68,Data Science,Advanced
U01087,colerobert,19,Male,khughes@outlook.com,1,299.57,3.74,299.57,Data Science,Beginner
U01088,paigeryan,21,Male,shaffersabrina@hotmail.com,2,451.58,3.045,225.79,Cybersecurity,Advanced
U01089,stewartdrew,17,Female,blackmark@outlook.com,1,0.0,2.14,0.0,Digital Marketing,Beginner
U01090,lhubbard,25,Female,kimhayes@hotmail.com,2,0.0,3.1950000000000003,0.0,Digital Marketing,Intermediate
U01091,lisa81,29,Female,michelle24@outlook.com,2,0.0,4.42,0.0,Machine Learning,Intermediate
U01092,ureese,34,Female,mikeroberts@gmail.com,15,2119.66,3.2646666666666664,141.31066666666666,Artificial Intelligence,Beginner
U01093,vharris,23,Female,bshields@outlook.com,1,0.0,3.85,0.0,Programming,Beginner
U01094,davidmolina,30,Male,mark40@hotmail.com,2,285.05,3.345,142.525,Business,Beginner
U01095,kathleenrios,21,Female,floydmelanie@gmail.com,1,0.0,4.51,0.0,Design,Beginner
U01096,karen44,18,Male,ellisteresa@hotmail.com,16,769.7199999999999,2.90875,48.107499999999995,Finance,Advanced
U01097,aaronhinton,29,Female,debra95@yahoo.com,1,0.0,2.67,0.0,Web Development,Advanced
U01098,robert85,17,Female,xbarker@yahoo.com,4,1181.75,2.6825,295.4375,Business,Advanced
U01099,joyweaver,35,Female,escott@gmail.com,1,0.0,4.79,0.0,Marketing,Advanced
U01100,zparrish,24,Female,sanchezamber@gmail.com,3,0.0,2.606666666666667,0.0,Cybersecurity,Advanced
U01101,nicole06,33,Male,aprilwoodard@gmail.com,1,0.0,2.01,0.0,Marketing,Advanced
U01102,brian27,23,Female,meghangreen@outlook.com,2,276.37,3.83,138.185,Cybersecurity,Advanced
U01103,ywheeler,22,Male,michellewhitney@yahoo.com,4,394.26,2.9050000000000002,98.565,Business,Advanced
U01104,russellbryant,29,Male,marshjohn@hotmail.com,1,0.78,3.89,0.78,Machine Learning,Advanced
U01105,brownsusan,27,Male,wbailey@hotmail.com,1,0.0,2.38,0.0,Cybersecurity,Advanced
U01106,johnsjulie,31,Male,christopherbrown@outlook.com,1,327.99,1.51,327.99,Project Management,Beginner
U01107,chris50,30,Female,robynsmith@gmail.com,1,0.0,3.64,0.0,Artificial Intelligence,Beginner
U01108,stoneandrew,16,Male,smithchristopher@hotmail.com,4,276.37,2.48,69.0925,Artificial Intelligence,Beginner
U01109,christopher92,24,Female,hallcrystal@outlook.com,1,0.0,2.0,0.0,Business,Advanced
U01110,garrettbrandi,23,Female,kenneth82@outlook.com,2,37.89,1.9849999999999999,18.945,Web Development,Advanced
U01111,fitzgeraldmarie,31,Male,ericmoore@outlook.com,1,0.0,1.13,0.0,Machine Learning,Beginner
U01112,brownbrian,24,Female,christopherpreston@hotmail.com,1,212.39,3.15,212.39,Digital Marketing,Advanced
U01113,gdavis,22,Female,angiemccann@gmail.com,1,487.92,3.64,487.92,Business,Advanced
U01114,ericksonedward,32,Male,qchang@gmail.com,1,0.0,3.02,0.0,Data Science,Intermediate
U01115,nmartinez,18,Male,badams@yahoo.com,1,327.99,1.51,327.99,Project Management,Beginner
U01116,wgomez,21,Female,chad64@yahoo.com,1,0.0,1.59,0.0,Finance,Advanced
U01117,brian45,23,Female,ajones@hotmail.com,1,0.0,2.43,0.0,Programming,Intermediate
U01118,elliottjoseph,31,Male,davidtaylor@outlook.com,1,119.04,2.75,119.04,Finance,Intermediate
U01119,bswanson,17,Female,erica19@hotmail.com,1,0.0,2.43,0.0,Programming,Intermediate
U01120,ashleymarshall,35,Female,paul48@yahoo.com,1,117.68,2.57,117.68,Data Science,Advanced
U01121,qmcintyre,20,Male,fbrown@yahoo.com,1,117.68,2.57,117.68,Data Science,Advanced
U01122,kathrynsutton,29,Female,medwards@yahoo.com,2,212.39,3.795,106.195,Digital Marketing,Advanced
U01123,garzamichael,29,Female,kimberly19@outlook.com,15,1720.26,2.884666666666667,114.684,Design,Beginner
U01124,vgill,30,Female,richardpaul@hotmail.com,3,342.61,3.01,114.20333333333333,Design,Advanced
U01125,sandracruz,32,Female,judyowen@hotmail.com,2,0.0,3.9400000000000004,0.0,Business,Advanced
U01126,xdaniels,15,Male,gregoryhess@outlook.com,2,0.0,4.395,0.0,Marketing,Beginner
U01127,amanda40,28,Female,rebecca93@hotmail.com,3,119.04,3.9766666666666666,39.68,Design,Intermediate
U01128,vthompson,31,Female,castillojohn@gmail.com,2,0.0,4.39,0.0,Finance,Beginner
U01129,robertvillegas,28,Female,briana87@gmail.com,1,326.02,2.69,326.02,Business,Intermediate
U01130,calebmclaughlin,28,Male,gabriel37@hotmail.com,1,53.86,2.47,53.86,Finance,Beginner
U01131,jmartinez,25,Male,kimberly80@gmail.com,3,0.78,2.5366666666666666,0.26,Design,Advanced
U01132,sandrabrown,27,Female,bruceevans@yahoo.com,4,425.44,2.615,106.36,Artificial Intelligence,Beginner
U01133,mlee,35,Female,robertsalexander@outlook.com,1,0.0,4.51,0.0,Design,Beginner
U01134,cameron67,19,Female,martinezronald@gmail.com,3,0.0,3.0833333333333335,0.0,Cybersecurity,Advanced
U01135,joseph79,22,Male,ytaylor@yahoo.com,1,0.0,2.61,0.0,Design,Advanced
U01136,carlmcclain,35,Male,lisabrown@hotmail.com,1,212.39,3.15,212.39,Digital Marketing,Advanced
U01137,jacobkerr,28,Female,johngray@gmail.com,2,487.92,2.385,243.96,Business,Advanced
U01138,xrowland,22,Female,flemingchelsea@hotmail.com,1,89.59,2.68,89.59,Artificial Intelligence,Intermediate
U01139,corey88,22,Female,wjohnson@hotmail.com,1,0.0,3.85,0.0,Programming,Beginner
U01140,matthew95,29,Female,hunter59@outlook.com,1,119.04,2.75,119.04,Finance,Intermediate
U01141,montoyabenjamin,17,Female,bellkaren@yahoo.com,1,276.37,2.72,276.37,Design,Advanced
U01142,monicastevenson,27,Male,donaldcollier@gmail.com,2,0.0,3.245,0.0,Machine Learning,Advanced
U01143,michealwhite,31,Male,reneehenderson@yahoo.com,14,1018.19,2.850714285714286,72.72785714285715,Artificial Intelligence,Intermediate
U01144,fsanders,29,Female,wevans@yahoo.com,2,346.71,2.415,173.355,Data Science,Advanced
U01145,hfields,15,Female,colewright@yahoo.com,1,472.28,4.74,472.28,Programming,Beginner
U01146,ibrown,15,Male,adamsteresa@gmail.com,13,178.12,3.130769230769231,13.701538461538462,Machine Learning,Advanced
U01147,wendy58,15,Male,dwhite@outlook.com,1,0.0,2.43,0.0,Programming,Intermediate
U01148,michaela68,28,Male,katie01@hotmail.com,2,0.0,3.3,0.0,Cybersecurity,Advanced
U01149,jbrown,26,Female,meganhuffman@outlook.com,4,1263.87,3.72,315.9675,Business,Beginner
U01150,nicholeellis,20,Male,kayla32@yahoo.com,1,53.86,2.47,53.86,Finance,Beginner
U01151,jjimenez,28,Female,craig42@yahoo.com,14,1085.1599999999999,2.6735714285714285,77.51142857142857,Business,Beginner
U01152,penalisa,34,Male,mark00@hotmail.com,1,346.71,1.23,346.71,Project Management,Advanced
U01153,stevenbarron,15,Female,amy11@hotmail.com,1,342.61,4.84,342.61,Project Management,Intermediate
U01154,joanna92,24,Male,jonesjasmine@hotmail.com,2,0.0,3.125,0.0,Digital Marketing,Advanced
U01155,juan00,32,Female,derrickscott@outlook.com,4,212.39,2.525,53.0975,Cybersecurity,Advanced
U01156,roblesjeremy,30,Male,lauriedavies@hotmail.com,2,0.0,3.34,0.0,Business,Advanced
U01157,elizabeth72,31,Female,pruittshannon@gmail.com,4,487.92,3.355,121.98,Business,Advanced
U01158,zachary52,35,Male,mathiskevin@hotmail.com,12,1213.9299999999998,3.486666666666667,101.16083333333331,Cybersecurity,Beginner
U01159,marissaherrera,26,Female,cyu@hotmail.com,1,0.0,4.72,0.0,Marketing,Intermediate
U01160,jbrewer,15,Female,steven39@gmail.com,4,266.25,2.885,66.5625,Digital Marketing,Advanced
U01161,owensteresa,33,Male,melissa33@outlook.com,1,0.0,4.1,0.0,Finance,Intermediate
U01162,jacksonspencer,19,Female,suedavila@yahoo.com,1,0.0,1.81,0.0,Machine Learning,Advanced
U01163,melissabrown,24,Male,johnross@yahoo.com,13,1719.94,3.1576923076923076,132.30307692307693,Design,Advanced
U01164,estone,25,Female,rhondawallace@hotmail.com,1,0.0,2.67,0.0,Web Development,Advanced
U01165,janice83,24,Male,annette68@hotmail.com,2,346.71,2.415,173.355,Data Science,Advanced
U01166,gcantu,21,Male,freemandaniel@hotmail.com,2,285.05,2.315,142.525,Business,Advanced
U01167,manuelmcdowell,16,Female,maria23@yahoo.com,11,645.69,2.639090909090909,58.69909090909091,Web Development,Advanced
U01168,dawn22,27,Female,jimenezlori@gmail.com,1,37.89,1.3,37.89,Web Development,Advanced
U01169,monicasantos,31,Female,gonzalesashlee@yahoo.com,1,0.0,4.73,0.0,Machine Learning,Intermediate
U01170,dwashington,27,Female,ycoffey@yahoo.com,14,2739.04,3.0435714285714286,195.6457142857143,Artificial Intelligence,Advanced
U01171,smayo,19,Male,fkemp@outlook.com,1,327.99,1.51,327.99,Project Management,Beginner
U01172,todd75,30,Male,jerryhall@hotmail.com,3,301.98,3.516666666666666,100.66000000000001,Artificial Intelligence,Intermediate
U01173,cwheeler,26,Female,oward@yahoo.com,3,346.71,2.6733333333333333,115.57,Business,Advanced
U01174,denise08,15,Female,karen98@outlook.com,1,89.59,2.68,89.59,Artificial Intelligence,Intermediate
U01175,melissa04,20,Female,april94@yahoo.com,1,0.0,1.52,0.0,Design,Advanced
U01176,hooverrobert,20,Male,johngross@yahoo.com,3,0.0,3.823333333333333,0.0,Artificial Intelligence,Beginner
U01177,keith32,16,Male,katienelson@outlook.com,13,538.86,3.083076923076923,41.45076923076923,Finance,Beginner
U01178,michaelholden,21,Female,patriciaallen@yahoo.com,2,0.0,2.78,0.0,Cybersecurity,Beginner
U01179,alan43,31,Female,qprice@gmail.com,2,594.81,1.2149999999999999,297.405,Artificial Intelligence,Advanced
U01180,crawfordcarol,18,Male,brandon16@yahoo.com,13,1707.59,3.05,131.3530769230769,Data Science,Advanced
U01181,zgonzalez,27,Female,dawn03@gmail.com,1,0.0,3.85,0.0,Programming,Beginner
U01182,masoncynthia,25,Female,charlesmurray@outlook.com,3,383.34,3.19,127.77999999999999,Business,Advanced
U01183,rogeradams,21,Female,iking@outlook.com,2,0.0,2.455,0.0,Finance,Advanced
U01184,lopezmackenzie,31,Male,mcculloughtaylor@gmail.com,1,53.86,2.47,53.86,Finance,Beginner
U01185,kdavis,28,Male,cherrykristen@gmail.com,2,670.63,2.035,335.315,Cybersecurity,Advanced
U01186,ronaldjohnson,34,Male,amandaerickson@hotmail.com,1,0.0,3.64,0.0,Artificial Intelligence,Beginner
U01187,zvasquez,35,Female,timothy34@gmail.com,1,0.0,2.38,0.0,Cybersecurity,Advanced
U01188,hudsonmelinda,24,Male,schmittleslie@hotmail.com,1,0.0,1.73,0.0,Machine Learning,Intermediate
U01189,keaton,28,Male,donna01@gmail.com,1,0.0,4.11,0.0,Marketing,Intermediate
U01190,paulperez,31,Male,williamscrystal@gmail.com,1,0.0,4.94,0.0,Cybersecurity,Beginner
U01191,ygray,28,Female,sandersdavid@hotmail.com,1,472.28,4.74,472.28,Programming,Beginner
U01192,sarahhampton,20,Female,rburke@gmail.com,1,0.0,4.11,0.0,Marketing,Intermediate
U01193,tanya85,20,Female,kristinegreen@yahoo.com,2,487.92,2.58,243.96,Business,Advanced
U01194,timothy82,32,Female,carriedawson@hotmail.com,1,0.0,2.2,0.0,Web Development,Beginner
U01195,cmurray,23,Male,ehayes@outlook.com,1,487.92,3.64,487.92,Business,Advanced
U01196,mosleychelsea,21,Female,bradleyholland@hotmail.com,2,277.15,3.305,138.575,Design,Advanced
U01197,sharon57,28,Male,ronaldbell@hotmail.com,14,632.95,3.2135714285714285,45.21071428571429,Cybersecurity,Intermediate
U01198,jeffrey72,33,Female,nbaker@hotmail.com,1,0.0,1.52,0.0,Design,Advanced
U01199,theresa94,17,Female,chelseasmith@outlook.com,1,0.0,2.67,0.0,Web Development,Advanced
U01200,phamilton,15,Female,jpaul@yahoo.com,1,0.0,2.2,0.0,Web Development,Beginner
U01201,burtonbryan,28,Male,martinjames@gmail.com,1,177.34,3.89,177.34,Digital Marketing,Advanced
U01202,heidicampos,29,Female,julie05@outlook.com,1,0.0,4.45,0.0,Design,Advanced
U01203,jared15,15,Male,meyerdavid@hotmail.com,16,1827.61,3.033125,114.225625,Business,Advanced
U01204,johnny06,17,Female,whiteautumn@gmail.com,3,0.0,1.8499999999999999,0.0,Machine Learning,Advanced
U01205,vanessagray,27,Male,erica64@hotmail.com,2,330.07,2.86,165.035,Data Science,Advanced
U01206,seancastaneda,15,Female,andrewtaylor@outlook.com,1,37.89,1.3,37.89,Web Development,Advanced
U01207,rachel72,30,Female,qsmith@hotmail.com,1,0.0,4.73,0.0,Machine Learning,Intermediate
U01208,kimwilliam,27,Female,nielsenbrianna@outlook.com,1,0.0,4.11,0.0,Marketing,Intermediate
U01209,maria58,20,Male,anthonymcmillan@outlook.com,2,0.0,3.915,0.0,Design,Beginner
U01210,lwheeler,22,Female,fsanchez@hotmail.com,1,0.0,4.45,0.0,Design,Advanced
U01211,xsaunders,32,Female,danielthomas@hotmail.com,1,490.9,4.55,490.9,Artificial Intelligence,Beginner
U01212,choimichelle,18,Female,brenda71@outlook.com,1,0.0,4.45,0.0,Design,Advanced
U01213,vmathews,20,Female,rcross@outlook.com,1,177.34,3.89,177.34,Digital Marketing,Advanced
U01214,twilliams,31,Female,qjackson@hotmail.com,1,0.0,1.81,0.0,Machine Learning,Advanced
U01215,jessicaboyer,15,Female,wpatel@outlook.com,1,490.9,4.55,490.9,Artificial Intelligence,Beginner
U01216,robertserin,15,Male,gsimmons@yahoo.com,1,37.89,1.3,37.89,Web Development,Advanced
U01217,lowerysuzanne,25,Female,bowmanerika@outlook.com,1,0.0,4.11,0.0,Marketing,Intermediate
U01218,wagnerhenry,34,Male,megan61@outlook.com,1,487.92,3.64,487.92,Business,Advanced
U01219,christina30,16,Male,glassmegan@yahoo.com,1,117.68,2.57,117.68,Data Science,Advanced
U01220,jessicamiranda,29,Female,prodriguez@gmail.com,1,285.05,1.96,285.05,Business,Beginner
U01221,leonardholmes,32,Male,glendalee@hotmail.com,13,1246.52,2.833846153846154,95.88615384615385,Artificial Intelligence,Advanced
U01222,banksdebra,19,Female,brownchristina@hotmail.com,3,415.51,3.4766666666666666,138.50333333333333,Cybersecurity,Advanced
U01223,teresa46,23,Female,brianna85@yahoo.com,1,0.0,4.66,0.0,Digital Marketing,Intermediate
U01224,villanuevagregory,23,Female,stewartmichael@hotmail.com,11,1662.67,2.8445454545454547,151.1518181818182,Artificial Intelligence,Advanced
U01225,michele28,30,Female,jameswilliams@hotmail.com,2,0.0,3.8499999999999996,0.0,Data Science,Intermediate
U01226,megan63,31,Female,holdenjamie@gmail.com,2,276.37,2.0,138.185,Design,Advanced
U01227,geraldspears,15,Male,melissa02@yahoo.com,1,327.99,1.51,327.99,Project Management,Beginner
U01228,andrew58,28,Male,dsheppard@gmail.com,4,432.15,1.5775000000000001,108.0375,Cybersecurity,Advanced
U01229,georgereyes,27,Female,brian00@yahoo.com,2,0.0,3.62,0.0,Artificial Intelligence,Beginner
U01230,dmanning,23,Female,billyhughes@gmail.com,3,37.89,3.6566666666666667,12.63,Cybersecurity,Advanced
U01231,kpetersen,21,Female,walkerjohn@yahoo.com,14,1794.67,3.055,128.19071428571428,Web Development,Advanced
U01232,elaine98,27,Female,hwhite@hotmail.com,1,0.0,3.65,0.0,Data Science,Beginner
U01233,ztran,28,Male,ryan69@outlook.com,11,1564.55,3.039090909090909,142.23181818181817,Artificial Intelligence,Beginner
U01234,johnsingh,27,Male,leewilliams@gmail.com,1,0.0,2.98,0.0,Marketing,Advanced
U01235,zacharybell,27,Female,natalieyates@gmail.com,14,1659.11,3.307857142857143,118.50785714285713,Machine Learning,Advanced
U01236,brettarroyo,20,Female,hbrowning@hotmail.com,1,0.0,3.6,0.0,Data Science,Intermediate
U01237,savannah66,24,Male,amandacontreras@outlook.com,13,1279.42,3.4476923076923076,98.41692307692308,Data Science,Beginner
U01238,stephengarza,35,Male,wgardner@gmail.com,1,0.0,3.6,0.0,Data Science,Intermediate
U01239,steve19,20,Male,robinmarshall@gmail.com,12,2182.67,3.0233333333333334,181.88916666666668,Business,Beginner
U01240,kellywiley,16,Male,aaron37@gmail.com,1,0.0,1.81,0.0,Machine Learning,Advanced
U01241,leebailey,25,Male,markgibson@outlook.com,2,0.0,3.225,0.0,Business,Advanced
U01242,stoutjennifer,22,Male,haleandres@hotmail.com,2,37.89,1.8399999999999999,18.945,Cybersecurity,Advanced
U01243,brooksjessica,31,Female,jesus73@gmail.com,2,326.02,2.65,163.01,Business,Advanced
U01244,sanderscindy,30,Female,qpaul@yahoo.com,14,1829.42,3.2357142857142853,130.67285714285714,Business,Advanced
U01245,fowlerdavid,35,Male,shawn59@yahoo.com,1,0.0,3.64,0.0,Artificial Intelligence,Beginner
U01246,ujackson,27,Male,candicebartlett@hotmail.com,2,0.0,2.44,0.0,Business,Advanced
U01247,arandall,19,Male,kholt@yahoo.com,1,0.0,3.02,0.0,Data Science,Intermediate
U01248,pleon,16,Male,andrebenson@hotmail.com,2,0.78,3.25,0.39,Design,Advanced
U01249,ahenderson,25,Male,williamssandra@yahoo.com,14,2031.51,3.187857142857143,145.10785714285714,Business,Beginner
U01250,robert97,27,Female,fskinner@gmail.com,15,578.35,3.1373333333333333,38.556666666666665,Artificial Intelligence,Advanced
U01251,ricardobender,29,Male,charleshawkins@yahoo.com,2,0.0,2.49,0.0,Business,Advanced
U01252,natalie03,19,Female,pallen@yahoo.com,1,415.51,3.11,415.51,Artificial Intelligence,Intermediate
U01253,juliejackson,17,Male,aortega@hotmail.com,1,212.39,3.15,212.39,Digital Marketing,Advanced
U01254,tsmith,23,Male,selena67@hotmail.com,1,0.0,1.81,0.0,Machine Learning,Advanced
U01255,belljennifer,29,Female,figueroajames@yahoo.com,4,178.12,3.235,44.53,Business,Advanced
U01256,steelevincent,32,Male,dukematthew@hotmail.com,1,0.0,2.43,0.0,Programming,Intermediate
U01257,kconley,29,Female,nicholasrhodes@hotmail.com,2,0.0,3.35,0.0,Cybersecurity,Advanced
U01258,riggsmichael,25,Male,turnerjeanette@yahoo.com,4,837.6099999999999,2.335,209.40249999999997,Artificial Intelligence,Beginner
U01259,ericksonpamela,18,Female,jamesbenton@yahoo.com,1,394.26,1.35,394.26,Cybersecurity,Intermediate
U01260,hughesshannon,31,Female,hstevens@yahoo.com,1,0.0,3.65,0.0,Data Science,Beginner
U01261,maxwelljones,25,Male,zpeck@hotmail.com,13,1543.8000000000002,2.8592307692307695,118.75384615384617,Digital Marketing,Advanced
U01262,crawfordsherri,29,Female,marycurtis@outlook.com,4,577.51,3.2975000000000003,144.3775,Artificial Intelligence,Intermediate
U01263,ymartinez,17,Female,oconnelljennifer@hotmail.com,1,490.9,4.55,490.9,Artificial Intelligence,Beginner
U01264,jdavis,15,Male,estesjuan@yahoo.com,1,0.0,4.94,0.0,Cybersecurity,Beginner
U01265,durhammichelle,23,Male,kennedynicole@hotmail.com,2,0.0,2.525,0.0,Cybersecurity,Advanced
U01266,paulcampos,18,Female,davidcollins@gmail.com,14,1950.9,2.567142857142857,139.35,Business,Advanced
U01267,markcarpenter,30,Female,kristine41@hotmail.com,14,1581.46,2.7257142857142855,112.96142857142857,Design,Advanced
U01268,jennifer28,33,Male,katrina74@gmail.com,13,1192.24,3.413846153846154,91.71076923076923,Data Science,Advanced
U01269,dawnthompson,25,Female,ericbeard@outlook.com,1,326.02,2.69,326.02,Business,Intermediate
U01270,elizabethbates,19,Male,bjones@gmail.com,2,0.0,3.83,0.0,Business,Advanced
U01271,michaelhurst,23,Female,donald27@yahoo.com,1,0.0,1.91,0.0,Cybersecurity,Intermediate
U01272,qhernandez,16,Female,laura14@outlook.com,1,0.0,4.45,0.0,Design,Advanced
U01273,johnsonalexander,31,Female,amber26@yahoo.com,1,0.0,3.64,0.0,Artificial Intelligence,Beginner
U01274,stevengonzalez,32,Female,eward@yahoo.com,1,346.71,1.23,346.71,Project Management,Advanced
U01275,ellismichael,35,Male,shawn31@hotmail.com,1,0.0,4.94,0.0,Cybersecurity,Beginner
U01276,fmiller,27,Female,iharris@gmail.com,2,0.0,3.8499999999999996,0.0,Data Science,Intermediate
U01277,antoniotravis,26,Female,matthewgraham@yahoo.com,12,177.34,3.4341666666666666,14.778333333333334,Cybersecurity,Advanced
U01278,frenchcharles,16,Female,michelemartinez@yahoo.com,2,89.59,3.0,44.795,Artificial Intelligence,Beginner
U01279,ksalinas,29,Female,chanwilliam@outlook.com,3,299.57,2.7866666666666666,99.85666666666667,Data Science,Advanced
U01280,geoffreylong,26,Female,maria44@outlook.com,12,913.6500000000001,2.533333333333333,76.1375,Machine Learning,Beginner
U01281,gibsonkevin,23,Female,fullerjennifer@outlook.com,13,875.9000000000001,3.0923076923076924,67.37692307692308,Data Science,Advanced
U01282,smithpaul,26,Male,howelldavid@gmail.com,3,0.0,3.64,0.0,Design,Beginner
U01283,josephrodriguez,15,Male,crosbydesiree@yahoo.com,1,0.0,1.81,0.0,Machine Learning,Advanced
U01284,ashepherd,34,Female,susanmartin@gmail.com,15,2437.75,3.1086666666666667,162.51666666666668,Data Science,Advanced
U01285,cunninghampamela,35,Female,williamevans@gmail.com,4,0.78,2.8875,0.195,Machine Learning,Advanced
U01286,fjohnson,27,Male,henrynathaniel@hotmail.com,13,1821.19,3.326923076923077,140.09153846153848,Data Science,Advanced
U01287,emily69,33,Female,hvaughn@yahoo.com,12,1971.19,3.0658333333333334,164.26583333333335,Artificial Intelligence,Intermediate
U01288,danieljohnson,18,Male,trodriguez@yahoo.com,2,177.34,3.91,88.67,Cybersecurity,Advanced
U01289,vwalker,35,Female,lori86@yahoo.com,1,0.0,2.61,0.0,Design,Advanced
U01290,mario14,16,Male,karen05@outlook.com,14,506.84000000000003,2.982142857142857,36.20285714285715,Business,Intermediate
U01291,jtanner,34,Female,swright@yahoo.com,1,0.0,2.67,0.0,Web Development,Advanced
U01292,levans,29,Male,andrea96@outlook.com,1,0.0,2.67,0.0,Web Development,Advanced
U01293,diazraymond,33,Male,tammy31@hotmail.com,1,394.26,1.35,394.26,Cybersecurity,Intermediate
U01294,nancyfernandez,30,Male,ritaunderwood@outlook.com,1,0.0,2.61,0.0,Design,Advanced
U01295,scott12,34,Female,moorecarlos@hotmail.com,4,395.41,3.4475,98.8525,Data Science,Intermediate
U01296,glennrebecca,21,Female,raymond92@hotmail.com,1,0.0,4.68,0.0,Project Management,Beginner
U01297,smallchristian,27,Male,melissa79@yahoo.com,1,0.0,1.81,0.0,Machine Learning,Advanced
U01298,nancy57,22,Female,randy42@gmail.com,1,0.0,4.44,0.0,Digital Marketing,Beginner
U01299,amber65,28,Female,lisalee@gmail.com,1,0.0,4.72,0.0,Marketing,Intermediate
U01300,joseph98,19,Male,ericjohnson@outlook.com,1,0.0,3.15,0.0,Business,Advanced
U01301,hhernandez,27,Male,andrea14@hotmail.com,1,0.0,4.44,0.0,Digital Marketing,Beginner
U01302,jonathanhawkins,19,Female,matthewgutierrez@outlook.com,2,0.0,3.885,0.0,Design,Advanced
U01303,jenniferlawson,23,Female,brent72@outlook.com,2,117.68,3.25,58.84,Cybersecurity,Advanced
U01304,pearsonrobert,33,Female,mercerlaura@outlook.com,2,0.0,2.995,0.0,Digital Marketing,Beginner
U01305,christinacastaneda,22,Female,williamphelps@yahoo.com,3,0.0,2.76,0.0,Finance,Advanced
U01306,oscott,22,Male,ekennedy@outlook.com,1,0.0,2.67,0.0,Web Development,Advanced
U01307,justinroberts,16,Female,theresawatson@hotmail.com,1,0.0,4.45,0.0,Design,Advanced
U01308,romerochristina,23,Male,jonathanturner@outlook.com,1,0.0,2.38,0.0,Cybersecurity,Advanced
U01309,tpowell,35,Male,rolson@outlook.com,2,0.0,2.83,0.0,Data Science,Advanced
U01310,hallaaron,21,Female,christian27@outlook.com,3,0.0,3.606666666666667,0.0,Design,Intermediate
U01311,mark71,27,Male,amy78@gmail.com,1,327.99,1.51,327.99,Project Management,Beginner
U01312,churchpatrick,16,Male,valerieortiz@gmail.com,1,0.0,2.61,0.0,Design,Advanced
U01313,nicholas58,31,Male,jasonphillips@hotmail.com,3,248.1,3.5500000000000003,82.7,Artificial Intelligence,Intermediate
U01314,stevenmurphy,26,Female,connie81@hotmail.com,2,299.57,3.9250000000000003,149.785,Data Science,Beginner
U01315,bryantjacob,33,Male,dpeterson@gmail.com,13,1870.02,2.9376923076923074,143.8476923076923,Business,Advanced
U01316,brownjonathan,31,Female,vcastro@gmail.com,1,0.0,3.15,0.0,Business,Advanced
U01317,thompsonkathleen,32,Female,markbell@hotmail.com,1,0.0,1.59,0.0,Finance,Advanced
U01318,angelaward,18,Female,jacqueline76@hotmail.com,14,1337.15,3.0364285714285715,95.51071428571429,Cybersecurity,Advanced
U01319,whitejeffrey,25,Male,bullockcarlos@hotmail.com,1,0.0,4.72,0.0,Marketing,Intermediate
U01320,wfrancis,20,Male,vaughnelizabeth@hotmail.com,4,285.05,2.83,71.2625,Business,Beginner
U01321,vdunn,35,Male,mary33@gmail.com,14,852.9399999999999,2.7807142857142857,60.92428571428571,Machine Learning,Advanced
U01322,julieblair,26,Female,arthurhernandez@gmail.com,12,760.6400000000001,3.393333333333333,63.38666666666668,Data Science,Advanced
U01323,lhood,15,Male,raymaddox@gmail.com,2,0.0,3.6500000000000004,0.0,Programming,Beginner
U01324,contrerasderek,24,Male,kristin78@gmail.com,1,0.0,4.66,0.0,Digital Marketing,Intermediate
U01325,ugraves,18,Female,thomasprice@hotmail.com,2,177.34,3.25,88.67,Design,Advanced
U01326,zmoore,15,Female,pricericky@yahoo.com,2,0.78,4.275,0.39,Digital Marketing,Advanced
U01327,yrangel,23,Male,laurahorn@hotmail.com,1,487.92,3.64,487.92,Business,Advanced
U01328,amybush,27,Male,ianschmidt@yahoo.com,1,248.1,1.2,248.1,Artificial Intelligence,Beginner
U01329,bettyunderwood,15,Female,richardgrimes@outlook.com,1,276.37,2.72,276.37,Design,Advanced
U01330,phillipspatrick,20,Female,ravenanderson@outlook.com,2,0.0,2.8200000000000003,0.0,Artificial Intelligence,Advanced
U01331,qmartin,16,Male,shelley53@hotmail.com,13,1288.06,2.6507692307692308,99.08153846153846,Data Science,Advanced
U01332,kiara65,20,Male,amy17@outlook.com,12,1377.3400000000001,2.986666666666667,114.77833333333335,Marketing,Advanced
U01333,amiller,15,Male,stephanie50@gmail.com,1,0.0,2.61,0.0,Design,Advanced
U01334,stricklandrachel,35,Female,lindsey34@outlook.com,13,661.19,2.963846153846154,50.860769230769236,Cybersecurity,Intermediate
U01335,markpotter,16,Female,tortiz@yahoo.com,1,0.0,4.73,0.0,Machine Learning,Intermediate
U01336,isabella45,33,Male,johnsonjasmine@outlook.com,14,870.65,2.967142857142857,62.18928571428571,Data Science,Advanced
U01337,williamsrobert,32,Female,rachel05@hotmail.com,16,1242.9,2.9125,77.68125,Machine Learning,Advanced
U01338,tina99,15,Male,martinleonard@gmail.com,3,0.0,2.353333333333333,0.0,Cybersecurity,Advanced
U01339,ryan92,35,Male,yberry@gmail.com,2,415.51,2.77,207.755,Artificial Intelligence,Intermediate
U01340,kristinpatton,32,Female,ryangarrett@outlook.com,2,415.51,2.195,207.755,Artificial Intelligence,Beginner
U01341,tellison,29,Male,edward48@gmail.com,3,117.68,2.8066666666666666,39.22666666666667,Data Science,Beginner
U01342,amorgan,25,Male,ambercraig@yahoo.com,2,0.0,3.5,0.0,Business,Advanced
U01343,sweeneymelinda,32,Male,blong@outlook.com,14,1956.72,2.975714285714286,139.7657142857143,Cybersecurity,Intermediate
U01344,ipeters,25,Female,jennifer42@outlook.com,14,680.3,2.9035714285714285,48.59285714285714,Design,Beginner
U01345,hamiltondavid,19,Male,dwaynekim@gmail.com,1,0.0,2.2,0.0,Web Development,Beginner
U01346,erinjohnston,16,Male,brownjuan@gmail.com,15,1390.85,2.9886666666666666,92.72333333333333,Artificial Intelligence,Advanced
U01347,brandonjones,20,Male,jameszamora@yahoo.com,13,820.38,3.2384615384615385,63.106153846153845,Artificial Intelligence,Advanced
U01348,livingstonrachel,29,Female,jordan90@hotmail.com,2,0.0,3.21,0.0,Cybersecurity,Beginner
U01349,kristin57,26,Male,matthewfry@outlook.com,1,0.0,1.73,0.0,Machine Learning,Intermediate
U01350,jay37,16,Female,rachel52@gmail.com,13,1088.15,3.2746153846153847,83.70384615384616,Cybersecurity,Beginner
U01351,luisortiz,16,Male,tmiller@hotmail.com,2,0.78,3.67,0.39,Machine Learning,Advanced
U01352,emilyberg,25,Male,williamromero@yahoo.com,13,1319.58,3.845384615384615,101.50615384615384,Marketing,Intermediate
U01353,victoriawatkins,20,Female,davidwalton@gmail.com,1,0.0,2.2,0.0,Web Development,Beginner
U01354,usalazar,15,Male,parker94@hotmail.com,2,0.0,4.585,0.0,Design,Advanced
U01355,parrishkevin,28,Female,johnsonandrea@gmail.com,13,1449.74,3.5300000000000002,111.51846153846154,Marketing,Advanced
U01356,johnsonrenee,26,Female,rachel58@hotmail.com,3,89.59,3.28,29.863333333333333,Artificial Intelligence,Intermediate
U01357,jeffreyhall,28,Female,weavermatthew@gmail.com,1,0.78,3.89,0.78,Machine Learning,Advanced
U01358,annalester,31,Male,vcherry@gmail.com,1,37.89,1.3,37.89,Web Development,Advanced
U01359,mwarner,18,Female,briananewton@yahoo.com,2,0.0,3.21,0.0,Cybersecurity,Beginner
U01360,kingdarren,22,Female,wlee@gmail.com,1,119.04,2.75,119.04,Finance,Intermediate
U01361,kelli73,31,Male,lisa54@outlook.com,1,0.0,2.2,0.0,Web Development,Beginner
U01362,zwalsh,26,Male,vjacobs@yahoo.com,3,0.0,2.92,0.0,Artificial Intelligence,Beginner
U01363,perezsarah,25,Male,raypeterson@outlook.com,2,0.0,3.29,0.0,Data Science,Advanced
U01364,pkoch,16,Female,john98@gmail.com,13,1734.8,3.3515384615384614,133.44615384615383,Digital Marketing,Advanced
U01365,thull,25,Male,meganwalters@yahoo.com,14,1709.25,2.9314285714285715,122.08928571428571,Data Science,Beginner
U01366,ltaylor,29,Female,iscott@outlook.com,1,0.0,1.59,0.0,Finance,Advanced
U01367,baxtersamantha,22,Male,darlene18@hotmail.com,1,0.0,4.68,0.0,Project Management,Beginner
U01368,patrickkari,24,Female,tmckenzie@hotmail.com,1,0.0,2.2,0.0,Web Development,Beginner
U01369,alexandra74,21,Male,gilbert75@outlook.com,1,0.0,3.02,0.0,Data Science,Intermediate
U01370,joseph11,21,Female,rhanson@gmail.com,3,276.37,2.2433333333333336,92.12333333333333,Design,Advanced
U01371,lynn61,22,Male,millermary@yahoo.com,1,0.0,3.02,0.0,Data Science,Intermediate
U01372,maryrogers,19,Female,craigdowns@outlook.com,1,0.0,4.66,0.0,Digital Marketing,Intermediate
U01373,wongmichelle,24,Male,lopezrachel@hotmail.com,1,0.0,3.93,0.0,Cybersecurity,Intermediate
U01374,derrick45,32,Female,torresmartha@yahoo.com,1,0.0,2.14,0.0,Digital Marketing,Beginner
U01375,fwalker,22,Male,donald46@gmail.com,13,1934.77,3.1692307692307695,148.82846153846154,Marketing,Beginner
U01376,gregory21,28,Male,cody90@hotmail.com,1,0.0,4.68,0.0,Project Management,Beginner
U01377,silvaamy,16,Male,amanda48@hotmail.com,4,833.09,2.6125,208.2725,Artificial Intelligence,Intermediate
U01378,turnerkelly,35,Male,tgarcia@yahoo.com,2,472.28,4.625,236.14,Design,Beginner
U01379,carloliver,22,Male,brandonryan@yahoo.com,2,299.57,2.435,149.785,Data Science,Beginner
U01380,susan26,26,Male,eberry@gmail.com,1,37.89,1.3,37.89,Web Development,Advanced
U01381,danielle11,15,Male,ralphnguyen@outlook.com,1,0.0,4.14,0.0,Finance,Beginner
U01382,iansloan,22,Female,pamelaking@gmail.com,1,326.02,2.69,326.02,Business,Intermediate
U01383,gallagherandrea,32,Male,hopkinsjustin@hotmail.com,1,0.0,3.93,0.0,Cybersecurity,Intermediate
U01384,tfrederick,23,Female,lauren87@gmail.com,3,472.28,3.4433333333333334,157.42666666666665,Design,Advanced
U01385,tbryant,33,Female,snowamber@hotmail.com,1,0.0,4.14,0.0,Finance,Beginner
U01386,tomibarra,16,Male,ygreen@yahoo.com,1,487.92,3.64,487.92,Business,Advanced
U01387,ronaldberg,21,Female,susan78@outlook.com,1,0.0,3.65,0.0,Data Science,Beginner
U01388,mnelson,27,Male,jeffreychandler@yahoo.com,1,0.0,2.61,0.0,Design,Advanced
U01389,pattersoncharles,30,Male,vlowery@outlook.com,1,0.0,3.85,0.0,Programming,Beginner
U01390,eriley,33,Female,srogers@hotmail.com,2,0.0,3.255,0.0,Business,Advanced
U01391,moranthomas,30,Male,christy49@outlook.com,1,0.0,3.15,0.0,Business,Advanced
U01392,donaldjohnson,29,Female,qjuarez@gmail.com,3,248.1,2.4233333333333333,82.7,Artificial Intelligence,Beginner
U01393,eric14,30,Male,donna02@hotmail.com,1,0.0,3.02,0.0,Data Science,Intermediate
U01394,mannchristopher,26,Female,benjaminmoore@gmail.com,14,680.0699999999999,3.4364285714285714,48.576428571428565,Data Science,Beginner
U01395,marshallsherry,31,Male,samanthajohnson@outlook.com,14,1137.83,2.882857142857143,81.27357142857143,Design,Beginner
U01396,ogreene,17,Female,avilabrian@gmail.com,3,394.26,2.813333333333333,131.42,Cybersecurity,Intermediate
U01397,victoria70,28,Male,alexanderroberts@gmail.com,13,887.1,3.2100000000000004,68.23846153846154,Data Science,Beginner
U01398,craigsosa,23,Female,brianna09@outlook.com,1,0.0,2.67,0.0,Web Development,Advanced
U01399,mitchellcarlos,20,Male,owenkelsey@gmail.com,16,1648.93,3.179375,103.058125,Artificial Intelligence,Beginner
U01400,heather82,21,Female,jamesshane@outlook.com,1,0.0,3.64,0.0,Artificial Intelligence,Beginner
U01401,jeffdavis,19,Female,norrisvalerie@gmail.com,1,327.99,1.51,327.99,Project Management,Beginner
U01402,guerrerojason,19,Female,ebony07@hotmail.com,4,383.34,3.95,95.835,Artificial Intelligence,Intermediate
U01403,cindy97,27,Male,hollowayheather@outlook.com,1,0.0,1.91,0.0,Cybersecurity,Intermediate
U01404,hoffmanjennifer,18,Female,browndavid@yahoo.com,1,0.0,2.67,0.0,Web Development,Advanced
U01405,amandamoore,35,Male,vbrown@outlook.com,12,1034.4099999999999,2.874166666666667,86.20083333333332,Data Science,Advanced
U01406,yjimenez,21,Female,mitchellday@hotmail.com,1,0.0,2.67,0.0,Web Development,Advanced
U01407,lisaperez,34,Female,dwolf@yahoo.com,1,0.0,4.72,0.0,Marketing,Intermediate
U01408,lortiz,18,Male,danielbaker@yahoo.com,2,0.0,3.0999999999999996,0.0,Programming,Beginner
U01409,jason20,31,Male,ericksondavid@gmail.com,4,591.3199999999999,3.025,147.82999999999998,Finance,Intermediate
U01410,bradley01,17,Male,tylercoleman@outlook.com,1,37.89,1.3,37.89,Web Development,Advanced
U01411,davidsonrandy,21,Male,lmurillo@gmail.com,15,1440.09,3.5106666666666664,96.006,Design,Advanced
U01412,mitchelldavid,16,Male,robertsantos@outlook.com,3,58.1,4.243333333333333,19.366666666666667,Finance,Advanced
U01413,driley,24,Male,rose19@hotmail.com,1,0.0,1.73,0.0,Machine Learning,Intermediate
U01414,david25,35,Female,johnsonbrett@outlook.com,16,1200.1,3.05875,75.00625,Cybersecurity,Advanced
U01415,uhudson,18,Male,austingraham@gmail.com,3,1086.1399999999999,2.393333333333333,362.0466666666666,Artificial Intelligence,Intermediate
U01416,walkerbrandon,22,Female,phillipsaaron@hotmail.com,2,326.02,3.8150000000000004,163.01,Business,Beginner
U01417,katherinehaynes,26,Female,stephaniemartin@hotmail.com,2,346.71,2.955,173.355,Project Management,Advanced
U01418,kcastaneda,20,Female,bmeyer@hotmail.com,1,0.0,4.45,0.0,Design,Advanced
U01419,qwright,34,Female,justin88@hotmail.com,2,327.99,1.395,163.995,Programming,Beginner
U01420,eric82,34,Female,calvin46@hotmail.com,3,339.69,2.7733333333333334,113.23,Business,Beginner
U01421,katelyncastro,22,Male,usmith@hotmail.com,1,0.0,4.14,0.0,Finance,Beginner
U01422,ashleynorton,16,Male,jessica60@yahoo.com,2,490.9,4.324999999999999,245.45,Artificial Intelligence,Beginner
U01423,elizabethpatrick,25,Male,josephmyers@gmail.com,1,0.0,4.45,0.0,Design,Advanced
U01424,edgar29,28,Female,robin66@outlook.com,1,415.51,3.11,415.51,Artificial Intelligence,Intermediate
U01425,usanchez,25,Female,milleramanda@yahoo.com,1,0.0,4.68,0.0,Project Management,Beginner
U01426,mramirez,24,Male,jimenezamy@yahoo.com,1,89.59,2.68,89.59,Artificial Intelligence,Intermediate
U01427,harrisalec,25,Male,cruzsonia@outlook.com,1,0.0,3.64,0.0,Artificial Intelligence,Beginner
U01428,robertsonjennifer,35,Female,bryantrachel@hotmail.com,1,0.0,4.79,0.0,Marketing,Advanced
U01429,bonniegreen,31,Female,ijones@hotmail.com,15,829.17,3.6806666666666668,55.278,Design,Beginner
U01430,travislaura,19,Female,miguel78@yahoo.com,13,1296.6799999999998,3.4553846153846157,99.74461538461537,Cybersecurity,Advanced
U01431,amanda65,34,Female,christine75@yahoo.com,2,0.0,4.0200000000000005,0.0,Cybersecurity,Intermediate
U01432,josephanderson,17,Female,kingjason@yahoo.com,12,2266.34,3.285,188.86166666666668,Artificial Intelligence,Intermediate
U01433,kgibson,16,Female,wilsonjimmy@yahoo.com,2,89.59,3.16,44.795,Artificial Intelligence,Beginner
U01434,villanuevatammy,24,Male,scott10@yahoo.com,2,90.37,3.285,45.185,Artificial Intelligence,Advanced
U01435,kaylaruiz,16,Male,ihuff@gmail.com,13,1478.6599999999999,2.9015384615384616,113.74307692307691,Artificial Intelligence,Intermediate
U01436,allison21,34,Female,ncarroll@gmail.com,2,0.0,2.8,0.0,Business,Advanced
U01437,gabrielle52,33,Female,gregoryalvarado@hotmail.com,1,0.0,4.14,0.0,Finance,Beginner
U01438,randymorrison,30,Female,danabishop@hotmail.com,4,37.89,2.3200000000000003,9.4725,Web Development,Beginner
U01439,mcarter,22,Male,lhenderson@yahoo.com,1,327.99,1.51,327.99,Project Management,Beginner
U01440,garzakatherine,20,Female,garciarebecca@gmail.com,2,394.26,2.64,197.13,Cybersecurity,Intermediate
U01441,rogerschristine,24,Female,fgrant@yahoo.com,1,327.99,1.51,327.99,Project Management,Beginner
U01442,pcurry,34,Female,maldonadojonathan@gmail.com,3,559.0999999999999,2.33,186.36666666666665,Design,Advanced
U01443,traceyandrews,17,Female,jacksonlisa@outlook.com,2,0.0,3.125,0.0,Artificial Intelligence,Advanced
U01444,matthew02,29,Male,wilsonmary@yahoo.com,2,436.29999999999995,1.955,218.14999999999998,Artificial Intelligence,Advanced
U01445,vtran,29,Male,alexander51@gmail.com,12,1584.32,2.795833333333333,132.02666666666667,Web Development,Beginner
U01446,samuelbenton,32,Female,veronica77@gmail.com,1,0.0,3.32,0.0,Web Development,Beginner
U01447,fpark,17,Female,edwardvasquez@outlook.com,1,0.0,3.15,0.0,Business,Advanced
U01448,lori27,25,Female,brandy06@yahoo.com,1,0.0,3.6,0.0,Data Science,Intermediate
U01449,xwalker,34,Male,christopheryoung@yahoo.com,2,0.0,3.99,0.0,Digital Marketing,Beginner
U01450,crystal02,16,Female,wesleyjohnson@gmail.com,11,1039.6299999999999,3.4645454545454544,94.51181818181817,Artificial Intelligence,Intermediate
U01451,jessicaturner,17,Male,kristenanderson@yahoo.com,11,906.41,3.328181818181818,82.40090909090908,Artificial Intelligence,Beginner
U01452,donaldmendoza,23,Male,holderkara@gmail.com,2,155.57,1.935,77.785,Data Science,Advanced
U01453,sandra01,17,Male,rhondadavis@outlook.com,2,0.0,3.1750000000000003,0.0,Cybersecurity,Beginner
U01454,terrybryce,18,Female,nlamb@hotmail.com,2,0.0,2.26,0.0,Cybersecurity,Advanced
U01455,arielwilliams,22,Female,burnettjennifer@gmail.com,14,994.88,3.0978571428571433,71.06285714285714,Artificial Intelligence,Advanced
U01456,gentrybethany,30,Male,sanchezmary@outlook.com,1,0.0,4.14,0.0,Finance,Beginner
U01457,huntertamara,27,Male,barbaramarsh@outlook.com,1,394.26,1.35,394.26,Cybersecurity,Intermediate
U01458,nmoore,24,Male,qrussell@yahoo.com,1,0.0,2.0,0.0,Business,Advanced
U01459,elizabethwatkins,17,Female,fkelly@yahoo.com,1,0.0,1.28,0.0,Programming,Beginner
U01460,pvazquez,32,Female,zblack@yahoo.com,13,1634.62,3.0584615384615383,125.74,Cybersecurity,Advanced
U01461,landerson,16,Male,bstrickland@outlook.com,1,327.99,1.51,327.99,Project Management,Beginner
U01462,vbuchanan,27,Male,williameaton@hotmail.com,1,212.39,3.15,212.39,Digital Marketing,Advanced
U01463,jerome86,30,Female,williamsbeverly@yahoo.com,13,1219.22,3.256153846153846,93.78615384615385,Finance,Beginner
U01464,iyoung,33,Male,tina46@yahoo.com,1,0.0,4.51,0.0,Design,Beginner
U01465,kgonzalez,33,Male,shannon44@hotmail.com,2,394.26,3.04,197.13,Cybersecurity,Intermediate
U01466,williamluna,22,Male,mcmahonphillip@outlook.com,2,0.0,3.8,0.0,Business,Advanced
U01467,reynoldsdennis,19,Female,alisoncampbell@yahoo.com,1,487.92,3.64,487.92,Business,Advanced
U01468,tvillanueva,28,Female,jhawkins@gmail.com,2,299.57,3.06,149.785,Cybersecurity,Advanced
U01469,andersonbrandi,29,Female,rstewart@yahoo.com,2,0.0,3.585,0.0,Cybersecurity,Advanced
U01470,jyoung,28,Male,hinesamanda@hotmail.com,2,415.51,3.52,207.755,Artificial Intelligence,Intermediate
U01471,garciachristine,19,Female,robinsonjessica@outlook.com,1,0.0,3.64,0.0,Artificial Intelligence,Beginner
U01472,william95,27,Female,michael27@yahoo.com,12,1086.16,3.0775,90.51333333333334,Cybersecurity,Advanced
U01473,nicolewalter,17,Female,jeremysingh@gmail.com,15,2381.73,2.89,158.782,Artificial Intelligence,Beginner
U01474,sherryfowler,20,Male,hansenrobert@gmail.com,2,0.0,2.435,0.0,Web Development,Advanced
U01475,richardrocha,20,Male,erin18@yahoo.com,15,1295.42,2.888,86.36133333333333,Artificial Intelligence,Advanced
U01476,kenneth36,35,Female,williamssteven@outlook.com,1,326.02,2.69,326.02,Business,Intermediate
U01477,phamtiffany,17,Female,michael59@hotmail.com,1,0.0,2.14,0.0,Digital Marketing,Beginner
U01478,lindaparrish,35,Female,allendavid@hotmail.com,1,0.0,2.43,0.0,Programming,Intermediate
U01479,kathleenlewis,25,Female,wheelerjames@yahoo.com,1,0.0,4.14,0.0,Finance,Beginner
U01480,zsmith,20,Female,cynthia24@yahoo.com,1,0.78,3.89,0.78,Machine Learning,Advanced
U01481,david54,20,Male,catherineriddle@outlook.com,1,0.0,1.73,0.0,Machine Learning,Intermediate
U01482,amanda99,17,Male,ucarney@gmail.com,2,490.9,3.375,245.45,Artificial Intelligence,Beginner
U01483,morrisonrebecca,18,Male,catherine26@outlook.com,1,0.0,4.51,0.0,Design,Beginner
U01484,travisroman,17,Male,ruizchristopher@hotmail.com,1,0.0,1.28,0.0,Programming,Beginner
U01485,holtjohn,16,Male,castanedajessica@hotmail.com,1,0.0,4.14,0.0,Finance,Beginner
U01486,dwilliams,17,Male,edwardatkins@yahoo.com,1,0.0,1.59,0.0,Finance,Advanced
U01487,david91,17,Female,nicholasscott@hotmail.com,2,0.0,3.09,0.0,Design,Advanced
U01488,lawsonbeth,27,Male,thomasprice@gmail.com,12,599.76,2.9324999999999997,49.98,Data Science,Intermediate
U01489,mmacdonald,27,Male,fharris@outlook.com,1,487.92,3.64,487.92,Business,Advanced
U01490,whenry,19,Female,nicholas42@outlook.com,1,0.0,1.91,0.0,Cybersecurity,Intermediate
U01491,zfinley,17,Female,wujames@hotmail.com,3,0.0,4.6066666666666665,0.0,Digital Marketing,Intermediate
U01492,bettywillis,23,Female,amy04@outlook.com,4,837.6099999999999,3.645,209.40249999999997,Artificial Intelligence,Beginner
U01493,lmatthews,18,Female,zoconnor@hotmail.com,1,415.51,3.11,415.51,Artificial Intelligence,Intermediate
U01494,twalker,32,Male,hwolfe@outlook.com,1,0.0,2.38,0.0,Cybersecurity,Advanced
U01495,xsanchez,31,Female,parkermark@hotmail.com,1,0.0,3.45,0.0,Project Management,Intermediate
U01496,katelynanderson,22,Female,erussell@gmail.com,13,1683.07,3.2684615384615388,129.46692307692308,Business,Advanced
U01497,ccrawford,35,Female,perryashley@gmail.com,13,837.6099999999999,3.14,64.43153846153845,Digital Marketing,Beginner
U01498,joshuacastillo,15,Male,christopherperez@yahoo.com,1,0.0,2.0,0.0,Business,Advanced
U01499,morrisdaniel,30,Female,bobby50@yahoo.com,1,0.0,1.81,0.0,Machine Learning,Advanced
U01500,lindsey29,15,Male,michellemejia@outlook.com,13,1002.27,3.012307692307693,77.09769230769231,Artificial Intelligence,Advanced
U01501,dawnmccarty,23,Male,arianarobinson@hotmail.com,1,119.04,2.75,119.04,Finance,Intermediate
U01502,stephen90,28,Female,mwilson@outlook.com,1,57.32,4.74,57.32,Web Development,Advanced
U01503,julie92,30,Female,christopher75@yahoo.com,1,276.37,2.72,276.37,Design,Advanced
U01504,qblack,31,Male,christophermartin@outlook.com,1,472.28,4.74,472.28,Programming,Beginner
U01505,haley15,35,Male,sandra88@hotmail.com,3,0.0,4.2299999999999995,0.0,Cybersecurity,Beginner
U01506,nancy99,34,Male,wnelson@hotmail.com,15,1160.56,3.232,77.37066666666666,Artificial Intelligence,Advanced
U01507,aboyd,18,Female,dramos@yahoo.com,3,353.43,2.736666666666667,117.81,Business,Beginner
U01508,ljohnson,34,Male,hannahcombs@yahoo.com,1,0.0,4.94,0.0,Cybersecurity,Beginner
U01509,benjamin24,15,Female,shannonross@outlook.com,1,57.32,4.74,57.32,Web Development,Advanced
U01510,reginald30,16,Female,masonamber@hotmail.com,2,0.0,2.075,0.0,Data Science,Beginner
U01511,garycarr,15,Male,victoria98@yahoo.com,13,957.8900000000001,3.202307692307692,73.68384615384616,Design,Beginner
U01512,stevensexton,19,Male,stephen15@hotmail.com,12,1597.8600000000001,2.6366666666666667,133.155,Cybersecurity,Advanced
U01513,valerieharmon,23,Male,hamiltonmaria@hotmail.com,1,0.0,4.1,0.0,Finance,Intermediate
U01514,craig92,25,Male,daniel50@hotmail.com,1,0.0,3.64,0.0,Artificial Intelligence,Beginner
U01515,rossanthony,35,Female,coreyfowler@gmail.com,1,0.0,1.52,0.0,Design,Advanced
U01516,daviddavis,19,Male,wchapman@gmail.com,1,0.0,2.61,0.0,Design,Advanced
U01517,lindsaykelly,26,Male,kellymorgan@outlook.com,14,1184.67,2.8249999999999997,84.61928571428572,Artificial Intelligence,Advanced
U01518,carolgamble,21,Male,gregg70@gmail.com,1,490.9,4.55,490.9,Artificial Intelligence,Beginner
U01519,christopher18,16,Male,holmesnatalie@hotmail.com,2,0.0,2.8150000000000004,0.0,Design,Advanced
U01520,mhayes,26,Female,gilbert23@yahoo.com,1,0.0,4.66,0.0,Digital Marketing,Intermediate
U01521,georgeerin,34,Female,owensara@hotmail.com,1,327.99,1.51,327.99,Project Management,Beginner
U01522,vnelson,31,Female,robin05@gmail.com,14,461.27,2.8892857142857147,32.94785714285714,Digital Marketing,Advanced
U01523,egutierrez,16,Male,kimcolleen@yahoo.com,1,0.0,1.73,0.0,Machine Learning,Intermediate
U01524,adam56,30,Female,othompson@outlook.com,1,0.0,4.44,0.0,Digital Marketing,Beginner
U01525,lisa07,32,Female,gstrickland@gmail.com,2,347.48999999999995,2.56,173.74499999999998,Machine Learning,Advanced
U01526,jeremyarnold,20,Male,robert14@yahoo.com,12,1765.17,3.315,147.0975,Project Management,Beginner
U01527,lucas92,29,Female,gutierrezerin@hotmail.com,1,37.89,1.3,37.89,Web Development,Advanced
U01528,thompsontammy,16,Male,tracy13@gmail.com,14,2194.62,3.25,156.75857142857143,Business,Beginner
U01529,wgraves,19,Female,barbara11@gmail.com,3,0.0,3.616666666666667,0.0,Cybersecurity,Advanced
U01530,qhorton,16,Male,diazbreanna@hotmail.com,15,544.11,2.9426666666666668,36.274,Machine Learning,Advanced
U01531,brianberry,30,Female,diazjessica@gmail.com,14,623.0799999999999,3.4464285714285716,44.505714285714284,Design,Beginner
U01532,alexanderjacob,28,Female,brittanycampbell@gmail.com,1,0.0,3.02,0.0,Data Science,Intermediate
U01533,rebecca74,16,Female,christopher19@gmail.com,3,111.18,3.9066666666666667,37.06,Design,Beginner
U01534,robertpeters,28,Male,annette96@hotmail.com,1,0.0,4.94,0.0,Cybersecurity,Beginner
U01535,khernandez,20,Male,simpsonmandy@yahoo.com,4,944.3,3.1025,236.075,Artificial Intelligence,Intermediate
U01536,guerrerotonya,33,Female,rachelvalencia@hotmail.com,12,1758.18,3.2183333333333337,146.51500000000001,Artificial Intelligence,Advanced
U01537,qroberts,27,Female,vasquezkayla@hotmail.com,3,887.79,3.623333333333333,295.93,Artificial Intelligence,Intermediate
U01538,thompsonjack,27,Female,schaeferkara@hotmail.com,1,415.51,3.11,415.51,Artificial Intelligence,Intermediate
U01539,hmcdaniel,24,Female,murphyrebecca@outlook.com,1,0.0,4.73,0.0,Machine Learning,Intermediate
U01540,arroyojohn,30,Female,lopezaaron@hotmail.com,1,0.0,4.94,0.0,Cybersecurity,Beginner
U01541,barrerajohn,29,Female,erika24@gmail.com,4,684.17,2.02,171.0425,Data Science,Advanced
U01542,jsmith,18,Female,patriciasmith@hotmail.com,1,177.34,3.89,177.34,Digital Marketing,Advanced
U01543,smithjames,25,Female,teresa86@yahoo.com,16,1848.28,3.141875,115.5175,Finance,Intermediate
U01544,cphillips,31,Female,debbieharris@yahoo.com,1,119.04,2.75,119.04,Finance,Intermediate
U01545,ganderson,15,Female,vgreen@gmail.com,1,0.0,2.2,0.0,Web Development,Beginner
U01546,stefanie21,34,Male,dawnnunez@hotmail.com,1,0.0,3.64,0.0,Artificial Intelligence,Beginner
U01547,cookdesiree,17,Male,ofuentes@hotmail.com,2,0.0,1.665,0.0,Design,Advanced
U01548,travis26,35,Female,danielslisa@yahoo.com,1,0.0,2.88,0.0,Programming,Beginner
U01549,katherinerobertson,34,Female,zjohnson@outlook.com,1,0.0,2.14,0.0,Digital Marketing,Beginner
U01550,raymond40,16,Male,fwalker@yahoo.com,1,0.0,1.73,0.0,Machine Learning,Intermediate
U01551,julian48,16,Male,bryanmorris@hotmail.com,1,0.0,2.98,0.0,Marketing,Advanced
U01552,krussell,32,Male,todd69@outlook.com,1,0.0,4.45,0.0,Design,Advanced
U01553,melinda52,27,Male,dflynn@hotmail.com,15,631.0,2.920666666666667,42.06666666666667,Data Science,Advanced
U01554,smithcarl,20,Male,hernandezlisa@yahoo.com,4,0.0,3.46,0.0,Cybersecurity,Beginner
U01555,parkerrobert,23,Female,zachary80@yahoo.com,1,0.0,3.65,0.0,Data Science,Beginner
U01556,benjamin25,23,Female,linda46@outlook.com,2,0.0,4.445,0.0,Finance,Advanced
U01557,rossdiane,17,Male,omacdonald@yahoo.com,1,0.0,1.81,0.0,Machine Learning,Advanced
U01558,deborah16,32,Male,sheila12@outlook.com,1,57.32,4.74,57.32,Web Development,Advanced
U01559,brownthomas,19,Male,patrickgomez@hotmail.com,1,89.59,2.68,89.59,Artificial Intelligence,Intermediate
U01560,vickibrown,24,Male,ghawkins@hotmail.com,1,0.0,3.6,0.0,Data Science,Intermediate
U01561,miranda44,32,Male,philipjohnson@yahoo.com,1,0.0,3.02,0.0,Data Science,Intermediate
U01562,crawfordmark,18,Female,lreese@yahoo.com,1,0.0,2.14,0.0,Digital Marketing,Beginner
U01563,tiffanylopez,35,Female,williamsrobert@yahoo.com,1,0.0,4.1,0.0,Finance,Intermediate
U01564,vpena,28,Female,susan39@outlook.com,1,346.71,1.23,346.71,Project Management,Advanced
U01565,daniellyons,32,Male,louisday@hotmail.com,1,212.39,3.15,212.39,Digital Marketing,Advanced
U01566,buckdenise,29,Male,chrisphelps@gmail.com,1,0.0,3.64,0.0,Artificial Intelligence,Beginner
U01567,olivia94,22,Male,odonnellcraig@yahoo.com,1,0.0,2.14,0.0,Digital Marketing,Beginner
U01568,maldonadoandrew,26,Female,tmorales@gmail.com,3,415.51,3.07,138.50333333333333,Artificial Intelligence,Intermediate
U01569,laurasmith,35,Male,wfranco@yahoo.com,1,0.0,2.01,0.0,Marketing,Advanced
U01570,smithmark,31,Male,robinirwin@hotmail.com,2,326.02,3.415,163.01,Business,Beginner
U01571,nicolerobinson,19,Male,mary04@outlook.com,2,0.0,1.9849999999999999,0.0,Cybersecurity,Advanced
U01572,harrisonstephen,29,Female,adam98@yahoo.com,1,53.86,2.47,53.86,Finance,Beginner
U01573,jenniferscott,18,Female,grayanne@gmail.com,2,487.92,3.545,243.96,Business,Advanced
U01574,whitemercedes,17,Male,lamamber@gmail.com,1,346.71,1.23,346.71,Project Management,Advanced
U01575,richardsontammy,15,Female,millerrandy@hotmail.com,13,1289.19,3.3392307692307694,99.16846153846154,Cybersecurity,Beginner
U01576,charlessmith,35,Male,aaguilar@hotmail.com,2,0.0,2.605,0.0,Cybersecurity,Beginner
U01577,parkerkatelyn,30,Male,andersonlisa@yahoo.com,1,0.0,1.52,0.0,Design,Advanced
U01578,talvarado,26,Male,valdezshannon@hotmail.com,15,1408.0,2.884666666666667,93.86666666666666,Artificial Intelligence,Intermediate
U01579,clewis,31,Male,ashleyparker@gmail.com,1,0.0,1.59,0.0,Finance,Advanced
U01580,ryanmoreno,15,Female,bakeranne@hotmail.com,2,394.26,1.54,197.13,Cybersecurity,Intermediate
U01581,lori53,30,Male,kruiz@yahoo.com,2,215.23000000000002,2.595,107.61500000000001,Digital Marketing,Advanced
U01582,kingkristen,16,Male,morrisjennifer@hotmail.com,1,0.0,4.11,0.0,Marketing,Intermediate
U01583,daniel76,30,Female,zcross@outlook.com,1,0.0,3.45,0.0,Project Management,Intermediate
U01584,steven45,32,Male,bradley75@outlook.com,1,0.0,4.44,0.0,Digital Marketing,Beginner
U01585,vclark,27,Male,brentbrooks@gmail.com,11,891.67,3.441818181818182,81.06090909090909,Finance,Beginner
U01586,bobby05,27,Male,garrett72@hotmail.com,14,1193.63,3.0142857142857147,85.25928571428572,Machine Learning,Beginner
U01587,greg26,27,Male,evazquez@yahoo.com,2,37.89,2.615,18.945,Cybersecurity,Advanced
U01588,williamwalker,32,Male,nicolejohnson@outlook.com,1,0.0,3.45,0.0,Project Management,Intermediate
U01589,harristravis,16,Female,knightjanet@hotmail.com,1,0.0,4.94,0.0,Cybersecurity,Beginner
U01590,erinjohnson,33,Male,cynthiaholland@hotmail.com,1,0.0,4.68,0.0,Project Management,Beginner
U01591,robert84,32,Female,davisconnie@gmail.com,2,0.0,3.01,0.0,Artificial Intelligence,Advanced
U01592,travisweber,33,Male,raymond75@yahoo.com,4,0.0,2.295,0.0,Cybersecurity,Beginner
U01593,susan32,34,Male,derekmiller@gmail.com,1,0.0,4.44,0.0,Digital Marketing,Beginner
U01594,rking,35,Male,xbrown@hotmail.com,1,37.89,1.3,37.89,Web Development,Advanced
U01595,ronaldperry,15,Male,wjackson@hotmail.com,2,592.85,3.5,296.425,Artificial Intelligence,Advanced
U01596,yorkerica,22,Male,murrayjack@yahoo.com,2,0.0,2.3899999999999997,0.0,Data Science,Beginner
U01597,sarahhopkins,21,Female,nguyendonna@yahoo.com,1,299.57,3.74,299.57,Data Science,Beginner
U01598,zlevine,30,Female,jessica13@gmail.com,1,0.0,3.32,0.0,Web Development,Beginner
U01599,tracy23,29,Female,hcoleman@gmail.com,1,0.0,2.98,0.0,Marketing,Advanced
U01600,sanderselizabeth,29,Female,anthony38@yahoo.com,1,326.02,2.69,326.02,Business,Intermediate
U01601,phall,23,Female,kathleensandoval@yahoo.com,2,346.71,2.87,173.355,Design,Advanced
U01602,davisangel,31,Female,ballen@outlook.com,13,871.4,3.276153846153846,67.03076923076922,Artificial Intelligence,Beginner
U01603,kennethmartinez,32,Male,bromero@outlook.com,2,89.59,2.1350000000000002,44.795,Artificial Intelligence,Advanced
U01604,kevinmeza,31,Female,timothy98@yahoo.com,1,0.0,3.45,0.0,Project Management,Intermediate
U01605,acurtis,18,Male,arthur42@yahoo.com,1,57.32,4.74,57.32,Web Development,Advanced
U01606,mdavies,17,Female,grosscharles@gmail.com,1,346.71,1.23,346.71,Project Management,Advanced
U01607,ryan98,25,Male,obaird@outlook.com,1,89.59,2.68,89.59,Artificial Intelligence,Intermediate
U01608,debbie14,15,Female,watsonroger@outlook.com,1,0.0,1.73,0.0,Machine Learning,Intermediate
U01609,jonesjoan,15,Male,tyler47@hotmail.com,1,0.0,2.2,0.0,Web Development,Beginner
U01610,kgarcia,31,Male,michael22@gmail.com,1,0.0,2.01,0.0,Marketing,Advanced
U01611,sheilawilson,27,Male,jerrylynn@hotmail.com,1,0.0,2.01,0.0,Marketing,Advanced
U01612,htaylor,29,Male,kristine84@outlook.com,1,0.0,1.73,0.0,Machine Learning,Intermediate
U01613,alex16,25,Male,rhodesjessica@outlook.com,1,0.0,4.94,0.0,Cybersecurity,Beginner
U01614,mcarpenter,17,Male,geoffrey77@hotmail.com,1,0.0,4.66,0.0,Digital Marketing,Intermediate
U01615,allisonpeters,29,Male,ndaniel@gmail.com,1,0.0,1.81,0.0,Machine Learning,Advanced
U01616,lcalderon,20,Male,nataliemartin@gmail.com,1,0.0,3.32,0.0,Web Development,Beginner
U01617,marquezedward,21,Male,brownbelinda@hotmail.com,1,0.0,1.28,0.0,Programming,Beginner
U01618,victoriawebster,15,Female,robertmccall@hotmail.com,13,898.9499999999999,3.129230769230769,69.14999999999999,Marketing,Advanced
U01619,dbrown,20,Female,william74@hotmail.com,1,490.9,4.55,490.9,Artificial Intelligence,Beginner
U01620,dtorres,19,Female,donovankatherine@gmail.com,1,0.0,4.44,0.0,Digital Marketing,Beginner
U01621,kylebell,16,Female,amy94@gmail.com,2,0.0,1.905,0.0,Business,Advanced
U01622,scottkennedy,15,Female,christina10@hotmail.com,1,0.78,3.89,0.78,Machine Learning,Advanced
U01623,sarathomas,23,Male,garciasean@gmail.com,1,0.0,2.14,0.0,Digital Marketing,Beginner
U01624,markwells,34,Female,william38@hotmail.com,4,809.56,3.265,202.39,Artificial Intelligence,Advanced
U01625,taylorjoshua,33,Female,brittany29@outlook.com,3,394.26,3.2099999999999995,131.42,Cybersecurity,Intermediate
U01626,amythornton,26,Female,howardjennifer@yahoo.com,1,0.0,4.14,0.0,Finance,Beginner
U01627,collinslisa,23,Female,diazjessica@outlook.com,13,732.86,2.856923076923077,56.37384615384615,Cybersecurity,Beginner
U01628,emilymartin,26,Male,martincynthia@gmail.com,14,1576.41,2.5435714285714286,112.60071428571429,Business,Advanced
U01629,hansondennis,28,Female,shannondelgado@hotmail.com,1,53.86,2.47,53.86,Finance,Beginner
U01630,laurie24,33,Male,fnichols@gmail.com,1,0.0,3.02,0.0,Data Science,Intermediate
U01631,aaron63,18,Female,gregorylarsen@hotmail.com,2,394.26,1.435,197.13,Cybersecurity,Advanced
U01632,ygarcia,21,Male,gouldphilip@yahoo.com,1,0.0,3.93,0.0,Cybersecurity,Intermediate
U01633,randy38,34,Male,asimmons@hotmail.com,1,0.0,4.68,0.0,Project Management,Beginner
U01634,kevin78,35,Male,victormiller@yahoo.com,1,0.0,3.02,0.0,Data Science,Intermediate
U01635,candrews,18,Female,collierjeremy@gmail.com,14,743.14,2.9021428571428567,53.08142857142857,Business,Advanced
U01636,stevenknapp,19,Male,zadams@hotmail.com,1,0.0,4.45,0.0,Design,Advanced
U01637,ferrellgeorge,30,Male,robertwade@yahoo.com,13,1567.34,3.713846153846154,120.56461538461538,Digital Marketing,Beginner
U01638,jonathan56,26,Male,leesavannah@yahoo.com,1,0.0,2.2,0.0,Web Development,Beginner
U01639,ubridges,27,Male,seth87@hotmail.com,1,0.0,2.43,0.0,Programming,Intermediate
U01640,taylorkimberly,23,Female,thomas13@yahoo.com,1,0.0,4.72,0.0,Marketing,Intermediate
U01641,bbowen,17,Male,qlewis@gmail.com,1,0.0,4.1,0.0,Finance,Intermediate
U01642,juliehernandez,26,Male,hnelson@outlook.com,1,0.0,3.65,0.0,Data Science,Beginner
U01643,moorejulia,25,Male,englishjustin@yahoo.com,1,89.59,2.68,89.59,Artificial Intelligence,Intermediate
U01644,katherine11,23,Male,awallace@outlook.com,3,487.92,3.526666666666667,162.64000000000001,Business,Advanced
U01645,curtis73,19,Male,jbaker@hotmail.com,3,0.78,3.3333333333333335,0.26,Business,Advanced
U01646,wrojas,28,Female,daviddaugherty@outlook.com,1,0.0,2.43,0.0,Programming,Intermediate
U01647,smithvincent,17,Female,kellyflores@hotmail.com,13,1297.69,3.5084615384615385,99.8223076923077,Cybersecurity,Beginner
U01648,mmosley,22,Female,jessica65@hotmail.com,4,118.46000000000001,2.4924999999999997,29.615000000000002,Machine Learning,Advanced
U01649,maryharris,35,Male,taylor63@outlook.com,13,2151.13,2.853846153846154,165.47153846153847,Artificial Intelligence,Intermediate
U01650,bethpalmer,33,Male,tonyward@gmail.com,1,0.0,1.81,0.0,Machine Learning,Advanced
U01651,anthonygomez,25,Female,ologan@yahoo.com,1,212.39,3.15,212.39,Digital Marketing,Advanced
U01652,markharper,35,Male,lisajones@yahoo.com,2,327.99,2.72,163.995,Cybersecurity,Beginner
U01653,richard46,21,Female,geraldbrown@outlook.com,1,0.0,2.61,0.0,Design,Advanced
U01654,lori03,22,Female,parkmarisa@outlook.com,15,2711.54,3.1113333333333335,180.76933333333332,Business,Advanced
U01655,austinlee,23,Male,rodneyreed@hotmail.com,1,0.0,1.81,0.0,Machine Learning,Advanced
U01656,norrisdakota,27,Male,saragross@outlook.com,12,918.87,3.1283333333333334,76.5725,Cybersecurity,Advanced
U01657,lopezjesse,22,Female,sgreen@yahoo.com,1,0.0,3.65,0.0,Data Science,Beginner
U01658,spencer81,31,Female,yyang@hotmail.com,1,177.34,3.89,177.34,Digital Marketing,Advanced
U01659,brendarodriguez,27,Female,williamsonwilliam@hotmail.com,3,540.38,3.1133333333333333,180.12666666666667,Project Management,Beginner
U01660,clinton81,25,Female,masoncynthia@gmail.com,2,95.21000000000001,3.02,47.605000000000004,Web Development,Advanced
U01661,tracywilson,27,Female,cainangela@hotmail.com,1,0.0,3.32,0.0,Web Development,Beginner
U01662,dustin08,28,Male,joseph90@yahoo.com,15,2154.37,3.3066666666666666,143.62466666666666,Finance,Advanced
U01663,sandra93,28,Female,vbooth@gmail.com,2,0.0,3.0,0.0,Marketing,Beginner
U01664,sara98,23,Female,rmayer@yahoo.com,2,415.51,3.065,207.755,Artificial Intelligence,Intermediate
U01665,kimberly94,34,Female,melissa92@gmail.com,4,0.0,3.9575,0.0,Data Science,Beginner
U01666,fbarber,28,Female,donna63@hotmail.com,14,589.19,2.785,42.085,Design,Advanced
U01667,sandrastewart,23,Female,simpsondonald@yahoo.com,1,0.0,1.59,0.0,Finance,Advanced
U01668,alambert,27,Female,stephanievillarreal@yahoo.com,1,0.0,1.13,0.0,Machine Learning,Beginner
U01669,julie64,30,Female,oramirez@outlook.com,2,53.86,3.575,26.93,Finance,Beginner
U01670,justin64,19,Male,bwilliamson@outlook.com,1,0.0,3.32,0.0,Web Development,Beginner
U01671,apugh,25,Male,egreen@yahoo.com,15,839.93,2.9560000000000004,55.99533333333333,Finance,Beginner
U01672,carolynfriedman,15,Male,santosvictor@hotmail.com,1,0.0,4.51,0.0,Design,Beginner
U01673,francosusan,16,Male,nataliestrong@gmail.com,1,0.0,1.73,0.0,Machine Learning,Intermediate
U01674,carl17,27,Female,kimberly19@yahoo.com,14,1224.07,2.9164285714285714,87.43357142857143,Cybersecurity,Beginner
U01675,douglasthompson,17,Male,samantha32@yahoo.com,1,394.26,1.35,394.26,Cybersecurity,Intermediate
U01676,odunn,22,Male,kennethfloyd@yahoo.com,1,0.0,4.79,0.0,Marketing,Advanced
U01677,mistypowell,22,Male,tammy35@yahoo.com,2,0.0,2.88,0.0,Business,Advanced
U01678,christina89,31,Female,upierce@hotmail.com,1,0.0,4.73,0.0,Machine Learning,Intermediate
U01679,collinstracy,16,Female,wcarpenter@gmail.com,1,0.0,4.45,0.0,Design,Advanced
U01680,slynch,30,Male,chankayla@yahoo.com,1,0.0,2.0,0.0,Business,Advanced
U01681,brownryan,33,Male,rthompson@hotmail.com,1,0.0,3.45,0.0,Project Management,Intermediate
U01682,josephbrown,21,Male,rogersmelissa@gmail.com,2,0.0,3.99,0.0,Digital Marketing,Beginner
U01683,christywoods,19,Female,powellandrew@gmail.com,1,326.02,2.69,326.02,Business,Intermediate
U01684,meganwhite,26,Female,bryan07@gmail.com,2,0.0,1.9849999999999999,0.0,Cybersecurity,Advanced
U01685,jameslarson,26,Female,xvang@hotmail.com,1,0.0,1.73,0.0,Machine Learning,Intermediate
U01686,nathan53,32,Male,stacie37@yahoo.com,1,0.0,2.01,0.0,Marketing,Advanced
U01687,dianaburnett,23,Female,cynthiahall@hotmail.com,2,0.0,3.885,0.0,Marketing,Advanced
U01688,valeriegalvan,28,Female,millerzachary@gmail.com,2,0.0,3.15,0.0,Marketing,Advanced
U01689,burnsjoel,30,Female,james38@outlook.com,1,0.0,3.32,0.0,Web Development,Beginner
U01690,lori78,27,Male,ryandavila@yahoo.com,4,0.0,4.3075,0.0,Artificial Intelligence,Beginner
U01691,morantoni,22,Male,tiffany52@gmail.com,1,37.89,1.3,37.89,Web Development,Advanced
U01692,davidsonmark,26,Male,ofletcher@hotmail.com,12,1372.26,3.330833333333333,114.355,Artificial Intelligence,Advanced
U01693,samantha22,21,Male,aweeks@yahoo.com,2,276.37,2.6950000000000003,138.185,Design,Advanced
U01694,david68,35,Male,dianacordova@gmail.com,1,342.61,4.84,342.61,Project Management,Intermediate
U01695,christine15,32,Male,jvega@gmail.com,13,1458.16,3.06923076923077,112.16615384615385,Design,Advanced
U01696,james12,31,Female,aguilarmelissa@gmail.com,2,327.99,3.085,163.995,Digital Marketing,Beginner
U01697,whicks,35,Male,connerjennifer@outlook.com,1,0.0,2.14,0.0,Digital Marketing,Beginner
U01698,billyrivera,28,Female,amberwalton@hotmail.com,1,0.0,1.13,0.0,Machine Learning,Beginner
U01699,michael90,23,Female,evansdaniel@outlook.com,1,0.0,4.1,0.0,Finance,Intermediate
U01700,pagemichelle,25,Female,costalori@hotmail.com,1,326.02,2.69,326.02,Business,Intermediate
U01701,tracy73,22,Male,jeannevargas@yahoo.com,1,117.68,2.57,117.68,Data Science,Advanced
U01702,ronaldalexander,21,Female,jack38@gmail.com,14,957.02,3.3164285714285713,68.35857142857142,Business,Beginner
U01703,hhogan,21,Male,conleyshawn@outlook.com,3,487.92,3.516666666666667,162.64000000000001,Business,Advanced
U01704,ojohnston,30,Female,yvelasquez@hotmail.com,2,89.59,3.8100000000000005,44.795,Artificial Intelligence,Beginner
U01705,riddleryan,28,Male,melissapierce@outlook.com,1,472.28,4.74,472.28,Programming,Beginner
U01706,zcarter,17,Female,wallacejoseph@hotmail.com,1,0.0,3.85,0.0,Programming,Beginner
U01707,brettcampbell,32,Male,ypreston@outlook.com,3,119.04,4.16,39.68,Cybersecurity,Advanced
U01708,ymorton,22,Male,gibsonlori@hotmail.com,14,1615.22,2.6457142857142855,115.37285714285714,Finance,Intermediate
U01709,klandry,35,Female,smithlucas@gmail.com,1,0.0,2.14,0.0,Digital Marketing,Beginner
U01710,amandajackson,32,Male,johnsonwilliam@gmail.com,1,394.26,1.35,394.26,Cybersecurity,Intermediate
U01711,kyleharris,15,Female,timothy04@gmail.com,1,53.86,2.47,53.86,Finance,Beginner
U01712,millerkevin,30,Male,vrose@hotmail.com,1,0.0,1.59,0.0,Finance,Advanced
U01713,dholland,15,Male,alec88@gmail.com,4,451.58,2.7,112.895,Cybersecurity,Advanced
U01714,patricia40,24,Female,hwebb@outlook.com,1,0.0,3.02,0.0,Data Science,Intermediate
U01715,edwardsjose,27,Male,vincent79@outlook.com,1,0.0,4.51,0.0,Design,Beginner
U01716,asalinas,22,Female,michelle32@outlook.com,1,57.32,4.74,57.32,Web Development,Advanced
U01717,heather15,20,Male,calebflores@hotmail.com,1,299.57,3.74,299.57,Data Science,Beginner
U01718,michelledecker,23,Male,kevin26@yahoo.com,1,0.0,1.52,0.0,Design,Advanced
U01719,ooliver,32,Female,reesekathy@outlook.com,1,119.04,2.75,119.04,Finance,Intermediate
U01720,stoutaustin,21,Female,jeanne53@hotmail.com,15,1655.97,3.2853333333333334,110.398,Data Science,Beginner
U01721,lperry,15,Female,johnbarry@outlook.com,10,810.29,3.357,81.029,Web Development,Advanced
U01722,dale82,30,Female,seanreynolds@outlook.com,1,0.0,1.81,0.0,Machine Learning,Advanced
U01723,maryharrison,32,Female,stephaniedixon@outlook.com,1,0.0,1.52,0.0,Design,Advanced
U01724,juan81,17,Male,scottmendoza@hotmail.com,16,1227.77,3.0875,76.735625,Design,Advanced
U01725,klinekevin,33,Male,wernerjonathan@hotmail.com,2,0.0,1.325,0.0,Design,Advanced
U01726,qschwartz,32,Female,chelseycoleman@gmail.com,13,1008.6800000000001,3.0107692307692306,77.59076923076924,Design,Advanced
U01727,zachary70,15,Female,melindajones@outlook.com,1,0.0,3.93,0.0,Cybersecurity,Intermediate
U01728,lmclaughlin,33,Female,charlescooley@outlook.com,2,0.0,3.745,0.0,Design,Advanced
U01729,michael78,29,Female,dwayne77@yahoo.com,15,2400.05,2.896666666666667,160.00333333333336,Project Management,Advanced
U01730,blackkarl,27,Female,gbarton@yahoo.com,1,0.0,2.61,0.0,Design,Advanced
U01731,andrewreed,28,Male,michaelbrown@hotmail.com,1,0.0,4.1,0.0,Finance,Intermediate
U01732,xferrell,17,Female,woodjames@outlook.com,2,0.0,4.585,0.0,Design,Advanced
U01733,jeffreyprice,20,Female,bgreen@yahoo.com,4,575.94,3.085,143.985,Data Science,Intermediate
U01734,oortega,29,Male,tommy76@yahoo.com,3,445.06,2.32,148.35333333333332,Business,Intermediate
U01735,brentanderson,29,Male,alexisbird@gmail.com,1,57.32,4.74,57.32,Web Development,Advanced
U01736,leah74,17,Male,mark33@yahoo.com,1,0.0,3.6,0.0,Data Science,Intermediate
U01737,scottnelson,23,Male,daltonandrews@outlook.com,1,0.0,1.28,0.0,Programming,Beginner
U01738,aortiz,16,Female,qgraham@outlook.com,1,0.0,4.45,0.0,Design,Advanced
U01739,mauriceponce,19,Male,apalmer@hotmail.com,1,0.0,2.98,0.0,Marketing,Advanced
U01740,johnbridges,20,Male,claudiafox@outlook.com,1,0.0,2.98,0.0,Marketing,Advanced
U01741,uadams,30,Male,jonessteven@yahoo.com,2,0.0,2.95,0.0,Data Science,Beginner
U01742,lyork,30,Female,psmith@yahoo.com,2,0.0,4.119999999999999,0.0,Finance,Beginner
U01743,mhunter,15,Male,wagnerjerry@yahoo.com,1,0.0,1.81,0.0,Machine Learning,Advanced
U01744,john10,22,Male,kingcourtney@yahoo.com,4,665.26,3.9625,166.315,Business,Advanced
U01745,jasonwatts,21,Female,wvilla@yahoo.com,13,1622.6399999999999,3.2546153846153847,124.81846153846153,Data Science,Beginner
U01746,jodiortega,24,Male,nathaniel40@outlook.com,14,1607.25,3.3685714285714283,114.80357142857143,Digital Marketing,Beginner
U01747,kyle18,19,Female,derrickkelley@hotmail.com,4,177.34,3.6925,44.335,Digital Marketing,Intermediate
U01748,williamsadam,22,Male,joseph49@outlook.com,1,394.26,1.35,394.26,Cybersecurity,Intermediate
U01749,fmiles,31,Female,james11@hotmail.com,1,276.37,2.72,276.37,Design,Advanced
U01750,stephanieshaw,24,Male,victoria11@gmail.com,4,627.6600000000001,3.435,156.91500000000002,Business,Beginner
U01751,mcbridepatrick,25,Female,brandon18@yahoo.com,1,0.78,3.89,0.78,Machine Learning,Advanced
U01752,johnharris,34,Female,kimvincent@outlook.com,4,301.98,2.8,75.495,Artificial Intelligence,Advanced
U01753,kirbyelijah,17,Female,biancaarmstrong@yahoo.com,1,0.0,2.0,0.0,Business,Advanced
U01754,qdiaz,22,Male,henglish@yahoo.com,1,0.0,3.64,0.0,Artificial Intelligence,Beginner
U01755,andrewskelly,26,Female,michellereyes@outlook.com,1,285.05,1.96,285.05,Business,Beginner
U01756,uortiz,21,Male,anita87@gmail.com,2,0.0,1.505,0.0,Machine Learning,Beginner
U01757,ycarter,26,Female,mariah38@hotmail.com,1,0.0,2.88,0.0,Programming,Beginner
U01758,yhall,16,Female,anelson@yahoo.com,1,326.02,2.69,326.02,Business,Intermediate
U01759,pwebster,21,Male,scott26@outlook.com,1,276.37,2.72,276.37,Design,Advanced
U01760,eric06,19,Male,smoreno@gmail.com,1,490.9,4.55,490.9,Artificial Intelligence,Beginner
U01761,mark03,31,Male,gabriel32@yahoo.com,2,0.0,2.44,0.0,Business,Advanced
U01762,dustin24,33,Male,reeveschristopher@yahoo.com,15,1427.04,3.624666666666667,95.136,Marketing,Advanced
U01763,sharon32,24,Male,jimmy75@outlook.com,1,248.1,1.2,248.1,Artificial Intelligence,Beginner
U01764,cowanaustin,30,Male,gomezjennifer@hotmail.com,2,285.05,3.2,142.525,Business,Beginner
U01765,patrick83,24,Female,lwilliamson@yahoo.com,1,0.0,2.01,0.0,Marketing,Advanced
U01766,michaelmiller,33,Female,jamie43@hotmail.com,3,623.0799999999999,2.9633333333333334,207.6933333333333,Cybersecurity,Advanced
U01767,thomas29,15,Female,housestephen@yahoo.com,1,0.0,4.44,0.0,Digital Marketing,Beginner
U01768,turnercorey,26,Female,paul81@outlook.com,2,0.0,4.19,0.0,Cybersecurity,Advanced
U01769,khanrenee,15,Male,kirkwagner@gmail.com,4,53.86,3.1875,13.465,Digital Marketing,Beginner
U01770,daviselizabeth,22,Female,bryantmichael@outlook.com,2,0.0,4.695,0.0,Cybersecurity,Advanced
U01771,calebmorgan,21,Male,baileymax@gmail.com,3,347.48999999999995,2.2133333333333334,115.82999999999998,Design,Advanced
U01772,elizabethrodriguez,32,Female,uburns@outlook.com,1,0.0,2.01,0.0,Marketing,Advanced
U01773,tanya67,17,Male,ernestgregory@outlook.com,16,2596.54,3.124375,162.28375,Artificial Intelligence,Beginner
U01774,holly96,17,Male,stephen91@outlook.com,1,0.0,4.94,0.0,Cybersecurity,Beginner
U01775,nancyhart,31,Female,carterlisa@outlook.com,2,0.0,3.0999999999999996,0.0,Design,Advanced
U01776,websterkaren,30,Female,robertclayton@hotmail.com,2,0.0,2.645,0.0,Business,Advanced
U01777,justin83,27,Male,kimberly25@hotmail.com,1,0.0,2.2,0.0,Web Development,Beginner
U01778,phillip31,24,Female,robertnavarro@outlook.com,2,0.0,4.055,0.0,Data Science,Beginner
U01779,sarahtrujillo,31,Male,jeremy60@yahoo.com,1,0.0,4.72,0.0,Marketing,Intermediate
U01780,smithtimothy,27,Male,rblair@hotmail.com,1,346.71,1.23,346.71,Project Management,Advanced
U01781,cortezmorgan,30,Male,lhuynh@gmail.com,1,0.0,3.45,0.0,Project Management,Intermediate
U01782,david48,17,Female,martinmatthew@yahoo.com,1,0.0,3.85,0.0,Programming,Beginner
U01783,mcconnellerica,28,Male,ellismark@yahoo.com,3,57.32,3.78,19.106666666666666,Business,Advanced
U01784,ccarr,32,Female,richardbarnes@gmail.com,1,119.04,2.75,119.04,Finance,Intermediate
U01785,masonrachel,34,Female,feliciashannon@gmail.com,1,0.0,4.73,0.0,Machine Learning,Intermediate
U01786,joseph21,25,Female,michaeljimenez@hotmail.com,13,1539.78,3.1830769230769227,118.44461538461539,Finance,Advanced
U01787,kristin95,30,Female,roybowen@outlook.com,2,266.93,3.285,133.465,Artificial Intelligence,Advanced
U01788,sayers,15,Male,francisdenise@gmail.com,2,89.59,3.7350000000000003,44.795,Artificial Intelligence,Advanced
U01789,rodriguezjacob,33,Female,bryandennis@hotmail.com,15,1442.1299999999999,3.234,96.142,Data Science,Beginner
U01790,jerrydavidson,25,Male,salazarkyle@hotmail.com,1,299.57,3.74,299.57,Data Science,Beginner
U01791,richardrandy,31,Female,reneecampbell@outlook.com,2,53.86,3.63,26.93,Finance,Advanced
U01792,charlottelewis,15,Male,zstewart@outlook.com,1,53.86,2.47,53.86,Finance,Beginner
U01793,alexandrawright,30,Male,vasqueztristan@gmail.com,1,0.0,3.93,0.0,Cybersecurity,Intermediate
U01794,mcbrideamy,26,Male,woodsamantha@outlook.com,1,0.0,2.0,0.0,Business,Advanced
U01795,wtorres,15,Female,jessica84@outlook.com,13,1145.56,2.9646153846153847,88.11999999999999,Artificial Intelligence,Advanced
U01796,catherinegonzales,15,Male,paul98@hotmail.com,1,0.0,2.67,0.0,Web Development,Advanced
U01797,linda33,33,Male,adamlee@gmail.com,1,490.9,4.55,490.9,Artificial Intelligence,Beginner
U01798,gregoryjenkins,18,Male,vwolfe@yahoo.com,1,487.92,3.64,487.92,Business,Advanced
U01799,jacobssusan,33,Female,kdaniels@hotmail.com,1,0.0,3.15,0.0,Business,Advanced
U01800,melaniejacobson,25,Female,kimhoward@yahoo.com,2,248.1,2.4,124.05,Artificial Intelligence,Beginner
U01801,julialong,20,Male,dhernandez@gmail.com,1,394.26,1.35,394.26,Cybersecurity,Intermediate
U01802,oharris,15,Female,kevin83@outlook.com,1,276.37,2.72,276.37,Design,Advanced
U01803,brett15,27,Female,susandavis@yahoo.com,3,342.61,3.6799999999999997,114.20333333333333,Programming,Beginner
U01804,nicoletaylor,20,Female,whitecarol@hotmail.com,2,0.0,3.71,0.0,Digital Marketing,Advanced
U01805,bridget73,21,Male,swilson@outlook.com,15,431.96000000000004,2.834,28.797333333333334,Cybersecurity,Beginner
U01806,hgomez,26,Male,annalee@gmail.com,1,0.0,4.14,0.0,Finance,Beginner
U01807,veronica27,31,Male,heather88@hotmail.com,2,490.9,3.7649999999999997,245.45,Artificial Intelligence,Advanced
U01808,stephenwebster,15,Male,faulknergregory@gmail.com,3,684.67,4.183333333333334,228.22333333333333,Digital Marketing,Advanced
U01809,alexanderyork,24,Female,sanchezmichelle@gmail.com,13,1427.78,3.3169230769230773,109.82923076923076,Cybersecurity,Beginner
U01810,bridgetjohnson,15,Female,cgonzalez@outlook.com,15,2242.06,2.9113333333333333,149.47066666666666,Business,Advanced
U01811,lauriejoyce,28,Female,tsparks@yahoo.com,1,0.0,1.59,0.0,Finance,Advanced
U01812,drussell,17,Male,vbernard@gmail.com,15,798.53,2.9353333333333333,53.23533333333333,Data Science,Advanced
U01813,williamstone,24,Female,amber77@yahoo.com,1,0.0,3.65,0.0,Data Science,Beginner
U01814,gwilliams,17,Female,donaldconrad@hotmail.com,3,472.28,2.8266666666666667,157.42666666666665,Machine Learning,Advanced
U01815,younggina,30,Male,kristineaton@hotmail.com,1,0.0,4.51,0.0,Design,Beginner
U01816,dwayneatkins,21,Male,teresa09@outlook.com,2,0.0,2.895,0.0,Data Science,Beginner
U01817,hillbrian,33,Male,cody19@yahoo.com,1,0.0,2.0,0.0,Business,Advanced
U01818,samuel96,15,Male,leahlambert@gmail.com,2,53.86,3.5949999999999998,26.93,Finance,Beginner
U01819,kmontgomery,17,Male,qvelasquez@outlook.com,1,0.0,4.79,0.0,Marketing,Advanced
U01820,vmorrow,24,Male,douglas57@gmail.com,15,2407.56,2.8746666666666667,160.504,Business,Advanced
U01821,blankenshipmichael,22,Male,stephaniejohnston@outlook.com,1,0.0,3.15,0.0,Business,Advanced
U01822,harriseric,22,Male,clee@yahoo.com,15,447.03000000000003,2.9059999999999997,29.802000000000003,Finance,Advanced
U01823,djarvis,22,Male,mahoneymichael@gmail.com,1,0.0,1.59,0.0,Finance,Advanced
U01824,austinbethany,20,Male,scott08@yahoo.com,1,327.99,1.51,327.99,Project Management,Beginner
U01825,jeff93,25,Male,xchavez@gmail.com,14,758.12,3.143571428571429,54.151428571428575,Machine Learning,Intermediate
U01826,jenniferfields,17,Male,bryantchristopher@outlook.com,1,0.0,2.14,0.0,Digital Marketing,Beginner
U01827,mitchellmarsh,28,Male,robin95@outlook.com,1,0.0,4.45,0.0,Design,Advanced
U01828,molly55,21,Male,stephanie34@hotmail.com,1,177.34,3.89,177.34,Digital Marketing,Advanced
U01829,walkerlisa,27,Male,deannaoconnor@yahoo.com,2,0.0,3.005,0.0,Cybersecurity,Intermediate
U01830,james96,15,Male,gmedina@hotmail.com,1,37.89,1.3,37.89,Web Development,Advanced
U01831,eherrera,34,Female,perkinsedwin@yahoo.com,1,472.28,4.74,472.28,Programming,Beginner
U01832,rebecca57,24,Male,rosstammy@yahoo.com,1,0.0,2.88,0.0,Programming,Beginner
U01833,brittneyphillips,16,Male,mccoycraig@outlook.com,2,487.92,4.215,243.96,Business,Advanced
U01834,rebecca24,33,Female,sara87@outlook.com,1,0.0,1.73,0.0,Machine Learning,Intermediate
U01835,williamfranklin,27,Male,dylanvargas@hotmail.com,2,0.0,4.755,0.0,Marketing,Advanced
U01836,daniel27,32,Female,eric61@hotmail.com,1,299.57,3.74,299.57,Data Science,Beginner
U01837,ogutierrez,24,Female,omolina@yahoo.com,1,326.02,2.69,326.02,Business,Intermediate
U01838,haynesrobert,24,Male,lwebster@hotmail.com,2,0.0,4.015,0.0,Cybersecurity,Intermediate
U01839,kmelton,22,Female,juliecombs@hotmail.com,1,0.0,3.6,0.0,Data Science,Intermediate
U01840,bradley44,35,Female,sharris@hotmail.com,14,460.83000000000004,3.3735714285714287,32.916428571428575,Machine Learning,Beginner
U01841,jessicagonzalez,18,Female,jennifer41@outlook.com,1,0.0,1.91,0.0,Cybersecurity,Intermediate
U01842,serranoandre,33,Female,john25@outlook.com,13,1169.28,3.1123076923076924,89.94461538461539,Artificial Intelligence,Beginner
U01843,tiffany83,19,Female,jonathancarson@hotmail.com,1,0.0,2.67,0.0,Web Development,Advanced
U01844,colemanmelissa,18,Female,isaac36@outlook.com,1,0.0,3.02,0.0,Data Science,Intermediate
U01845,andrewbell,17,Female,fosborne@gmail.com,1,0.0,4.45,0.0,Design,Advanced
U01846,kevinalexander,21,Female,campbelljames@hotmail.com,2,117.68,3.755,58.84,Cybersecurity,Advanced
U01847,ujohnson,18,Female,tbridges@yahoo.com,1,0.0,1.91,0.0,Cybersecurity,Intermediate
U01848,jhoward,30,Female,msmith@gmail.com,1,0.0,3.15,0.0,Business,Advanced
U01849,elizabethfloyd,23,Male,meganbenson@hotmail.com,1,0.0,3.45,0.0,Project Management,Intermediate
U01850,justin74,29,Female,lee01@gmail.com,3,418.61,3.3633333333333333,139.53666666666666,Data Science,Intermediate
U01851,abarnes,20,Male,adavis@outlook.com,4,668.63,3.1375,167.1575,Business,Intermediate
U01852,schwartzgregory,19,Female,jacobslindsey@gmail.com,4,513.3,2.9425,128.325,Cybersecurity,Intermediate
U01853,boydsherry,31,Male,zhangtonya@outlook.com,1,89.59,2.68,89.59,Artificial Intelligence,Intermediate
U01854,pruittdavid,16,Male,ryan07@gmail.com,13,1160.54,3.4423076923076925,89.27230769230769,Finance,Advanced
U01855,krichardson,15,Female,karen00@gmail.com,1,53.86,2.47,53.86,Finance,Beginner
U01856,cohenlauren,27,Male,michaeljones@outlook.com,1,0.0,3.02,0.0,Data Science,Intermediate
U01857,aprilvincent,27,Female,briggssheila@outlook.com,2,53.86,3.46,26.93,Design,Advanced
U01858,clarkebianca,34,Female,davidfitzpatrick@gmail.com,1,0.0,3.45,0.0,Project Management,Intermediate
U01859,thomas50,24,Female,dmiller@gmail.com,1,0.0,2.2,0.0,Web Development,Beginner
U01860,bhardy,19,Male,kevin81@yahoo.com,3,487.92,3.236666666666667,162.64000000000001,Business,Advanced
U01861,ddominguez,28,Female,wilsonlisa@outlook.com,2,95.21000000000001,3.02,47.605000000000004,Web Development,Advanced
U01862,daniel53,24,Male,uchaney@yahoo.com,1,0.0,4.66,0.0,Digital Marketing,Intermediate
U01863,wlopez,26,Male,cbutler@outlook.com,1,342.61,4.84,342.61,Project Management,Intermediate
U01864,michelleharper,15,Male,timothy88@yahoo.com,1,0.0,4.72,0.0,Marketing,Intermediate
U01865,josephwilson,18,Male,stacylowe@yahoo.com,4,0.0,1.915,0.0,Programming,Beginner
U01866,davidharrell,25,Male,rnicholson@gmail.com,1,0.0,3.45,0.0,Project Management,Intermediate
U01867,monica16,24,Female,shari53@gmail.com,13,892.1,3.3230769230769233,68.62307692307692,Artificial Intelligence,Beginner
U01868,leslie60,27,Female,lowehector@outlook.com,2,0.0,3.025,0.0,Cybersecurity,Beginner
U01869,obennett,32,Male,cnguyen@hotmail.com,1,0.0,1.91,0.0,Cybersecurity,Intermediate
U01870,edwin11,28,Female,kblanchard@outlook.com,1,0.0,3.93,0.0,Cybersecurity,Intermediate
U01871,danielparks,21,Male,debra91@hotmail.com,14,916.53,3.2671428571428573,65.46642857142857,Data Science,Intermediate
U01872,gatesbrittany,28,Female,bobby06@outlook.com,14,2084.41,3.314285714285714,148.88642857142855,Business,Intermediate
U01873,jason10,26,Male,travischristopher@hotmail.com,1,0.0,1.28,0.0,Programming,Beginner
U01874,lancelove,15,Female,kbass@outlook.com,1,415.51,3.11,415.51,Artificial Intelligence,Intermediate
U01875,williamhardy,30,Male,ortizjoshua@gmail.com,1,285.05,1.96,285.05,Business,Beginner
U01876,pam38,17,Male,suzanne43@outlook.com,14,971.8199999999999,3.391428571428571,69.41571428571429,Programming,Beginner
U01877,elizabethmassey,19,Male,kimberlydorsey@gmail.com,12,1219.46,2.9875000000000003,101.62166666666667,Digital Marketing,Beginner
U01878,nlopez,20,Female,christopher77@yahoo.com,1,0.0,4.45,0.0,Design,Advanced
U01879,davidkemp,32,Female,jeffrey17@outlook.com,15,2367.91,2.656,157.86066666666665,Finance,Advanced
U01880,amy23,26,Female,jessica71@gmail.com,2,0.0,4.585,0.0,Design,Beginner
U01881,paulatanner,30,Male,thompsonsusan@gmail.com,1,346.71,1.23,346.71,Project Management,Advanced
U01882,amitchell,30,Female,sarah27@yahoo.com,3,95.21000000000001,3.063333333333334,31.736666666666668,Web Development,Advanced
U01883,william23,30,Female,turnershawn@gmail.com,1,490.9,4.55,490.9,Artificial Intelligence,Beginner
U01884,michelle01,20,Male,imartinez@hotmail.com,1,346.71,1.23,346.71,Project Management,Advanced
U01885,pwebb,25,Female,freyamanda@outlook.com,1,0.0,4.68,0.0,Project Management,Beginner
U01886,achavez,17,Male,monica77@hotmail.com,1,0.0,4.79,0.0,Marketing,Advanced
U01887,mcintoshdaniel,21,Female,obrown@outlook.com,1,0.0,3.65,0.0,Data Science,Beginner
U01888,jonathan59,15,Female,mmarshall@gmail.com,1,0.0,3.93,0.0,Cybersecurity,Intermediate
U01889,bradshawcarol,30,Female,sloanjeremy@outlook.com,1,0.0,2.61,0.0,Design,Advanced
U01890,scampos,18,Female,pamelaoconnell@gmail.com,1,0.0,1.59,0.0,Finance,Advanced
U01891,darylmooney,35,Female,aliciamadden@gmail.com,1,0.0,1.28,0.0,Programming,Beginner
U01892,wmurphy,16,Male,carriebarnes@hotmail.com,1,0.0,2.2,0.0,Web Development,Beginner
U01893,michaelsloan,23,Female,debra53@outlook.com,12,1298.19,2.94,108.1825,Business,Beginner
U01894,richardsonchristopher,35,Male,marksjohn@gmail.com,1,0.0,4.68,0.0,Project Management,Beginner
U01895,danieldavis,35,Female,tinaburns@gmail.com,1,0.0,3.02,0.0,Data Science,Intermediate
U01896,rjones,32,Female,schultzcharles@gmail.com,12,1720.4099999999999,3.065,143.36749999999998,Artificial Intelligence,Intermediate
U01897,adixon,15,Female,feliciawallace@yahoo.com,1,0.0,1.52,0.0,Design,Advanced
U01898,gloria83,26,Male,michaelgonzalez@hotmail.com,1,117.68,2.57,117.68,Data Science,Advanced
U01899,bwall,25,Female,combsmaria@hotmail.com,2,0.0,3.0999999999999996,0.0,Programming,Beginner
U01900,qwood,19,Male,williamschristopher@yahoo.com,11,1307.56,3.022727272727273,118.8690909090909,Artificial Intelligence,Advanced
U01901,nkim,23,Male,monique71@hotmail.com,1,0.0,1.81,0.0,Machine Learning,Advanced
U01902,parsonskathryn,30,Female,charlesbrown@gmail.com,1,57.32,4.74,57.32,Web Development,Advanced
U01903,sandersjacob,17,Female,jacqueline38@yahoo.com,13,1334.7,2.9815384615384612,102.66923076923078,Artificial Intelligence,Advanced
U01904,lambertamy,17,Male,morgandavid@gmail.com,1,487.92,3.64,487.92,Business,Advanced
U01905,suttonlaura,24,Female,paul26@outlook.com,2,490.9,2.915,245.45,Artificial Intelligence,Beginner
U01906,hporter,19,Male,debrawilliams@hotmail.com,15,1395.69,2.4353333333333333,93.046,Marketing,Beginner
U01907,hmitchell,15,Male,adamsscott@outlook.com,2,89.59,2.41,44.795,Artificial Intelligence,Beginner
U01908,elizabethjackson,19,Male,natashaclark@hotmail.com,12,888.6700000000001,3.2708333333333335,74.05583333333334,Web Development,Advanced
U01909,sjennings,25,Male,tanya76@hotmail.com,3,37.89,1.68,12.63,Machine Learning,Advanced
U01910,leah34,28,Male,ashleyclark@outlook.com,1,177.34,3.89,177.34,Digital Marketing,Advanced
U01911,ywhitaker,22,Male,kimberly21@gmail.com,1,299.57,3.74,299.57,Data Science,Beginner
U01912,fletcherdestiny,24,Female,qberger@hotmail.com,1,0.0,3.02,0.0,Data Science,Intermediate
U01913,ethan70,24,Male,qhiggins@hotmail.com,1,0.0,2.88,0.0,Programming,Beginner
U01914,ryanadkins,32,Female,christopher63@gmail.com,1,0.0,2.61,0.0,Design,Advanced
U01915,madisonwise,34,Female,salazarcindy@outlook.com,2,453.4,2.205,226.7,Artificial Intelligence,Advanced
U01916,annaliu,29,Male,autumnbest@hotmail.com,1,117.68,2.57,117.68,Data Science,Advanced
U01917,juanward,18,Female,solisadrian@yahoo.com,15,1159.54,2.9939999999999998,77.30266666666667,Data Science,Advanced
U01918,gfleming,23,Male,anthony16@hotmail.com,14,979.12,2.6207142857142856,69.93714285714286,Data Science,Advanced
U01919,kyleconway,16,Female,tonyahood@gmail.com,1,0.0,1.28,0.0,Programming,Beginner
U01920,matthewkennedy,33,Male,obriensara@yahoo.com,13,1627.8600000000001,3.0961538461538463,125.22000000000001,Data Science,Advanced
U01921,nguyenkayla,24,Male,masonedward@hotmail.com,2,0.0,3.645,0.0,Artificial Intelligence,Beginner
U01922,jjohnson,21,Male,caitlin14@gmail.com,2,0.0,3.295,0.0,Cybersecurity,Beginner
U01923,travismartin,19,Male,jessica16@hotmail.com,1,57.32,4.74,57.32,Web Development,Advanced
U01924,rhonda09,20,Male,phillip05@yahoo.com,2,89.59,3.0,44.795,Artificial Intelligence,Beginner
U01925,bgarcia,33,Male,tburns@yahoo.com,1,299.57,3.74,299.57,Data Science,Beginner
U01926,harrisbobby,26,Female,parkerstephanie@hotmail.com,13,1189.53,2.926153846153846,91.5023076923077,Machine Learning,Beginner
U01927,psummers,27,Female,qholden@outlook.com,1,0.0,3.02,0.0,Data Science,Intermediate
U01928,annehogan,33,Female,hayslisa@gmail.com,1,0.0,4.94,0.0,Cybersecurity,Beginner
U01929,jonathan04,19,Male,jeffrey72@yahoo.com,14,1057.52,2.8964285714285714,75.53714285714285,Machine Learning,Intermediate
U01930,kelleyphillip,28,Female,caleb45@yahoo.com,1,0.0,3.45,0.0,Project Management,Intermediate
U01931,bcrawford,23,Female,justin29@gmail.com,11,1270.8,2.562727272727273,115.52727272727272,Machine Learning,Beginner
U01932,reginaldaustin,25,Male,michaelpeters@outlook.com,1,415.51,3.11,415.51,Artificial Intelligence,Intermediate
U01933,baileyapril,27,Female,ellenpierce@yahoo.com,2,0.0,3.7800000000000002,0.0,Marketing,Intermediate
U01934,imoore,22,Male,turnerdebbie@outlook.com,14,1737.54,3.3214285714285716,124.11,Artificial Intelligence,Advanced
U01935,morgan05,33,Female,wilsonkevin@outlook.com,1,0.0,2.43,0.0,Programming,Intermediate
U01936,aramsey,23,Male,lnguyen@outlook.com,2,0.0,4.1850000000000005,0.0,Cybersecurity,Beginner
U01937,hcharles,21,Female,larry13@outlook.com,1,0.0,3.64,0.0,Artificial Intelligence,Beginner
U01938,cynthiakoch,33,Female,brownpatricia@gmail.com,2,490.9,4.345,245.45,Artificial Intelligence,Beginner
U01939,wayne63,35,Male,townsenddonald@yahoo.com,4,418.61,2.975,104.6525,Data Science,Intermediate
U01940,shaffertravis,16,Female,diazchristopher@hotmail.com,2,276.37,3.41,138.185,Design,Advanced
U01941,charlessullivan,26,Female,laura74@yahoo.com,1,89.59,2.68,89.59,Artificial Intelligence,Intermediate
U01942,mike82,27,Male,lindsey50@yahoo.com,1,0.0,3.45,0.0,Project Management,Intermediate
U01943,james23,17,Male,sarahscott@yahoo.com,14,1499.75,3.733571428571429,107.125,Finance,Intermediate
U01944,lisa00,19,Female,amandawarren@gmail.com,2,0.0,3.875,0.0,Data Science,Beginner
U01945,bakerkimberly,29,Female,mcclainsean@gmail.com,1,342.61,4.84,342.61,Project Management,Intermediate
U01946,oschmidt,19,Female,seanmueller@hotmail.com,1,0.0,1.73,0.0,Machine Learning,Intermediate
U01947,gilmorebrent,27,Female,jeremynavarro@yahoo.com,1,0.0,4.1,0.0,Finance,Intermediate
U01948,keith04,33,Female,kimberlyroberts@hotmail.com,1,276.37,2.72,276.37,Design,Advanced
U01949,iwest,19,Male,clayton00@outlook.com,1,0.0,1.73,0.0,Machine Learning,Intermediate
U01950,juarezkatherine,29,Male,jeanne26@outlook.com,2,0.0,1.8699999999999999,0.0,Machine Learning,Advanced
U01951,tara17,19,Female,alexissimmons@yahoo.com,3,0.0,3.3333333333333335,0.0,Cybersecurity,Beginner
U01952,williamscaleb,15,Female,austin19@hotmail.com,2,0.0,1.8699999999999999,0.0,Design,Advanced
U01953,stevenfox,19,Male,amyhorne@outlook.com,15,1263.45,3.4553333333333334,84.23,Data Science,Intermediate
U01954,ujoyce,35,Male,moransusan@gmail.com,1,0.0,3.32,0.0,Web Development,Beginner
U01955,ochoaphillip,29,Female,theresa83@yahoo.com,1,0.0,4.14,0.0,Finance,Beginner
U01956,jlong,34,Male,billyanderson@outlook.com,1,0.0,2.88,0.0,Programming,Beginner
U01957,carl93,30,Male,stephaniedougherty@outlook.com,1,0.0,4.79,0.0,Marketing,Advanced
U01958,elopez,16,Male,william09@yahoo.com,12,1580.86,3.1658333333333335,131.73833333333332,Finance,Advanced
U01959,sandrarogers,26,Female,ykelly@gmail.com,12,1347.93,3.0725,112.3275,Cybersecurity,Advanced
U01960,molinacarly,19,Female,fernando50@gmail.com,1,326.02,2.69,326.02,Business,Intermediate
U01961,jordancole,30,Male,douglas62@gmail.com,14,914.14,3.02,65.29571428571428,Project Management,Beginner
U01962,ramosvalerie,19,Male,jonathan98@hotmail.com,11,1558.3899999999999,3.3654545454545457,141.67181818181817,Design,Beginner
U01963,pricejessica,30,Male,josebell@gmail.com,1,327.99,1.51,327.99,Project Management,Beginner
U01964,mayandrea,32,Male,nmoore@hotmail.com,4,276.37,3.2125,69.0925,Data Science,Advanced
U01965,ppham,19,Female,sellerswilliam@yahoo.com,1,0.0,4.1,0.0,Finance,Intermediate
U01966,lthornton,25,Female,bethany09@outlook.com,4,576.09,1.88,144.0225,Artificial Intelligence,Beginner
U01967,jamespoole,27,Female,gabrielladavis@outlook.com,1,0.0,1.91,0.0,Cybersecurity,Intermediate
U01968,riveralisa,30,Female,ruizmark@gmail.com,2,415.51,3.7750000000000004,207.755,Artificial Intelligence,Beginner
U01969,beckkim,26,Male,carolynweeks@hotmail.com,1,248.1,1.2,248.1,Artificial Intelligence,Beginner
U01970,janetsnyder,16,Female,kimberly01@hotmail.com,2,0.0,3.465,0.0,Digital Marketing,Advanced
U01971,davidsmith,17,Female,todd55@outlook.com,1,0.0,4.79,0.0,Marketing,Advanced
U01972,jennifer19,18,Male,mollybaker@outlook.com,1,0.0,3.85,0.0,Programming,Beginner
U01973,parsonsdeanna,30,Male,tparrish@hotmail.com,1,0.0,2.43,0.0,Programming,Intermediate
U01974,ashley84,31,Female,vjohnson@gmail.com,2,490.9,4.5,245.45,Artificial Intelligence,Advanced
U01975,brendabaker,29,Male,smithguy@outlook.com,1,394.26,1.35,394.26,Cybersecurity,Intermediate
U01976,pfinley,24,Male,cmosley@gmail.com,1,0.0,4.73,0.0,Machine Learning,Intermediate
U01977,jesseaguilar,32,Male,donnajames@gmail.com,2,89.59,2.3449999999999998,44.795,Artificial Intelligence,Advanced
U01978,ballardjulie,26,Male,stephensullivan@gmail.com,1,89.59,2.68,89.59,Artificial Intelligence,Intermediate
U01979,jerry02,25,Female,whitecasey@yahoo.com,12,1259.32,2.4908333333333332,104.94333333333333,Business,Beginner
U01980,zsanchez,15,Female,trevorleonard@outlook.com,1,0.0,4.1,0.0,Finance,Intermediate
U01981,zreed,27,Female,stephaniethornton@outlook.com,1,0.0,3.6,0.0,Data Science,Intermediate
U01982,znelson,35,Female,jeffreycarpenter@gmail.com,1,276.37,2.72,276.37,Design,Advanced
U01983,hrosales,29,Female,garrettbarbara@yahoo.com,1,53.86,2.47,53.86,Finance,Beginner
U01984,adamlewis,15,Female,melissa46@hotmail.com,1,0.0,2.14,0.0,Digital Marketing,Beginner
U01985,wrightjonathan,22,Female,rfoster@gmail.com,1,0.0,3.32,0.0,Web Development,Beginner
U01986,victor49,29,Female,steven68@gmail.com,1,346.71,1.23,346.71,Project Management,Advanced
U01987,ashleyhodges,15,Male,xanderson@outlook.com,13,1332.16,3.0484615384615386,102.47384615384615,Business,Beginner
U01988,thompsontyler,17,Female,rcase@hotmail.com,1,490.9,4.55,490.9,Artificial Intelligence,Beginner
U01989,erica39,26,Female,lauradelacruz@hotmail.com,13,822.52,3.163846153846154,63.27076923076923,Finance,Advanced
U01990,mcdonaldnancy,16,Male,robertsdavid@hotmail.com,2,0.0,3.07,0.0,Business,Advanced
U01991,aliciavance,16,Female,paul27@outlook.com,3,363.90999999999997,1.8366666666666667,121.30333333333333,Business,Advanced
U01992,cruzraymond,18,Male,scott44@yahoo.com,2,346.71,2.34,173.355,Project Management,Advanced
U01993,bradley00,23,Female,markclark@yahoo.com,14,1263.01,2.9014285714285712,90.215,Finance,Beginner
U01994,cameronwilliams,20,Female,wesley31@gmail.com,11,1198.07,3.241818181818182,108.91545454545454,Artificial Intelligence,Beginner
U01995,evansmarie,35,Female,brianlane@hotmail.com,1,0.0,1.81,0.0,Machine Learning,Advanced
U01996,brianlittle,29,Female,matthew92@hotmail.com,1,394.26,1.35,394.26,Cybersecurity,Intermediate
U01997,melissa23,16,Male,ztaylor@gmail.com,1,346.71,1.23,346.71,Project Management,Advanced
U01998,christopher36,23,Male,courtney73@outlook.com,15,1587.13,2.9013333333333335,105.80866666666667,Cybersecurity,Intermediate
U01999,marissa62,17,Female,vbowen@yahoo.com,2,906.41,3.83,453.205,Artificial Intelligence,Beginner
U02000,kathryn80,32,Male,john49@outlook.com,2,57.32,3.13,28.66,Design,Advanced
U02001,kimberlywilliams,30,Male,mark43@outlook.com,1,0.0,1.81,0.0,Machine Learning,Advanced
U02002,qturner,23,Female,williamyoung@gmail.com,1,0.0,4.73,0.0,Machine Learning,Intermediate
U02003,ledanielle,31,Male,jeremybrooks@gmail.com,4,490.9,3.4,122.725,Artificial Intelligence,Advanced
U02004,zdavidson,27,Male,wgill@hotmail.com,1,342.61,4.84,342.61,Project Management,Intermediate
U02005,smithjonathan,27,Male,ganderson@outlook.com,1,0.0,4.14,0.0,Finance,Beginner
U02006,mccoysarah,34,Male,alan64@gmail.com,1,0.0,1.91,0.0,Cybersecurity,Intermediate
U02007,cassieharper,25,Female,dawsonandrew@hotmail.com,1,0.0,4.14,0.0,Finance,Beginner
U02008,mallory85,25,Male,donnamacdonald@yahoo.com,1,0.0,4.11,0.0,Marketing,Intermediate
U02009,singhtracy,34,Male,joshua71@hotmail.com,1,299.57,3.74,299.57,Data Science,Beginner
U02010,harveygregory,31,Male,pricesavannah@gmail.com,14,1880.52,3.4785714285714286,134.32285714285715,Digital Marketing,Beginner
U02011,lindsaysteele,27,Male,katherinehenson@outlook.com,1,0.0,3.32,0.0,Web Development,Beginner
U02012,laurahendricks,17,Female,paul34@outlook.com,1,37.89,1.3,37.89,Web Development,Advanced
U02013,yjoseph,29,Female,john33@gmail.com,2,0.0,4.045,0.0,Artificial Intelligence,Advanced
U02014,andrewyoung,23,Female,bbarnett@yahoo.com,3,54.64,3.766666666666667,18.213333333333335,Cybersecurity,Beginner
U02015,christopherrobinson,30,Male,kennethsantiago@yahoo.com,14,1209.15,3.267142857142857,86.36785714285715,Cybersecurity,Beginner
U02016,wlee,25,Male,zbrooks@hotmail.com,1,0.0,3.64,0.0,Artificial Intelligence,Beginner
U02017,kimberlygriffin,22,Female,brittany31@gmail.com,2,53.86,3.16,26.93,Finance,Beginner
U02018,melissaedwards,35,Male,xbraun@yahoo.com,1,0.0,1.28,0.0,Programming,Beginner
U02019,schwartzandrew,25,Female,robert67@yahoo.com,3,269.71,3.736666666666667,89.90333333333332,Web Development,Advanced
U02020,davidmorse,18,Male,edward77@yahoo.com,1,0.0,1.13,0.0,Machine Learning,Beginner
U02021,ashleygonzales,25,Female,ytanner@hotmail.com,1,0.0,2.38,0.0,Cybersecurity,Advanced
U02022,thomasmichelle,27,Female,scott77@outlook.com,11,958.29,2.5536363636363637,87.11727272727272,Programming,Beginner
U02023,savery,31,Female,richard67@hotmail.com,2,0.0,3.165,0.0,Programming,Beginner
U02024,paulmccullough,24,Female,brentjohnson@yahoo.com,2,0.0,3.22,0.0,Business,Advanced
U02025,juliesnyder,21,Male,ulopez@gmail.com,1,276.37,2.72,276.37,Design,Advanced
U02026,danielle92,19,Female,amyrobinson@outlook.com,1,0.0,1.13,0.0,Machine Learning,Beginner
U02027,tami42,28,Male,steven35@outlook.com,1,0.0,2.14,0.0,Digital Marketing,Beginner
U02028,mariejohnson,35,Female,markjacobs@gmail.com,2,0.0,2.6399999999999997,0.0,Design,Advanced
U02029,haynesscott,28,Male,jillian99@yahoo.com,1,342.61,4.84,342.61,Project Management,Intermediate
U02030,brenda53,28,Female,jessica38@yahoo.com,1,117.68,2.57,117.68,Data Science,Advanced
U02031,simmonsmartin,20,Male,crystal76@yahoo.com,2,119.04,1.94,59.52,Finance,Beginner
U02032,nwebb,17,Male,kimberlysmith@yahoo.com,2,0.0,3.06,0.0,Project Management,Advanced
U02033,jasmineharris,25,Male,goodwinmichael@outlook.com,1,0.0,2.98,0.0,Marketing,Advanced
U02034,garrettjenkins,31,Female,stevensadam@hotmail.com,1,117.68,2.57,117.68,Data Science,Advanced
U02035,andersondavid,32,Male,johnsonrobert@outlook.com,15,1531.93,2.872,102.12866666666667,Business,Advanced
U02036,james18,26,Male,lindsey11@yahoo.com,2,89.59,2.245,44.795,Artificial Intelligence,Advanced
U02037,wmacias,18,Female,parkerdylan@hotmail.com,2,327.99,2.8049999999999997,163.995,Finance,Beginner
U02038,leonardcalvin,32,Female,clarkcameron@yahoo.com,11,519.95,3.689090909090909,47.26818181818182,Project Management,Advanced
U02039,tonyoliver,29,Male,virginia52@outlook.com,13,1893.39,3.3876923076923076,145.64538461538461,Artificial Intelligence,Beginner
U02040,uphillips,30,Male,parksalyssa@yahoo.com,1,0.0,3.6,0.0,Data Science,Intermediate
U02041,hbarnes,34,Male,leesteven@gmail.com,3,37.89,2.54,12.63,Design,Advanced
U02042,downsjulian,32,Female,gabriel66@gmail.com,1,0.0,3.45,0.0,Project Management,Intermediate
U02043,patelrebekah,23,Female,novakmark@outlook.com,1,0.0,3.15,0.0,Business,Advanced
U02044,marilynglover,24,Female,james43@gmail.com,2,0.0,3.89,0.0,Cybersecurity,Beginner
U02045,butlermichael,28,Female,bbolton@yahoo.com,1,0.78,3.89,0.78,Machine Learning,Advanced
U02046,nicole90,17,Male,moorerachel@gmail.com,1,0.0,3.32,0.0,Web Development,Beginner
U02047,mark74,18,Female,erin97@yahoo.com,1,0.0,4.68,0.0,Project Management,Beginner
U02048,amypayne,19,Female,jasminewarner@outlook.com,1,89.59,2.68,89.59,Artificial Intelligence,Intermediate
U02049,dfitzgerald,22,Male,andrew00@gmail.com,1,248.1,1.2,248.1,Artificial Intelligence,Beginner
U02050,lcrawford,28,Male,williamlowe@hotmail.com,3,0.0,2.6633333333333336,0.0,Data Science,Beginner
U02051,nielsenannette,31,Female,larabrian@hotmail.com,1,342.61,4.84,342.61,Project Management,Intermediate
U02052,whitneylee,21,Male,wongmichael@gmail.com,2,772.97,2.8,386.485,Business,Advanced
U02053,crystal60,19,Female,sean60@hotmail.com,1,0.0,2.0,0.0,Business,Advanced
U02054,lmcbride,23,Male,tbell@gmail.com,2,0.0,2.3150000000000004,0.0,Programming,Beginner
U02055,jose80,33,Female,joseph52@hotmail.com,14,1958.82,3.125,139.91571428571427,Business,Advanced
U02056,smithjamie,35,Female,lwilson@outlook.com,1,0.0,1.59,0.0,Finance,Advanced
U02057,timothy68,16,Male,romerochristy@gmail.com,2,0.0,2.775,0.0,Artificial Intelligence,Beginner
U02058,kathleenhernandez,16,Male,john36@hotmail.com,13,1253.57,3.017692307692308,96.42846153846153,Artificial Intelligence,Beginner
U02059,gbanks,20,Female,johnsonjimmy@hotmail.com,1,0.0,2.98,0.0,Marketing,Advanced
U02060,johnnybennett,31,Female,natalie42@hotmail.com,3,0.0,3.2099999999999995,0.0,Data Science,Advanced
U02061,cohenbeth,25,Female,blake71@outlook.com,1,117.68,2.57,117.68,Data Science,Advanced
U02062,martin27,35,Male,mlittle@yahoo.com,1,0.0,2.38,0.0,Cybersecurity,Advanced
U02063,hmcdonald,26,Male,zbullock@gmail.com,2,37.89,1.4100000000000001,18.945,Design,Advanced
U02064,debra55,35,Male,xford@gmail.com,15,2068.0,3.108,137.86666666666667,Artificial Intelligence,Beginner
U02065,mary34,20,Male,sandersvirginia@outlook.com,2,0.0,2.195,0.0,Cybersecurity,Advanced
U02066,adamcamacho,18,Male,qhammond@outlook.com,1,0.0,4.73,0.0,Machine Learning,Intermediate
U02067,kinglaurie,26,Female,abradford@hotmail.com,1,0.0,3.6,0.0,Data Science,Intermediate
U02068,harperjoshua,15,Male,william40@gmail.com,13,1233.26,3.433076923076923,94.86615384615385,Programming,Beginner
U02069,cassandra76,18,Male,davidweber@gmail.com,1,0.0,3.6,0.0,Data Science,Intermediate
U02070,jeffreypham,31,Female,imarquez@gmail.com,1,342.61,4.84,342.61,Project Management,Intermediate
U02071,stevensvalerie,24,Male,matthewmcmillan@outlook.com,13,906.51,3.3,69.73153846153846,Artificial Intelligence,Intermediate
U02072,williammarsh,16,Male,rsmith@hotmail.com,1,0.0,2.01,0.0,Marketing,Advanced
U02073,parkertara,19,Female,markjohnson@yahoo.com,2,37.89,2.45,18.945,Data Science,Advanced
U02074,sburns,27,Female,danieltucker@gmail.com,14,1691.76,2.7935714285714286,120.84,Data Science,Beginner
U02075,stephaniechavez,26,Male,powellelizabeth@outlook.com,1,0.0,4.1,0.0,Finance,Intermediate
U02076,gardnershane,24,Female,monicagreer@outlook.com,1,0.0,2.61,0.0,Design,Advanced
U02077,singhalbert,24,Male,jmorse@hotmail.com,14,856.78,3.0635714285714286,61.19857142857143,Web Development,Beginner
U02078,diamondgonzalez,34,Female,rayanthony@hotmail.com,2,342.37,3.35,171.185,Business,Advanced
U02079,briancoleman,29,Female,xmeyer@yahoo.com,1,0.0,1.91,0.0,Cybersecurity,Intermediate
U02080,obrandt,33,Male,patrick16@gmail.com,2,833.51,4.695,416.755,Artificial Intelligence,Beginner
U02081,carmenbrooks,19,Female,jenkinsevan@gmail.com,2,119.04,2.135,59.52,Design,Advanced
U02082,richard11,26,Female,natalie18@hotmail.com,1,0.0,2.2,0.0,Web Development,Beginner
U02083,bakertyler,27,Female,nathanburch@gmail.com,2,487.92,2.92,243.96,Business,Advanced
U02084,ashley58,21,Female,deborahsanders@yahoo.com,3,0.78,3.476666666666667,0.26,Machine Learning,Intermediate
U02085,sshaffer,22,Female,norrisdiana@outlook.com,1,0.0,1.52,0.0,Design,Advanced
U02086,xrussell,30,Male,oduran@outlook.com,2,342.61,4.22,171.305,Data Science,Intermediate
U02087,stonewalter,28,Female,cburke@hotmail.com,1,0.0,4.68,0.0,Project Management,Beginner
U02088,amandacardenas,18,Female,huffmanpaul@gmail.com,1,0.0,4.11,0.0,Marketing,Intermediate
U02089,dannyrosario,16,Female,martinstephanie@gmail.com,1,0.0,3.64,0.0,Artificial Intelligence,Beginner
U02090,kennethhughes,22,Female,pstuart@outlook.com,1,0.0,3.65,0.0,Data Science,Beginner
U02091,bianca39,27,Male,allendavid@yahoo.com,3,37.89,1.4466666666666665,12.63,Cybersecurity,Advanced
U02092,tiffany14,25,Female,martineric@yahoo.com,1,89.59,2.68,89.59,Artificial Intelligence,Intermediate
U02093,joshua56,18,Male,christopherthompson@yahoo.com,2,248.1,2.8200000000000003,124.05,Artificial Intelligence,Beginner
U02094,wrightstephanie,24,Female,jonathangarcia@gmail.com,11,394.26,3.0090909090909093,35.841818181818184,Cybersecurity,Beginner
U02095,ngeorge,32,Female,yfry@yahoo.com,1,119.04,2.75,119.04,Finance,Intermediate
U02096,jprice,31,Male,salinasdaniel@yahoo.com,13,815.44,3.646153846153846,62.72615384615385,Machine Learning,Intermediate
U02097,jeannecole,15,Female,jacksonaaron@outlook.com,2,327.99,3.01,163.995,Design,Beginner
U02098,grahamdouglas,25,Male,timothywoods@yahoo.com,13,1137.72,2.5907692307692307,87.51692307692308,Business,Advanced
U02099,christopher01,21,Female,joshua64@yahoo.com,1,394.26,1.35,394.26,Cybersecurity,Intermediate
U02100,francisholly,15,Female,dacosta@gmail.com,1,248.1,1.2,248.1,Artificial Intelligence,Beginner
U02101,paynecourtney,27,Male,jenkinschristina@gmail.com,1,37.89,1.3,37.89,Web Development,Advanced
U02102,richardsingh,20,Female,luis72@gmail.com,3,0.0,3.546666666666667,0.0,Cybersecurity,Intermediate
U02103,wwalker,33,Male,harrisadam@outlook.com,3,472.28,4.076666666666667,157.42666666666665,Programming,Beginner
U02104,billjones,15,Male,fwilliams@yahoo.com,1,0.0,3.6,0.0,Data Science,Intermediate
U02105,kbrown,32,Female,amcgrath@outlook.com,1,394.26,1.35,394.26,Cybersecurity,Intermediate
U02106,ryan68,28,Female,davidsonjennifer@yahoo.com,1,0.0,2.38,0.0,Cybersecurity,Advanced
U02107,izimmerman,31,Male,torresmichelle@gmail.com,2,0.0,2.615,0.0,Artificial Intelligence,Advanced
U02108,cesar18,27,Female,rebeccakent@yahoo.com,1,0.0,1.13,0.0,Machine Learning,Beginner
U02109,monicayoung,23,Male,logan02@hotmail.com,1,0.0,2.67,0.0,Web Development,Advanced
U02110,nathaniel05,25,Male,hdelgado@yahoo.com,1,276.37,2.72,276.37,Design,Advanced
U02111,amandamorris,21,Male,washingtonamy@outlook.com,1,0.0,3.93,0.0,Cybersecurity,Intermediate
U02112,edwin13,22,Female,karen97@gmail.com,2,0.0,4.165,0.0,Data Science,Beginner
U02113,johnrangel,28,Female,mendezchristopher@yahoo.com,2,327.99,2.48,163.995,Project Management,Beginner
U02114,stuartriley,32,Male,hudsonheather@gmail.com,1,0.0,2.14,0.0,Digital Marketing,Beginner
U02115,sharon51,18,Male,martinkaren@outlook.com,1,0.0,1.13,0.0,Machine Learning,Beginner
U02116,frank20,32,Female,osherman@yahoo.com,1,342.61,4.84,342.61,Project Management,Intermediate
U02117,rknight,31,Male,fletchermatthew@outlook.com,1,0.0,2.88,0.0,Programming,Beginner
U02118,travis60,27,Male,jrichardson@yahoo.com,1,0.0,3.85,0.0,Programming,Beginner
U02119,cookecurtis,24,Female,oneillmario@outlook.com,1,0.0,1.91,0.0,Cybersecurity,Intermediate
U02120,garyhaley,19,Male,sanchezashley@outlook.com,2,89.59,2.295,44.795,Artificial Intelligence,Intermediate
U02121,pinedaamanda,16,Female,michelle69@hotmail.com,1,415.51,3.11,415.51,Artificial Intelligence,Intermediate
U02122,millerjocelyn,32,Female,randolphgina@outlook.com,2,0.0,4.5649999999999995,0.0,Design,Advanced
U02123,oneillcarolyn,32,Male,sjimenez@gmail.com,2,415.51,3.6049999999999995,207.755,Artificial Intelligence,Intermediate
U02124,smithtony,15,Female,emccoy@gmail.com,1,0.0,3.32,0.0,Web Development,Beginner
U02125,hsharp,31,Female,sarah08@outlook.com,13,1813.93,3.108461538461538,139.53307692307692,Artificial Intelligence,Advanced
U02126,pholland,22,Female,matthewmoyer@yahoo.com,1,0.0,1.73,0.0,Machine Learning,Intermediate
U02127,kelleyeric,21,Female,barberwilliam@outlook.com,2,0.0,3.0650000000000004,0.0,Cybersecurity,Beginner
U02128,caleb55,30,Male,jasonthomas@hotmail.com,1,0.0,1.52,0.0,Design,Advanced
U02129,woodholly,20,Female,burnstim@outlook.com,2,0.0,3.66,0.0,Digital Marketing,Beginner
U02130,kristen77,19,Male,kelli90@outlook.com,1,212.39,3.15,212.39,Digital Marketing,Advanced
U02131,nathan19,27,Female,karamcgee@outlook.com,1,0.0,2.14,0.0,Digital Marketing,Beginner
U02132,kochjennifer,20,Female,katherinemarshall@hotmail.com,2,0.0,3.585,0.0,Programming,Beginner
U02133,hwalker,21,Male,epatterson@outlook.com,2,0.78,4.17,0.39,Design,Advanced
U02134,ethomas,31,Female,lee15@yahoo.com,1,0.0,4.14,0.0,Finance,Beginner
U02135,heather03,31,Male,jacqueline17@yahoo.com,1,0.0,4.14,0.0,Finance,Beginner
U02136,patrick78,33,Male,yhicks@gmail.com,1,0.0,3.15,0.0,Business,Advanced
U02137,debra52,30,Male,vthomas@hotmail.com,1,285.05,1.96,285.05,Business,Beginner
U02138,inixon,19,Female,kathrynshields@yahoo.com,2,490.9,3.1799999999999997,245.45,Artificial Intelligence,Advanced
U02139,jorgejohnson,23,Male,christophergilbert@gmail.com,1,0.78,3.89,0.78,Machine Learning,Advanced
U02140,lisahoward,21,Female,manuelbailey@yahoo.com,1,326.02,2.69,326.02,Business,Intermediate
U02141,morrisonanthony,17,Male,gmartinez@hotmail.com,2,276.37,3.41,138.185,Design,Advanced
U02142,srose,26,Female,beandawn@outlook.com,4,212.39,3.1525,53.0975,Cybersecurity,Advanced
U02143,harveymarie,24,Male,davidrobinson@gmail.com,3,155.57,1.9266666666666665,51.85666666666666,Cybersecurity,Advanced
U02144,isaiah46,15,Male,larrygray@gmail.com,14,1768.1100000000001,3.064285714285714,126.29357142857144,Artificial Intelligence,Intermediate
U02145,jeffreymartin,16,Female,johnsonrebecca@yahoo.com,1,0.0,2.67,0.0,Web Development,Advanced
U02146,denise68,17,Male,sharon71@gmail.com,1,0.0,2.01,0.0,Marketing,Advanced
U02147,ernestshaw,33,Male,pyoung@hotmail.com,15,1788.0,3.0973333333333333,119.2,Web Development,Intermediate
U02148,criley,31,Female,laurensutton@hotmail.com,1,346.71,1.23,346.71,Project Management,Advanced
U02149,yking,21,Female,davisjulie@outlook.com,15,1208.6599999999999,3.4459999999999997,80.57733333333333,Cybersecurity,Advanced
U02150,blogan,16,Female,haleyclayton@outlook.com,1,0.0,1.91,0.0,Cybersecurity,Intermediate
U02151,jennifer75,18,Female,gschroeder@gmail.com,13,2232.52,3.48,171.7323076923077,Artificial Intelligence,Beginner
U02152,foxryan,35,Female,vodonnell@outlook.com,13,2323.13,3.1138461538461537,178.7023076923077,Project Management,Beginner
U02153,hallchristopher,18,Female,michael98@gmail.com,13,1672.28,2.9407692307692304,128.63692307692307,Data Science,Beginner
U02154,david23,16,Male,lisa13@gmail.com,3,837.6099999999999,3.503333333333334,279.2033333333333,Artificial Intelligence,Advanced
U02155,antonio50,16,Female,mariahamilton@gmail.com,14,623.14,2.9678571428571425,44.51,Data Science,Beginner
U02156,christine62,34,Female,melissa26@hotmail.com,1,0.0,3.6,0.0,Data Science,Intermediate
U02157,nschmidt,29,Male,aprilpeters@yahoo.com,3,0.0,4.386666666666667,0.0,Artificial Intelligence,Advanced
U02158,wwhitney,17,Female,spearsjennifer@gmail.com,4,748.65,3.1725000000000003,187.1625,Design,Beginner
U02159,gibsonmariah,29,Female,ericsantana@outlook.com,2,327.99,3.085,163.995,Digital Marketing,Beginner
U02160,brenda07,21,Female,emily02@yahoo.com,1,0.0,2.01,0.0,Marketing,Advanced
U02161,blewis,23,Female,michelle01@outlook.com,14,822.39,3.3264285714285715,58.74214285714286,Design,Advanced
U02162,tsims,25,Male,dcobb@yahoo.com,1,0.0,2.14,0.0,Digital Marketing,Beginner
U02163,kennedydavid,29,Male,colecarlos@hotmail.com,1,0.0,2.2,0.0,Web Development,Beginner
U02164,robert57,25,Female,lchoi@gmail.com,1,0.0,3.85,0.0,Programming,Beginner
U02165,juan87,18,Male,lisa36@yahoo.com,1,0.0,2.67,0.0,Web Development,Advanced
U02166,xcardenas,27,Male,andrew79@yahoo.com,1,0.0,1.13,0.0,Machine Learning,Beginner
U02167,thomaswhitney,25,Female,jacksonjennifer@outlook.com,3,342.61,3.1966666666666668,114.20333333333333,Data Science,Intermediate
U02168,david71,34,Male,bowmancaitlin@yahoo.com,1,0.0,4.14,0.0,Finance,Beginner
U02169,patricia11,32,Female,rojasmichael@yahoo.com,1,0.0,1.91,0.0,Cybersecurity,Intermediate
U02170,joshuasmith,24,Male,steven49@hotmail.com,1,472.28,4.74,472.28,Programming,Beginner
U02171,andersontina,31,Male,mortondana@hotmail.com,2,57.32,4.195,28.66,Data Science,Advanced
U02172,fuentesmaxwell,34,Male,valerie27@yahoo.com,1,0.0,2.98,0.0,Marketing,Advanced
U02173,perezrenee,22,Female,cswanson@gmail.com,1,326.02,2.69,326.02,Business,Intermediate
U02174,hornanthony,17,Female,ariasjessica@gmail.com,14,1787.88,3.0914285714285716,127.7057142857143,Artificial Intelligence,Intermediate
U02175,lmurray,15,Female,aguilarcatherine@hotmail.com,2,0.0,2.9749999999999996,0.0,Finance,Advanced
U02176,yglover,23,Male,andradejason@outlook.com,1,117.68,2.57,117.68,Data Science,Advanced
U02177,xherrera,35,Male,tanya49@hotmail.com,1,472.28,4.74,472.28,Programming,Beginner
U02178,kellymontoya,21,Female,tannerhopkins@hotmail.com,1,0.0,3.93,0.0,Cybersecurity,Intermediate
U02179,rachel77,27,Female,dillonbradley@gmail.com,2,0.0,2.705,0.0,Marketing,Advanced
U02180,mhuerta,31,Female,turneralexandra@gmail.com,4,0.0,2.27,0.0,Business,Advanced
U02181,hbates,27,Female,johnwebb@outlook.com,2,342.61,3.49,171.305,Digital Marketing,Beginner
U02182,maria47,29,Male,bradley99@hotmail.com,2,0.0,2.8,0.0,Business,Advanced
U02183,ronald54,19,Male,scottbrooke@hotmail.com,1,117.68,2.57,117.68,Data Science,Advanced
U02184,whiteheidi,20,Female,brittney48@gmail.com,2,177.34,3.77,88.67,Data Science,Advanced
U02185,forbessherry,16,Male,rodgerscynthia@yahoo.com,2,0.0,4.585,0.0,Design,Beginner
U02186,zmueller,29,Male,rwilliams@gmail.com,4,363.90999999999997,2.665,90.97749999999999,Business,Intermediate
U02187,josephperry,21,Male,bishoptiffany@gmail.com,2,57.32,4.735,28.66,Machine Learning,Advanced
U02188,littlejulie,17,Female,jamesrusso@yahoo.com,1,0.0,1.28,0.0,Programming,Beginner
U02189,angela86,18,Male,billygibson@hotmail.com,1,0.0,4.94,0.0,Cybersecurity,Beginner
U02190,sarah34,19,Male,justin83@gmail.com,4,453.4,2.835,113.35,Web Development,Intermediate
U02191,potterjessica,24,Male,vicki84@outlook.com,4,37.89,2.3275,9.4725,Programming,Beginner
U02192,agonzalez,22,Female,patriciasexton@outlook.com,2,0.0,3.37,0.0,Machine Learning,Advanced
U02193,matthew54,20,Male,harmonjill@gmail.com,2,0.0,4.69,0.0,Cybersecurity,Beginner
U02194,rhodeskimberly,18,Male,david53@yahoo.com,2,790.47,4.145,395.235,Artificial Intelligence,Beginner
U02195,stoneamy,27,Female,sherry47@outlook.com,1,0.0,2.0,0.0,Business,Advanced
U02196,mirandacooper,31,Female,brian28@hotmail.com,1,248.1,1.2,248.1,Artificial Intelligence,Beginner
U02197,mortontheresa,24,Female,katherine61@yahoo.com,2,0.0,4.76,0.0,Machine Learning,Advanced
U02198,danielhoffman,17,Female,guerrerowilliam@yahoo.com,2,0.0,1.77,0.0,Machine Learning,Advanced
U02199,qball,27,Male,tchambers@hotmail.com,12,841.2900000000001,2.9525,70.1075,Finance,Advanced
U02200,michaelfuentes,23,Male,richard59@yahoo.com,2,618.98,3.7800000000000002,309.49,Design,Advanced
U02201,lauriealexander,20,Male,michaela21@outlook.com,1,326.02,2.69,326.02,Business,Intermediate
U02202,yallen,28,Male,tracy94@gmail.com,1,0.0,4.73,0.0,Machine Learning,Intermediate
U02203,jeffreymartinez,31,Female,gonzalezashley@gmail.com,1,0.0,4.94,0.0,Cybersecurity,Beginner
U02204,danny36,16,Female,qmoss@gmail.com,1,327.99,1.51,327.99,Project Management,Beginner
U02205,amiddleton,34,Female,brandon03@hotmail.com,1,0.0,3.65,0.0,Data Science,Beginner
U02206,evansnicole,31,Male,hannahmurray@outlook.com,3,0.0,3.5866666666666664,0.0,Data Science,Intermediate
U02207,sandramarshall,33,Female,crystalroberts@outlook.com,1,0.0,2.0,0.0,Business,Advanced
U02208,ssanders,30,Male,michael60@hotmail.com,2,327.99,2.245,163.995,Marketing,Advanced
U02209,vmitchell,24,Male,eric25@yahoo.com,1,0.0,2.2,0.0,Web Development,Beginner
U02210,yvonnemcguire,33,Male,jessica81@yahoo.com,1,0.0,4.79,0.0,Marketing,Advanced
U02211,ericreynolds,23,Male,pcole@yahoo.com,1,0.0,4.11,0.0,Marketing,Intermediate
U02212,jeffrey00,33,Male,wilsoncrystal@yahoo.com,15,1164.95,2.9093333333333335,77.66333333333334,Data Science,Beginner
U02213,walterwalker,17,Male,carolineoconnell@hotmail.com,1,342.61,4.84,342.61,Project Management,Intermediate
U02214,prestonerik,20,Female,hubbarderic@yahoo.com,4,322.94,2.6975000000000002,80.735,Business,Beginner
U02215,robertsonjessica,32,Male,xferguson@hotmail.com,11,595.5899999999999,3.1072727272727274,54.144545454545444,Finance,Advanced
U02216,garciamitchell,26,Female,robert46@yahoo.com,2,89.59,2.915,44.795,Artificial Intelligence,Advanced
U02217,williamsmichael,21,Male,ygarcia@hotmail.com,14,722.87,2.8850000000000002,51.63357142857143,Business,Advanced
U02218,duffymegan,17,Male,tammy52@outlook.com,1,0.0,2.98,0.0,Marketing,Advanced
U02219,benjaminsmith,29,Male,megan60@yahoo.com,1,0.0,2.43,0.0,Programming,Intermediate
U02220,kathyrobertson,30,Male,jonessarah@yahoo.com,1,472.28,4.74,472.28,Programming,Beginner
U02221,christopher46,19,Female,pmcdowell@hotmail.com,1,0.0,4.72,0.0,Marketing,Intermediate
U02222,pamelajones,23,Male,brandy63@yahoo.com,1,394.26,1.35,394.26,Cybersecurity,Intermediate
U02223,wardapril,22,Female,westdana@hotmail.com,1,0.0,4.14,0.0,Finance,Beginner
U02224,mbowman,18,Female,jamieclark@hotmail.com,13,772.15,2.778461538461538,59.396153846153844,Artificial Intelligence,Advanced
U02225,michaelgriffin,33,Female,wjones@hotmail.com,2,119.04,2.33,59.52,Cybersecurity,Intermediate
U02226,gjones,20,Female,xwatkins@hotmail.com,2,490.9,3.035,245.45,Artificial Intelligence,Advanced
U02227,tranrobert,21,Female,nicole94@outlook.com,1,394.26,1.35,394.26,Cybersecurity,Intermediate
U02228,mwheeler,19,Male,eduncan@outlook.com,2,0.0,3.9749999999999996,0.0,Finance,Beginner
U02229,rosejessica,34,Female,harrisdebra@yahoo.com,2,0.0,2.88,0.0,Cybersecurity,Beginner
U02230,josephgonzalez,32,Female,ashley10@gmail.com,1,0.0,4.1,0.0,Finance,Intermediate
U02231,josephwilliams,20,Male,qfields@hotmail.com,13,817.99,3.338461538461538,62.92230769230769,Data Science,Beginner
U02232,emanning,26,Female,dbond@gmail.com,1,0.0,1.52,0.0,Design,Advanced
U02233,richardpadilla,28,Male,zsmith@outlook.com,2,299.57,4.09,149.785,Data Science,Beginner
U02234,toddrodriguez,31,Female,sean23@hotmail.com,1,0.0,1.59,0.0,Finance,Advanced
U02235,micheal11,15,Female,melissa00@gmail.com,2,337.46,2.52,168.73,Data Science,Advanced
U02236,ule,24,Female,brownlacey@gmail.com,1,0.0,1.73,0.0,Machine Learning,Intermediate
U02237,joshua94,16,Male,sfrank@gmail.com,1,0.0,4.94,0.0,Cybersecurity,Beginner
U02238,perezmisty,19,Female,thomaschandler@yahoo.com,1,0.0,3.15,0.0,Business,Advanced
U02239,carriefisher,25,Female,meghan28@gmail.com,1,0.0,4.45,0.0,Design,Advanced
U02240,hendersonbrandi,33,Female,boydadam@yahoo.com,1,0.0,3.85,0.0,Programming,Beginner
U02241,jesseroach,29,Male,molinasteven@yahoo.com,2,301.96,1.835,150.98,Artificial Intelligence,Beginner
U02242,garcialinda,29,Female,tonyacunningham@gmail.com,1,0.0,4.44,0.0,Digital Marketing,Beginner
U02243,garrettconley,16,Female,fsingh@outlook.com,1,0.0,4.11,0.0,Marketing,Intermediate
U02244,jacksonelizabeth,34,Male,kathleen62@outlook.com,1,57.32,4.74,57.32,Web Development,Advanced
U02245,jessicarichardson,22,Male,kgriffin@outlook.com,1,472.28,4.74,472.28,Programming,Beginner
U02246,brittneyyoung,15,Female,asilva@hotmail.com,1,89.59,2.68,89.59,Artificial Intelligence,Intermediate
U02247,ejohnson,15,Female,ajordan@yahoo.com,1,212.39,3.15,212.39,Digital Marketing,Advanced
U02248,meganvasquez,29,Male,crossashley@outlook.com,14,1251.85,2.8449999999999998,89.41785714285713,Data Science,Beginner
U02249,fowlerkimberly,25,Female,jacksonryan@hotmail.com,2,117.68,2.59,58.84,Data Science,Advanced
U02250,cherylwheeler,19,Female,angelavaughn@hotmail.com,13,1422.4,3.303076923076923,109.41538461538462,Marketing,Advanced
U02251,alexandrajones,35,Male,xnelson@gmail.com,1,0.0,3.15,0.0,Business,Advanced
U02252,jalexander,29,Female,james91@hotmail.com,2,0.0,2.6399999999999997,0.0,Design,Advanced
U02253,lisa45,22,Female,williamsdavid@gmail.com,1,0.0,2.01,0.0,Marketing,Advanced
U02254,matthewjackson,17,Female,ronaldtaylor@gmail.com,15,860.5699999999999,2.8579999999999997,57.37133333333333,Business,Intermediate
U02255,christopher80,18,Female,john03@gmail.com,2,89.59,3.16,44.795,Artificial Intelligence,Beginner
U02256,shardin,16,Female,johnsonjeff@hotmail.com,1,0.0,2.38,0.0,Cybersecurity,Advanced
U02257,mariecastillo,19,Female,jamesrogers@hotmail.com,1,0.0,3.6,0.0,Data Science,Intermediate
U02258,gordonjulie,21,Male,ismith@hotmail.com,16,1617.15,3.14,101.071875,Business,Advanced
U02259,barbaramccoy,32,Female,toddnelson@gmail.com,2,119.04,2.95,59.52,Business,Advanced
U02260,oevans,16,Female,nunezashley@yahoo.com,1,346.71,1.23,346.71,Project Management,Advanced
U02261,lawrence64,26,Male,wilsonheather@yahoo.com,1,0.0,1.28,0.0,Programming,Beginner
U02262,lindamartinez,31,Female,thomas31@gmail.com,3,0.0,3.61,0.0,Data Science,Beginner
U02263,rick09,29,Female,stricklandshelia@yahoo.com,1,346.71,1.23,346.71,Project Management,Advanced
U02264,hannahstewart,28,Female,jonathan91@yahoo.com,2,415.51,2.195,207.755,Artificial Intelligence,Beginner
U02265,anne55,33,Male,jennifer40@yahoo.com,2,394.26,1.745,197.13,Cybersecurity,Beginner
U02266,holly07,21,Male,bblair@gmail.com,1,490.9,4.55,490.9,Artificial Intelligence,Beginner
U02267,vgilmore,19,Male,johnsonmelissa@outlook.com,1,0.0,3.93,0.0,Cybersecurity,Intermediate
U02268,jessicajohnson,29,Female,edwardsjudy@gmail.com,2,0.0,2.305,0.0,Data Science,Advanced
U02269,ashley22,32,Male,ejohnson@outlook.com,1,0.0,4.66,0.0,Digital Marketing,Intermediate
U02270,middletonjames,21,Male,jreed@hotmail.com,3,487.92,3.313333333333333,162.64000000000001,Business,Advanced
U02271,martinezmichelle,20,Male,madisongriffin@yahoo.com,2,57.32,4.595000000000001,28.66,Design,Advanced
U02272,gregory53,23,Female,hardylaura@outlook.com,1,0.0,2.38,0.0,Cybersecurity,Advanced
U02273,timothy26,28,Male,wturner@gmail.com,1,0.0,4.79,0.0,Marketing,Advanced
U02274,jenna07,16,Male,victoria09@hotmail.com,2,177.34,4.17,88.67,Design,Advanced
U02275,lrobinson,23,Female,lrios@outlook.com,2,0.0,4.725,0.0,Digital Marketing,Advanced
U02276,joseph36,34,Female,ywaters@outlook.com,1,0.0,1.59,0.0,Finance,Advanced
U02277,ljones,28,Male,kenneth59@gmail.com,1,0.0,3.93,0.0,Cybersecurity,Intermediate
U02278,reneecurry,20,Male,fryjennifer@outlook.com,1,0.0,2.01,0.0,Marketing,Advanced
U02279,nmcdonald,29,Female,lisa39@gmail.com,1,0.0,2.2,0.0,Web Development,Beginner
U02280,timothywalker,26,Female,kcannon@gmail.com,2,415.51,3.7750000000000004,207.755,Artificial Intelligence,Beginner
U02281,zdavid,34,Male,carolynchan@outlook.com,1,276.37,2.72,276.37,Design,Advanced
U02282,xwalsh,25,Female,amy33@outlook.com,1,0.0,2.61,0.0,Design,Advanced
U02283,kristi24,16,Male,jesse44@hotmail.com,1,0.0,2.14,0.0,Digital Marketing,Beginner
U02284,tylerjessica,28,Male,terrychristopher@yahoo.com,13,1127.8899999999999,3.0453846153846156,86.76076923076923,Web Development,Beginner
U02285,garciaeric,28,Female,lauralawrence@hotmail.com,2,177.34,3.385,88.67,Digital Marketing,Advanced
U02286,erin17,32,Female,rodney02@outlook.com,1,326.02,2.69,326.02,Business,Intermediate
U02287,stonedana,22,Male,mitchell70@outlook.com,1,212.39,3.15,212.39,Digital Marketing,Advanced
U02288,hvega,32,Female,danwebb@hotmail.com,15,1437.73,3.0020000000000002,95.84866666666667,Cybersecurity,Advanced
U02289,vanessa26,15,Male,richard84@gmail.com,1,0.0,2.0,0.0,Business,Advanced
U02290,jennifer26,25,Male,smithlori@outlook.com,15,1052.32,3.046666666666667,70.15466666666666,Marketing,Advanced
U02291,shelleypeters,31,Female,amy97@hotmail.com,2,57.32,4.765000000000001,28.66,Marketing,Advanced
U02292,michelle07,30,Male,williamsandrea@gmail.com,1,0.0,1.52,0.0,Design,Advanced
U02293,susan33,30,Female,cunninghambrian@hotmail.com,1,487.92,3.64,487.92,Business,Advanced
U02294,richardmathews,26,Male,boyermelissa@hotmail.com,1,53.86,2.47,53.86,Finance,Beginner
U02295,karen59,33,Male,bishopjohn@yahoo.com,1,0.0,3.65,0.0,Data Science,Beginner
U02296,markruiz,27,Female,jasonmacias@hotmail.com,1,342.61,4.84,342.61,Project Management,Intermediate
U02297,nicholas54,28,Male,donaldnelson@outlook.com,1,472.28,4.74,472.28,Programming,Beginner
U02298,william10,22,Female,inichols@hotmail.com,1,119.04,2.75,119.04,Finance,Intermediate
U02299,millstodd,35,Female,jessica19@yahoo.com,2,0.0,4.13,0.0,Cybersecurity,Beginner
U02300,mccluremary,35,Male,john38@gmail.com,15,1511.0,2.9766666666666666,100.73333333333333,Design,Beginner
U02301,mary05,18,Female,sjohnson@hotmail.com,13,547.67,3.4353846153846157,42.128461538461536,Data Science,Beginner
U02302,adamsheather,30,Male,erica01@hotmail.com,2,285.05,1.935,142.525,Business,Beginner
U02303,dave44,34,Male,dmiller@hotmail.com,1,0.0,4.94,0.0,Cybersecurity,Beginner
U02304,tracy30,21,Male,lisaallen@hotmail.com,1,0.0,1.28,0.0,Programming,Beginner
U02305,hlee,19,Female,meyerchristopher@hotmail.com,1,342.61,4.84,342.61,Project Management,Intermediate
U02306,elane,18,Female,vanessa85@gmail.com,13,1824.4,3.303076923076923,140.33846153846156,Business,Beginner
U02307,fieldsbarbara,22,Male,tanya86@gmail.com,1,248.1,1.2,248.1,Artificial Intelligence,Beginner
U02308,farrellfaith,15,Female,mcmahonpaul@hotmail.com,1,0.0,2.98,0.0,Marketing,Advanced
U02309,butlerjohn,23,Female,jimenezgina@hotmail.com,3,95.21000000000001,2.5433333333333334,31.736666666666668,Web Development,Advanced
U02310,alexandernichols,15,Male,cindyjones@gmail.com,1,0.78,3.89,0.78,Machine Learning,Advanced
U02311,marshallderek,23,Female,usingh@yahoo.com,3,117.68,3.426666666666667,39.22666666666667,Data Science,Intermediate
U02312,andrewwallace,28,Male,carlosmiller@yahoo.com,1,0.0,3.93,0.0,Cybersecurity,Intermediate
U02313,fmccullough,24,Female,greerlindsay@gmail.com,1,0.0,2.61,0.0,Design,Advanced
U02314,weaverkimberly,29,Male,williamsalison@gmail.com,1,177.34,3.89,177.34,Digital Marketing,Advanced
U02315,marissawright,34,Male,timothy02@gmail.com,14,888.7900000000001,3.3264285714285715,63.48500000000001,Finance,Beginner
U02316,ryanjones,31,Female,jesse37@outlook.com,2,415.61,2.685,207.805,Artificial Intelligence,Intermediate
U02317,ashleyjefferson,18,Male,marypeterson@yahoo.com,2,57.32,3.375,28.66,Marketing,Advanced
U02318,kaylaedwards,24,Female,bryan70@gmail.com,1,285.05,1.96,285.05,Business,Beginner
U02319,zstokes,24,Female,sgordon@yahoo.com,1,248.1,1.2,248.1,Artificial Intelligence,Beginner
U02320,warrennicole,17,Male,sanchezjason@outlook.com,3,212.39,2.73,70.79666666666667,Digital Marketing,Advanced
U02321,bberger,26,Female,johnstonkimberly@yahoo.com,2,589.96,3.6550000000000002,294.98,Data Science,Advanced
U02322,alexander51,28,Female,alex67@gmail.com,1,0.0,1.91,0.0,Cybersecurity,Intermediate
U02323,rrodriguez,29,Female,mark56@gmail.com,1,37.89,1.3,37.89,Web Development,Advanced
U02324,destiny85,34,Female,jimenezgregory@hotmail.com,3,326.02,2.7733333333333334,108.67333333333333,Business,Intermediate
U02325,charles25,15,Male,gcarney@hotmail.com,1,177.34,3.89,177.34,Digital Marketing,Advanced
U02326,laurenmartinez,32,Male,brianpierce@hotmail.com,2,580.49,3.615,290.245,Artificial Intelligence,Beginner
U02327,richard59,29,Male,psavage@outlook.com,1,0.0,3.65,0.0,Data Science,Beginner
U02328,wmorris,22,Female,katherinemason@gmail.com,3,415.51,3.276666666666667,138.50333333333333,Artificial Intelligence,Intermediate
U02329,julie53,35,Male,dpowell@outlook.com,1,0.0,4.11,0.0,Marketing,Intermediate
U02330,grace46,29,Female,jeremy44@outlook.com,1,0.0,3.32,0.0,Web Development,Beginner
U02331,xschwartz,25,Female,yfuller@hotmail.com,2,0.0,1.325,0.0,Design,Advanced
U02332,griffinjon,23,Male,johnsonashley@hotmail.com,2,277.15,3.305,138.575,Design,Advanced
U02333,heatherwilcox,32,Female,theresa63@outlook.com,3,415.51,3.2099999999999995,138.50333333333333,Artificial Intelligence,Advanced
U02334,qcooper,23,Female,xcoleman@hotmail.com,2,0.78,4.34,0.39,Machine Learning,Advanced
U02335,bbean,25,Female,rfloyd@gmail.com,1,0.78,3.89,0.78,Machine Learning,Advanced
U02336,xjones,17,Female,kylerodriguez@yahoo.com,14,1228.1100000000001,2.6392857142857147,87.72214285714287,Finance,Intermediate
U02337,zunigacassandra,18,Female,david03@gmail.com,13,1676.03,2.924615384615384,128.92538461538462,Business,Beginner
U02338,cobbkatherine,29,Female,brenda04@yahoo.com,1,0.0,4.1,0.0,Finance,Intermediate
U02339,jacobsonpatrick,33,Female,alexandrawalker@gmail.com,1,285.05,1.96,285.05,Business,Beginner
U02340,christineyates,20,Male,carnold@outlook.com,2,37.89,3.015,18.945,Machine Learning,Advanced
U02341,jonathangarcia,17,Male,jamesryan@gmail.com,13,957.45,3.5846153846153848,73.65,Artificial Intelligence,Beginner
U02342,djenkins,21,Male,gomezelizabeth@outlook.com,2,89.59,2.245,44.795,Artificial Intelligence,Advanced
U02343,sarah37,29,Male,jonesbeth@outlook.com,4,559.88,2.35,139.97,Machine Learning,Advanced
U02344,william94,26,Male,andrewwhite@yahoo.com,14,1335.99,3.0100000000000002,95.42785714285715,Artificial Intelligence,Beginner
U02345,sherrylambert,31,Male,rvega@gmail.com,13,1047.8,3.1500000000000004,80.6,Machine Learning,Advanced
U02346,mistychan,34,Male,fernando37@hotmail.com,1,394.26,1.35,394.26,Cybersecurity,Intermediate
U02347,maryterry,27,Male,misty50@gmail.com,1,0.0,3.93,0.0,Cybersecurity,Intermediate
U02348,sarahdean,20,Male,richardsonnicholas@yahoo.com,1,0.0,1.91,0.0,Cybersecurity,Intermediate
U02349,hmcguire,27,Male,jennifersanchez@gmail.com,14,1028.3,3.3842857142857143,73.45,Digital Marketing,Beginner
U02350,matthew42,31,Female,melinda98@outlook.com,2,295.02,3.23,147.51,Data Science,Advanced
U02351,cindyking,22,Female,colleen26@hotmail.com,2,0.0,3.17,0.0,Finance,Beginner
U02352,atkinslisa,30,Female,powellsean@gmail.com,3,299.57,3.6199999999999997,99.85666666666667,Data Science,Intermediate
U02353,zleonard,16,Male,ialvarez@gmail.com,1,0.0,4.44,0.0,Digital Marketing,Beginner
U02354,melinda15,29,Female,allison85@outlook.com,1,487.92,3.64,487.92,Business,Advanced
U02355,kathryn89,32,Female,eileenmason@hotmail.com,1,119.04,2.75,119.04,Finance,Intermediate
U02356,wjimenez,35,Male,stevencampbell@gmail.com,1,0.0,1.59,0.0,Finance,Advanced
U02357,tanya99,28,Female,malloryturner@yahoo.com,2,0.0,2.79,0.0,Business,Advanced
U02358,cruzzachary,22,Male,palmerwhitney@yahoo.com,4,1066.84,3.205,266.71,Artificial Intelligence,Advanced
U02359,martinstacey,32,Female,singhlisa@yahoo.com,2,0.0,2.58,0.0,Data Science,Beginner
U02360,martin48,18,Female,william32@hotmail.com,1,0.0,1.59,0.0,Finance,Advanced
U02361,timothyperez,26,Female,jennifer23@hotmail.com,2,327.99,2.265,163.995,Data Science,Beginner
U02362,julie09,33,Female,christopher48@hotmail.com,1,0.0,1.52,0.0,Design,Advanced
U02363,lisaschmidt,15,Male,madeline47@yahoo.com,1,487.92,3.64,487.92,Business,Advanced
U02364,andrewjackson,29,Female,john07@outlook.com,1,299.57,3.74,299.57,Data Science,Beginner
U02365,nstanton,34,Female,vancefrank@yahoo.com,1,0.0,3.02,0.0,Data Science,Intermediate
U02366,willierichardson,19,Female,hector56@yahoo.com,1,0.0,4.72,0.0,Marketing,Intermediate
U02367,ccooper,25,Male,carterkristina@hotmail.com,1,0.0,3.15,0.0,Business,Advanced
U02368,amanda92,31,Male,kbarnes@yahoo.com,4,451.37,3.2525,112.8425,Data Science,Advanced
U02369,jennifer31,16,Male,jonathanjenkins@yahoo.com,2,0.0,3.465,0.0,Digital Marketing,Advanced
U02370,zray,24,Male,curtiswendy@gmail.com,14,1092.76,3.1721428571428576,78.05428571428571,Business,Intermediate
U02371,nicole03,34,Female,vellis@gmail.com,12,1569.7,2.8333333333333335,130.80833333333334,Artificial Intelligence,Advanced
U02372,kevinmunoz,35,Male,travislewis@outlook.com,3,0.0,4.4,0.0,Cybersecurity,Intermediate
U02373,tommymiller,22,Male,robert31@gmail.com,2,487.92,3.62,243.96,Business,Advanced
U02374,herreradavid,22,Male,chadtrujillo@gmail.com,3,0.78,4.3566666666666665,0.26,Machine Learning,Advanced
U02375,jamesvelazquez,33,Female,loriolson@yahoo.com,1,276.37,2.72,276.37,Design,Advanced
U02376,sharon88,19,Female,qshaffer@gmail.com,1,0.0,2.61,0.0,Design,Advanced
U02377,cnavarro,35,Male,kristinhines@gmail.com,2,0.0,3.795,0.0,Business,Advanced
U02378,kevin20,23,Male,michaelbruce@hotmail.com,1,0.0,4.66,0.0,Digital Marketing,Intermediate
U02379,billydonovan,20,Male,williamstracy@outlook.com,2,0.0,3.065,0.0,Business,Advanced
U02380,stephenyoung,24,Female,codyperez@outlook.com,3,720.28,2.453333333333333,240.09333333333333,Business,Intermediate
U02381,hhale,31,Female,anthonyorr@yahoo.com,1,415.51,3.11,415.51,Artificial Intelligence,Intermediate
U02382,tiffany23,32,Male,torreschristopher@gmail.com,1,490.9,4.55,490.9,Artificial Intelligence,Beginner
U02383,ewilson,21,Male,oarmstrong@gmail.com,1,0.0,4.72,0.0,Marketing,Intermediate
U02384,oliverlori,22,Male,cochranjason@gmail.com,3,119.04,2.5066666666666664,39.68,Artificial Intelligence,Beginner
U02385,laurasullivan,30,Male,anna98@hotmail.com,1,0.0,4.94,0.0,Cybersecurity,Beginner
U02386,anna29,35,Male,smithkim@hotmail.com,4,299.57,4.2075,74.8925,Data Science,Beginner
U02387,jacobhall,31,Male,vmcbride@yahoo.com,1,0.0,1.52,0.0,Design,Advanced
U02388,donald35,23,Male,austin14@hotmail.com,1,346.71,1.23,346.71,Project Management,Advanced
U02389,edward86,33,Male,uperry@hotmail.com,2,177.34,3.52,88.67,Business,Advanced
U02390,jmurphy,28,Female,brooksjames@hotmail.com,2,472.28,3.585,236.14,Programming,Beginner
U02391,tinathomas,20,Female,jonathanwagner@outlook.com,1,0.0,2.38,0.0,Cybersecurity,Advanced
U02392,jacobsonjason,21,Male,kjordan@hotmail.com,2,212.39,3.3,106.195,Digital Marketing,Advanced
U02393,angela68,18,Male,daniel11@outlook.com,1,0.0,3.32,0.0,Web Development,Beginner
U02394,edwardscolton,35,Male,hicksbrian@outlook.com,1,299.57,3.74,299.57,Data Science,Beginner
U02395,bcox,32,Female,lrobles@outlook.com,3,0.0,4.3500000000000005,0.0,Cybersecurity,Beginner
U02396,jody90,16,Female,vhanson@gmail.com,1,212.39,3.15,212.39,Digital Marketing,Advanced
U02397,qalvarado,22,Male,campbellmichelle@gmail.com,1,0.0,3.85,0.0,Programming,Beginner
U02398,richardsonstephen,26,Female,qwalters@hotmail.com,2,248.88,2.545,124.44,Artificial Intelligence,Advanced
U02399,johnnunez,22,Male,okirk@hotmail.com,1,0.0,2.01,0.0,Marketing,Advanced
U02400,rodriguezanthony,17,Male,jenniferwolf@hotmail.com,1,0.0,4.66,0.0,Digital Marketing,Intermediate
U02401,bturner,28,Male,marshallsuzanne@outlook.com,1,490.9,4.55,490.9,Artificial Intelligence,Beginner
U02402,taylor51,19,Female,pricevictor@outlook.com,1,0.0,3.15,0.0,Business,Advanced
U02403,rivasamanda,18,Female,cclark@hotmail.com,1,0.0,2.38,0.0,Cybersecurity,Advanced
U02404,nmoreno,28,Male,dylan47@hotmail.com,2,53.86,3.575,26.93,Finance,Beginner
U02405,brooksmichael,25,Female,kavila@yahoo.com,1,0.0,3.32,0.0,Web Development,Beginner
U02406,stoutjames,23,Female,combsjeffrey@gmail.com,2,314.26,2.0100000000000002,157.13,Design,Advanced
U02407,narroyo,27,Male,sandra79@outlook.com,2,0.0,4.3950000000000005,0.0,Cybersecurity,Beginner
U02408,ynixon,34,Female,bbrown@hotmail.com,1,0.0,1.13,0.0,Machine Learning,Beginner
U02409,catherine06,24,Female,rachelclark@yahoo.com,1,0.0,1.73,0.0,Machine Learning,Intermediate
U02410,vblackburn,18,Male,sandra06@yahoo.com,12,1444.1200000000001,3.4416666666666664,120.34333333333335,Digital Marketing,Advanced
U02411,swansonjose,31,Female,ybutler@yahoo.com,1,37.89,1.3,37.89,Web Development,Advanced
U02412,kirbycharles,15,Female,robin34@hotmail.com,1,0.0,2.98,0.0,Marketing,Advanced
U02413,umata,25,Male,angela36@gmail.com,2,0.0,4.445,0.0,Finance,Advanced
U02414,jessica21,21,Male,reneeperez@yahoo.com,3,472.28,4.2299999999999995,157.42666666666665,Programming,Beginner
U02415,matthewchaney,33,Male,angela30@hotmail.com,11,1568.1699999999998,2.9454545454545453,142.56090909090906,Artificial Intelligence,Beginner
U02416,jessica99,24,Female,allenrodriguez@yahoo.com,1,0.0,4.45,0.0,Design,Advanced
U02417,leslienolan,34,Female,broth@yahoo.com,1,0.0,2.01,0.0,Marketing,Advanced
U02418,carrollmartin,23,Male,randysanchez@yahoo.com,1,0.0,1.73,0.0,Machine Learning,Intermediate
U02419,ujones,17,Female,wilsonmark@gmail.com,1,0.0,3.02,0.0,Data Science,Intermediate
U02420,valdezbarbara,20,Female,canthony@gmail.com,1,0.0,4.11,0.0,Marketing,Intermediate
U02421,brownsteven,15,Female,hramos@hotmail.com,1,0.0,4.1,0.0,Finance,Intermediate
U02422,bridgetrivera,21,Female,vanessawhitehead@hotmail.com,1,57.32,4.74,57.32,Web Development,Advanced
U02423,bassemily,32,Female,nswanson@hotmail.com,2,445.67,2.04,222.835,Data Science,Advanced
U02424,chadcollins,31,Female,qbauer@yahoo.com,1,0.0,4.73,0.0,Machine Learning,Intermediate
U02425,brittany68,24,Female,woodsjordan@outlook.com,2,0.0,4.075,0.0,Artificial Intelligence,Beginner
U02426,lindamiller,19,Female,julie78@outlook.com,1,299.57,3.74,299.57,Data Science,Beginner
U02427,vincent89,31,Female,lorihernandez@hotmail.com,15,893.0,3.372,59.53333333333333,Web Development,Advanced
U02428,buckandrea,30,Male,emmacarr@yahoo.com,2,548.22,4.645,274.11,Artificial Intelligence,Advanced
U02429,kylie71,30,Female,johnmorales@gmail.com,3,0.0,2.0233333333333334,0.0,Programming,Beginner
U02430,brianhunter,29,Male,ramirezchristine@outlook.com,1,0.0,3.32,0.0,Web Development,Beginner
U02431,jamesturner,16,Male,phillipblack@yahoo.com,1,327.99,1.51,327.99,Project Management,Beginner
U02432,gyoung,30,Female,bgonzalez@outlook.com,15,1593.46,2.9373333333333336,106.23066666666666,Data Science,Beginner
U02433,snowjoseph,15,Female,lisa03@yahoo.com,1,117.68,2.57,117.68,Data Science,Advanced
U02434,mooremathew,31,Male,john15@yahoo.com,1,0.0,3.85,0.0,Programming,Beginner
U02435,destiny40,17,Male,veronica90@gmail.com,1,487.92,3.64,487.92,Business,Advanced
U02436,janet40,16,Male,brownpatty@outlook.com,3,445.67,2.4666666666666663,148.55666666666667,Data Science,Beginner
U02437,trevortorres,15,Male,jamie99@gmail.com,1,0.0,2.98,0.0,Marketing,Advanced
U02438,millersandra,28,Female,daniel65@gmail.com,1,0.0,2.38,0.0,Cybersecurity,Advanced
U02439,stokestiffany,22,Female,longlisa@gmail.com,1,276.37,2.72,276.37,Design,Advanced
U02440,foxleah,26,Female,clarkfrancisco@hotmail.com,1,0.0,4.11,0.0,Marketing,Intermediate
U02441,rebekahtate,33,Male,donaldmorton@hotmail.com,1,0.0,4.44,0.0,Digital Marketing,Beginner
U02442,madisonmoore,23,Male,boothjames@hotmail.com,1,0.0,4.1,0.0,Finance,Intermediate
U02443,jeremy50,22,Female,warnermichael@gmail.com,2,95.21000000000001,3.02,47.605000000000004,Web Development,Advanced
U02444,karen32,28,Female,donaldlucas@gmail.com,1,0.0,1.91,0.0,Cybersecurity,Intermediate
U02445,smithtyler,26,Female,jessica44@gmail.com,14,1507.12,2.71,107.65142857142857,Machine Learning,Intermediate
U02446,frankrobinson,29,Male,kristinyu@outlook.com,2,490.9,3.9349999999999996,245.45,Artificial Intelligence,Beginner
U02447,johnsmith,31,Female,chelseagriffith@gmail.com,1,0.0,4.45,0.0,Design,Advanced
U02448,bendertrevor,17,Male,whiteryan@outlook.com,2,0.0,2.8099999999999996,0.0,Design,Advanced
U02449,sandraunderwood,32,Male,ymarquez@gmail.com,1,285.05,1.96,285.05,Business,Beginner
U02450,kendrakirk,30,Female,michellewalker@yahoo.com,1,0.0,1.73,0.0,Machine Learning,Intermediate
U02451,vrivera,31,Male,katiespencer@hotmail.com,2,0.0,3.035,0.0,Marketing,Advanced
U02452,sarah62,23,Female,jacobgarner@yahoo.com,2,0.0,2.865,0.0,Design,Advanced
U02453,mharris,29,Female,zking@outlook.com,1,212.39,3.15,212.39,Digital Marketing,Advanced
U02454,chelseabeck,28,Male,eallen@outlook.com,2,0.0,2.335,0.0,Business,Advanced
U02455,thompsonchristopher,34,Male,ronaldkaiser@outlook.com,1,0.0,2.0,0.0,Business,Advanced
U02456,tristanwood,35,Male,jacobsonpeter@gmail.com,1,0.0,3.93,0.0,Cybersecurity,Intermediate
U02457,melindahill,31,Female,icervantes@gmail.com,1,0.0,3.02,0.0,Data Science,Intermediate
U02458,ushelton,26,Female,bensontracey@yahoo.com,2,443.7,2.63,221.85,Business,Advanced
U02459,ayersmartha,33,Male,sharonsilva@yahoo.com,12,625.46,3.0966666666666662,52.12166666666667,Design,Beginner
U02460,reyesashley,21,Female,jasonsnyder@gmail.com,1,0.0,2.38,0.0,Cybersecurity,Advanced
U02461,krystal97,15,Female,beckerrussell@hotmail.com,2,0.0,2.7649999999999997,0.0,Business,Advanced
U02462,martinezmegan,26,Male,omiller@yahoo.com,1,327.99,1.51,327.99,Project Management,Beginner
U02463,trujillocory,29,Male,kristincisneros@yahoo.com,1,0.0,4.68,0.0,Project Management,Beginner
U02464,wendy76,21,Female,timothyreilly@outlook.com,1,0.0,3.85,0.0,Programming,Beginner
U02465,umccormick,27,Male,danielkelly@hotmail.com,2,0.0,3.695,0.0,Design,Beginner
U02466,paul83,23,Male,morrisshelby@outlook.com,4,365.96000000000004,3.285,91.49000000000001,Artificial Intelligence,Intermediate
U02467,careyroger,19,Male,justinchen@hotmail.com,1,0.0,2.14,0.0,Digital Marketing,Beginner
U02468,morriscrystal,29,Female,odombrian@gmail.com,3,0.0,4.346666666666667,0.0,Data Science,Intermediate
U02469,tiffany70,21,Male,jonespaul@gmail.com,2,0.0,2.3,0.0,Programming,Beginner
U02470,jillhaynes,34,Male,josephwalker@outlook.com,13,734.32,2.6907692307692312,56.48615384615385,Design,Advanced
U02471,kelly63,16,Female,jose38@outlook.com,1,326.02,2.69,326.02,Business,Intermediate
U02472,tina16,17,Male,forbeskatie@yahoo.com,1,0.0,4.14,0.0,Finance,Beginner
U02473,angela83,31,Female,scardenas@outlook.com,1,0.0,4.94,0.0,Cybersecurity,Beginner
U02474,prodriguez,27,Male,phicks@yahoo.com,1,0.0,1.73,0.0,Machine Learning,Intermediate
U02475,wilsoncynthia,35,Male,zchavez@hotmail.com,1,0.0,4.72,0.0,Marketing,Intermediate
U02476,wfigueroa,34,Female,reyeskaylee@gmail.com,1,0.0,2.38,0.0,Cybersecurity,Advanced
U02477,ryanrobin,17,Male,dunnangelica@gmail.com,1,342.61,4.84,342.61,Project Management,Intermediate
U02478,ryan22,30,Male,carrillodawn@outlook.com,2,490.9,4.24,245.45,Artificial Intelligence,Beginner
U02479,scottadams,19,Female,matakimberly@gmail.com,4,285.05,2.9475000000000002,71.2625,Business,Beginner
U02480,walshjerry,35,Male,bill47@yahoo.com,1,0.0,4.66,0.0,Digital Marketing,Intermediate
U02481,steven03,29,Male,teresa68@gmail.com,1,0.0,2.98,0.0,Marketing,Advanced
U02482,jenniferharris,35,Male,amyperez@hotmail.com,2,0.0,2.725,0.0,Artificial Intelligence,Advanced
U02483,nicole09,25,Male,ahuang@hotmail.com,1,0.0,4.94,0.0,Cybersecurity,Beginner
U02484,newmanangela,25,Female,sarahburnett@gmail.com,4,285.05,2.045,71.2625,Business,Beginner
U02485,christopherstevenson,22,Male,cnavarro@hotmail.com,14,621.35,3.3614285714285717,44.38214285714286,Marketing,Advanced
U02486,browntonya,29,Male,susan38@outlook.com,2,177.34,4.275,88.67,Digital Marketing,Advanced
U02487,glivingston,23,Male,brittany60@hotmail.com,1,0.0,2.98,0.0,Marketing,Advanced
U02488,daniellealexander,27,Female,mcclurejames@outlook.com,1,0.0,3.02,0.0,Data Science,Intermediate
U02489,thompsonanne,18,Male,zwright@gmail.com,1,0.0,3.65,0.0,Data Science,Beginner
U02490,xmoore,24,Female,richardbrown@yahoo.com,13,0.78,3.7130769230769234,0.060000000000000005,Data Science,Beginner
U02491,jameschristensen,17,Female,leekathleen@gmail.com,1,0.0,4.14,0.0,Finance,Beginner
U02492,courtneytyler,19,Male,brandynorris@hotmail.com,1,0.0,3.93,0.0,Cybersecurity,Intermediate
U02493,heatherwebster,22,Female,riverastanley@outlook.com,1,0.0,1.91,0.0,Cybersecurity,Intermediate
U02494,cory11,32,Male,othomas@yahoo.com,1,0.0,1.73,0.0,Machine Learning,Intermediate
U02495,bdavis,28,Male,natalie97@gmail.com,2,89.59,3.5600000000000005,44.795,Artificial Intelligence,Beginner
U02496,luke25,33,Female,raven54@gmail.com,1,0.0,1.52,0.0,Design,Advanced
U02497,margaret73,26,Female,rushshawn@outlook.com,2,0.0,2.8499999999999996,0.0,Cybersecurity,Advanced
U02498,dylan64,20,Female,qcollins@hotmail.com,1,0.0,1.28,0.0,Programming,Beginner
U02499,farrellkeith,28,Male,mcclaindana@yahoo.com,1,0.0,2.67,0.0,Web Development,Advanced
U02500,brett07,29,Male,stephaniejohnson@hotmail.com,1,0.0,4.11,0.0,Marketing,Intermediate
U02501,ggrant,16,Female,brent60@outlook.com,1,0.0,3.45,0.0,Project Management,Intermediate
U02502,marie50,16,Female,dianeowen@yahoo.com,1,0.0,2.0,0.0,Business,Advanced
U02503,nholt,16,Female,robert11@gmail.com,2,0.0,2.725,0.0,Cybersecurity,Advanced
U02504,omoon,34,Female,gbaldwin@yahoo.com,4,326.02,3.0225,81.505,Business,Advanced
U02505,kristieharris,35,Female,lisa70@hotmail.com,1,248.1,1.2,248.1,Artificial Intelligence,Beginner
U02506,jasongriffin,16,Female,hendersonmichael@gmail.com,1,285.05,1.96,285.05,Business,Beginner
U02507,millerlindsay,32,Female,rossseth@gmail.com,1,0.0,2.38,0.0,Cybersecurity,Advanced
U02508,athomas,32,Male,rbailey@yahoo.com,1,0.0,4.51,0.0,Design,Beginner
U02509,robert07,24,Male,greencheryl@hotmail.com,3,0.78,3.1633333333333336,0.26,Business,Advanced
U02510,pamela57,23,Male,bernardmorgan@hotmail.com,2,0.0,3.78,0.0,Programming,Beginner
U02511,vasquezmichael,30,Female,abates@hotmail.com,1,0.0,2.43,0.0,Programming,Intermediate
U02512,qruiz,15,Female,klineelizabeth@yahoo.com,14,934.95,3.1221428571428573,66.78214285714286,Project Management,Intermediate
U02513,thompsonmegan,23,Male,iferguson@yahoo.com,1,472.28,4.74,472.28,Programming,Beginner
U02514,brendan22,17,Male,william83@yahoo.com,2,0.0,4.045,0.0,Artificial Intelligence,Advanced
U02515,nicole11,15,Male,theresawilliams@gmail.com,11,996.46,3.016363636363636,90.58727272727273,Cybersecurity,Beginner
U02516,gpatrick,32,Male,rbarnes@yahoo.com,1,0.0,2.98,0.0,Marketing,Advanced
U02517,brenda54,30,Female,kevinhill@yahoo.com,2,464.39,1.9,232.195,Data Science,Advanced
U02518,jgonzales,19,Female,tranrodney@outlook.com,1,0.0,2.43,0.0,Programming,Intermediate
U02519,christina77,29,Male,vpeters@hotmail.com,2,89.59,3.165,44.795,Artificial Intelligence,Beginner
U02520,stephanie87,29,Male,racheljohnson@yahoo.com,1,0.0,3.64,0.0,Artificial Intelligence,Beginner
U02521,virginiamckee,25,Male,danielvasquez@hotmail.com,4,89.59,4.135,22.3975,Artificial Intelligence,Intermediate
U02522,lrobles,21,Female,kevinwilson@outlook.com,1,117.68,2.57,117.68,Data Science,Advanced
U02523,brookscarrie,31,Male,paulcarey@outlook.com,1,0.0,1.59,0.0,Finance,Advanced
U02524,gloriarollins,32,Male,camposmaria@gmail.com,1,0.0,4.66,0.0,Digital Marketing,Intermediate
U02525,thomasjulie,25,Male,johnsonjared@outlook.com,1,0.0,1.13,0.0,Machine Learning,Beginner
U02526,maria48,30,Female,floydchad@gmail.com,2,461.65000000000003,3.795,230.82500000000002,Finance,Intermediate
U02527,coleroy,32,Female,stacyhill@yahoo.com,1,0.0,4.68,0.0,Project Management,Beginner
U02528,robert60,35,Male,aaronbishop@outlook.com,1,0.0,4.14,0.0,Finance,Beginner
U02529,dunnamy,17,Female,carpentercourtney@outlook.com,3,299.57,3.9500000000000006,99.85666666666667,Data Science,Beginner
U02530,jblanchard,21,Male,dana90@outlook.com,1,472.28,4.74,472.28,Programming,Beginner
U02531,mikemcmahon,22,Female,kayla45@hotmail.com,4,0.0,3.4800000000000004,0.0,Machine Learning,Intermediate
U02532,haley17,26,Male,adam37@outlook.com,1,0.0,3.02,0.0,Data Science,Intermediate
U02533,alan48,18,Female,patrick75@hotmail.com,1,0.0,2.43,0.0,Programming,Intermediate
U02534,toddthomas,25,Female,brandon22@gmail.com,2,0.0,3.59,0.0,Design,Advanced
U02535,scottwallace,26,Female,crystalwood@yahoo.com,2,327.99,3.12,163.995,Machine Learning,Beginner
U02536,mark89,16,Male,jennifer15@gmail.com,2,0.0,2.435,0.0,Web Development,Advanced
U02537,patriciaherrera,31,Female,randerson@yahoo.com,12,1763.05,3.831666666666667,146.92083333333332,Artificial Intelligence,Advanced
U02538,ogregory,18,Male,meyerhenry@hotmail.com,1,0.0,1.91,0.0,Cybersecurity,Intermediate
U02539,echristian,20,Female,ryan43@outlook.com,2,394.26,3.1450000000000005,197.13,Cybersecurity,Beginner
U02540,dphillips,33,Female,amy41@gmail.com,15,1028.3,3.033333333333333,68.55333333333333,Artificial Intelligence,Advanced
U02541,rubiomichelle,18,Female,probinson@yahoo.com,13,1775.24,3.6353846153846154,136.55692307692308,Artificial Intelligence,Beginner
U02542,zholloway,35,Female,castanedaryan@outlook.com,13,815.93,3.233846153846154,62.76384615384615,Machine Learning,Advanced
U02543,rayduncan,28,Male,dianamendoza@outlook.com,1,0.0,3.64,0.0,Artificial Intelligence,Beginner
U02544,omarhill,29,Male,laura10@outlook.com,1,490.9,4.55,490.9,Artificial Intelligence,Beginner
U02545,dianewebster,16,Female,urosales@outlook.com,2,0.0,2.92,0.0,Cybersecurity,Intermediate
U02546,smithamy,27,Female,ufrazier@yahoo.com,1,285.05,1.96,285.05,Business,Beginner
U02547,ryanallen,30,Female,toliver@gmail.com,1,0.0,3.6,0.0,Data Science,Intermediate
U02548,stephenclark,25,Male,ctaylor@gmail.com,2,487.92,3.785,243.96,Business,Advanced
U02549,andrewatkins,27,Male,annaroth@gmail.com,1,0.0,2.38,0.0,Cybersecurity,Advanced
U02550,rebeccajones,18,Male,belindaandrews@gmail.com,1,327.99,1.51,327.99,Project Management,Beginner
U02551,schneidermary,25,Male,reillylee@yahoo.com,1,0.0,2.67,0.0,Web Development,Advanced
U02552,donovandylan,27,Male,chambersrobert@yahoo.com,1,0.0,4.51,0.0,Design,Beginner
U02553,richardmoreno,35,Female,elizabeth94@hotmail.com,2,487.92,2.775,243.96,Business,Advanced
U02554,sandersmarcia,32,Male,philip02@outlook.com,1,299.57,3.74,299.57,Data Science,Beginner
U02555,smithlauren,15,Male,charlestapia@hotmail.com,1,0.0,4.51,0.0,Design,Beginner
U02556,andersonraymond,18,Female,amy65@gmail.com,1,276.37,2.72,276.37,Design,Advanced
U02557,heatherdurham,25,Female,elizabeth11@hotmail.com,1,0.0,3.64,0.0,Artificial Intelligence,Beginner
U02558,emily94,23,Female,bbowman@hotmail.com,4,0.78,3.6725000000000003,0.195,Cybersecurity,Intermediate
U02559,shermanryan,33,Female,april23@yahoo.com,1,0.0,4.45,0.0,Design,Advanced
U02560,nicole69,22,Male,samantha87@outlook.com,1,0.0,3.65,0.0,Data Science,Beginner
U02561,lewisbrian,33,Male,christinajohnson@gmail.com,1,0.0,4.72,0.0,Marketing,Intermediate
U02562,richardsonryan,18,Male,froberts@hotmail.com,4,326.02,3.09,81.505,Business,Beginner
U02563,josephpatton,27,Male,cheyenneyoung@hotmail.com,1,0.0,3.93,0.0,Cybersecurity,Intermediate
U02564,johnwallace,19,Female,nicoleperez@yahoo.com,13,1558.96,3.1046153846153848,119.92,Cybersecurity,Beginner
U02565,hgibson,32,Male,kmay@gmail.com,1,327.99,1.51,327.99,Project Management,Beginner
U02566,stevenbennett,30,Female,hayesbradley@outlook.com,14,1608.62,3.367142857142857,114.90142857142857,Programming,Beginner
U02567,jeremycunningham,35,Male,gchavez@hotmail.com,1,0.0,1.81,0.0,Machine Learning,Advanced
U02568,parker04,33,Female,mjackson@gmail.com,2,0.0,3.71,0.0,Digital Marketing,Advanced
U02569,gomezjoseph,35,Female,natalie36@outlook.com,1,0.0,1.52,0.0,Design,Advanced
U02570,jasonlopez,25,Female,taylorjohn@yahoo.com,1,472.28,4.74,472.28,Programming,Beginner
U02571,youngmarcus,20,Female,zwilliams@hotmail.com,1,0.0,1.91,0.0,Cybersecurity,Intermediate
U02572,michaelrivera,33,Female,millermatthew@outlook.com,1,0.0,2.61,0.0,Design,Advanced
U02573,christinaduncan,28,Female,williamsjessica@hotmail.com,1,0.0,1.28,0.0,Programming,Beginner
U02574,whitneyharris,24,Male,jeremy77@yahoo.com,1,346.71,1.23,346.71,Project Management,Advanced
U02575,burtonjill,30,Female,aprilmiller@hotmail.com,2,285.05,1.545,142.525,Business,Beginner
U02576,jlucas,17,Female,alicia11@outlook.com,1,117.68,2.57,117.68,Data Science,Advanced
U02577,wlogan,21,Female,dennissilva@yahoo.com,2,285.05,3.035,142.525,Business,Beginner
U02578,dawnthomas,15,Male,dcarroll@outlook.com,1,0.0,4.14,0.0,Finance,Beginner
U02579,john68,28,Female,edwardskayla@gmail.com,1,0.0,4.72,0.0,Marketing,Intermediate
U02580,schneidercourtney,17,Female,smithrebecca@gmail.com,1,285.05,1.96,285.05,Business,Beginner
U02581,aaronmitchell,22,Female,rwashington@yahoo.com,2,346.71,2.67,173.355,Marketing,Advanced
U02582,denisefuller,23,Male,colontonya@gmail.com,15,648.64,3.786666666666667,43.242666666666665,Cybersecurity,Beginner
U02583,benjamin13,33,Male,traceyromero@outlook.com,14,759.86,2.8449999999999998,54.27571428571429,Data Science,Beginner
U02584,hobbstonya,20,Male,walkerandrea@outlook.com,2,0.78,3.135,0.39,Cybersecurity,Advanced
U02585,ashields,32,Male,weaverkatherine@outlook.com,2,465.75,1.99,232.875,Finance,Advanced
U02586,kbaker,23,Male,meganshea@hotmail.com,1,0.0,3.64,0.0,Artificial Intelligence,Beginner
U02587,sgonzales,30,Male,heather05@gmail.com,2,285.05,2.9050000000000002,142.525,Business,Beginner
U02588,amycortez,18,Male,stephanie24@outlook.com,1,415.51,3.11,415.51,Artificial Intelligence,Intermediate
U02589,davidfrancis,26,Female,mercedessmith@yahoo.com,1,0.78,3.89,0.78,Machine Learning,Advanced
U02590,michaelwilliams,20,Male,harrisonmatthew@gmail.com,2,248.1,2.93,124.05,Artificial Intelligence,Beginner
U02591,oberry,33,Male,catherinemalone@gmail.com,1,0.0,4.73,0.0,Machine Learning,Intermediate
U02592,gibbsbrian,15,Male,andreanewman@outlook.com,2,472.28,4.84,236.14,Cybersecurity,Beginner
U02593,thunter,16,Male,uroberts@gmail.com,12,1432.53,3.4291666666666667,119.3775,Cybersecurity,Advanced
U02594,dawn83,18,Female,jermaine63@hotmail.com,1,327.99,1.51,327.99,Project Management,Beginner
U02595,jrogers,17,Male,aaron43@gmail.com,1,0.78,3.89,0.78,Machine Learning,Advanced
U02596,dickersoneugene,19,Female,kevinclements@hotmail.com,1,212.39,3.15,212.39,Digital Marketing,Advanced
U02597,tarnold,17,Female,samantha35@outlook.com,2,269.71,3.9450000000000003,134.855,Digital Marketing,Advanced
U02598,nicole35,25,Female,ericgallegos@outlook.com,1,0.0,3.6,0.0,Data Science,Intermediate
U02599,joel17,33,Female,zbrock@gmail.com,2,436.29999999999995,1.955,218.14999999999998,Artificial Intelligence,Advanced
U02600,howardpotter,17,Male,ngates@outlook.com,3,623.0799999999999,2.11,207.6933333333333,Cybersecurity,Advanced
U02601,cabreradevin,19,Female,reiddaniel@hotmail.com,4,0.0,2.9675000000000002,0.0,Artificial Intelligence,Beginner
U02602,mjohnson,33,Male,delacruzlori@gmail.com,13,974.75,3.3984615384615386,74.98076923076923,Cybersecurity,Intermediate
U02603,fosterwilliam,31,Female,oholmes@hotmail.com,1,0.0,4.94,0.0,Cybersecurity,Beginner
U02604,ericaweaver,16,Male,nicholasmitchell@yahoo.com,1,0.0,3.02,0.0,Data Science,Intermediate
U02605,leachkayla,22,Male,jhardin@outlook.com,12,1083.68,3.4175,90.30666666666667,Marketing,Advanced
U02606,phernandez,24,Male,ereeves@hotmail.com,1,0.0,2.67,0.0,Web Development,Advanced
U02607,andrew44,22,Male,hunterjulie@yahoo.com,1,0.0,3.32,0.0,Web Development,Beginner
U02608,tiffanylawrence,30,Male,swalsh@gmail.com,1,0.0,4.73,0.0,Machine Learning,Intermediate
U02609,robertwright,15,Male,aberger@outlook.com,2,0.0,1.96,0.0,Cybersecurity,Advanced
U02610,zacharybooth,19,Male,mcmillanmarilyn@hotmail.com,1,0.0,4.68,0.0,Project Management,Beginner
U02611,uschmidt,17,Female,arianayoung@outlook.com,1,0.0,3.02,0.0,Data Science,Intermediate
U02612,acamacho,22,Male,meghanhart@outlook.com,14,966.49,3.1635714285714287,69.035,Design,Advanced
U02613,josephsloan,23,Female,mcortez@hotmail.com,2,177.34,3.25,88.67,Design,Advanced
U02614,caldwelljill,30,Female,pamelagutierrez@yahoo.com,13,919.88,3.474615384615385,70.76,Business,Beginner
U02615,valdezalyssa,33,Male,brockanna@hotmail.com,2,0.0,3.715,0.0,Marketing,Beginner
U02616,shorn,19,Female,carly93@outlook.com,13,1265.18,2.8153846153846156,97.32153846153847,Design,Advanced
U02617,jameschristopher,23,Female,matthew88@hotmail.com,4,490.9,3.515,122.725,Artificial Intelligence,Intermediate
U02618,shericrawford,23,Male,careyjeff@outlook.com,3,0.0,3.5566666666666666,0.0,Web Development,Beginner
U02619,jason86,24,Female,eross@gmail.com,1,212.39,3.15,212.39,Digital Marketing,Advanced
U02620,justinmurphy,30,Female,greenscott@hotmail.com,2,37.89,2.905,18.945,Design,Advanced
U02621,psimon,34,Female,normanmatthew@yahoo.com,1,0.0,3.85,0.0,Programming,Beginner
U02622,michaelmartinez,32,Female,lindakramer@gmail.com,1,0.0,4.94,0.0,Cybersecurity,Beginner
U02623,elizabethallen,32,Female,pjohnson@gmail.com,11,679.7199999999999,3.2609090909090908,61.79272727272726,Finance,Advanced
U02624,rogersmichael,16,Female,alexis12@hotmail.com,3,490.9,3.526666666666667,163.63333333333333,Artificial Intelligence,Intermediate
U02625,gibsonanthony,22,Female,odomnicole@outlook.com,2,0.0,3.71,0.0,Digital Marketing,Advanced
U02626,katrina61,21,Female,larry61@hotmail.com,3,212.39,3.5666666666666664,70.79666666666667,Cybersecurity,Advanced
U02627,sarah95,26,Female,vargaskimberly@hotmail.com,1,0.0,3.45,0.0,Project Management,Intermediate
U02628,oneillkyle,33,Female,bmiller@yahoo.com,1,285.05,1.96,285.05,Business,Beginner
U02629,pateljennifer,35,Female,krausejeremy@hotmail.com,1,57.32,4.74,57.32,Web Development,Advanced
U02630,ellenbruce,20,Male,khernandez@gmail.com,12,670.63,3.1425,55.88583333333333,Marketing,Beginner
U02631,sandrawood,23,Male,brad59@yahoo.com,1,0.0,3.6,0.0,Data Science,Intermediate
U02632,eric72,22,Female,jacksonandrea@hotmail.com,1,0.0,3.64,0.0,Artificial Intelligence,Beginner
U02633,stephaniegray,19,Female,elizabethwilliams@outlook.com,14,1004.95,3.282857142857143,71.78214285714286,Finance,Advanced
U02634,tinaanderson,29,Female,paulaevans@yahoo.com,1,57.32,4.74,57.32,Web Development,Advanced
U02635,amberjones,16,Male,erobertson@yahoo.com,1,0.0,4.79,0.0,Marketing,Advanced
U02636,jill35,20,Male,kelseycalderon@yahoo.com,1,0.0,3.02,0.0,Data Science,Intermediate
U02637,rosskevin,28,Male,kelliarnold@hotmail.com,2,0.78,3.455,0.39,Data Science,Advanced
U02638,uherring,31,Female,markguerrero@hotmail.com,1,0.0,2.0,0.0,Business,Advanced
U02639,hicksthomas,22,Female,levihudson@outlook.com,1,212.39,3.15,212.39,Digital Marketing,Advanced
U02640,denniswashington,34,Female,jason35@gmail.com,3,654.01,2.2899999999999996,218.00333333333333,Business,Advanced
U02641,moralesdaniel,30,Male,mitchellmiller@hotmail.com,1,0.0,1.52,0.0,Design,Advanced
U02642,kleinamanda,33,Male,hpeck@hotmail.com,1,0.0,3.65,0.0,Data Science,Beginner
U02643,christophersantana,17,Female,oward@gmail.com,15,1460.84,2.731333333333333,97.38933333333333,Finance,Beginner
U02644,smithmelissa,23,Male,woodswilliam@yahoo.com,4,234.66,3.0725000000000002,58.665,Digital Marketing,Advanced
U02645,walter34,26,Female,sonya03@hotmail.com,10,889.27,3.0759999999999996,88.92699999999999,Design,Advanced
U02646,judygomez,26,Male,bishopcalvin@hotmail.com,2,736.02,2.42,368.01,Artificial Intelligence,Advanced
U02647,michael64,20,Female,ramoscarol@gmail.com,1,0.0,2.01,0.0,Marketing,Advanced
U02648,walvarez,28,Female,kthomas@outlook.com,1,0.0,3.65,0.0,Data Science,Beginner
U02649,geoffrey71,34,Female,gloria19@outlook.com,1,472.28,4.74,472.28,Programming,Beginner
U02650,jared54,29,Female,john08@hotmail.com,2,248.1,2.94,124.05,Artificial Intelligence,Beginner
U02651,blake28,16,Female,joshuaprice@outlook.com,16,1113.95,3.110625,69.621875,Digital Marketing,Advanced
U02652,mcguiregabriel,15,Male,ohenry@yahoo.com,1,0.0,1.81,0.0,Machine Learning,Advanced
U02653,tiffanyolson,34,Male,rhamilton@yahoo.com,1,0.0,4.44,0.0,Digital Marketing,Beginner
U02654,ramirezmatthew,27,Male,sarah78@yahoo.com,1,415.51,3.11,415.51,Artificial Intelligence,Intermediate
U02655,qschultz,32,Male,robertphillips@yahoo.com,1,0.0,3.85,0.0,Programming,Beginner
U02656,ysimpson,34,Female,wwallace@hotmail.com,1,53.86,2.47,53.86,Finance,Beginner
U02657,lambgregory,31,Male,cthompson@yahoo.com,1,177.34,3.89,177.34,Digital Marketing,Advanced
U02658,rivasbrian,30,Male,brian04@hotmail.com,3,285.05,2.0233333333333334,95.01666666666667,Business,Beginner
U02659,michael89,17,Male,rjones@outlook.com,2,248.1,2.325,124.05,Artificial Intelligence,Beginner
U02660,charles20,31,Female,emilyrose@outlook.com,1,0.0,2.61,0.0,Design,Advanced
U02661,darrenburgess,27,Male,barbaraford@yahoo.com,1,0.0,2.01,0.0,Marketing,Advanced
U02662,pachecojames,32,Male,bryan94@hotmail.com,2,117.68,3.335,58.84,Data Science,Advanced
U02663,coffeydennis,27,Female,jennifercurtis@outlook.com,14,1017.04,3.1664285714285714,72.64571428571428,Machine Learning,Beginner
U02664,andersonlaura,22,Female,johnhunt@hotmail.com,1,0.0,4.79,0.0,Marketing,Advanced
U02665,williambriggs,21,Female,jacobgalloway@hotmail.com,1,37.89,1.3,37.89,Web Development,Advanced
U02666,clarktyler,19,Male,darren92@outlook.com,1,0.0,2.61,0.0,Design,Advanced
U02667,yhenderson,22,Female,joel60@gmail.com,1,248.1,1.2,248.1,Artificial Intelligence,Beginner
U02668,angelarodriguez,26,Male,mercadolarry@yahoo.com,3,57.32,3.8733333333333335,19.106666666666666,Design,Advanced
U02669,yangbrandon,25,Male,hlucas@gmail.com,2,0.0,4.6899999999999995,0.0,Digital Marketing,Intermediate
U02670,jessica48,25,Female,ycox@hotmail.com,1,0.0,2.67,0.0,Web Development,Advanced
U02671,jeffreyharvey,15,Female,mindy36@yahoo.com,1,299.57,3.74,299.57,Data Science,Beginner
U02672,knightregina,32,Male,jamie07@hotmail.com,14,1012.26,3.3614285714285717,72.30428571428571,Cybersecurity,Beginner
U02673,sheaamanda,19,Female,monica11@outlook.com,1,0.0,2.98,0.0,Marketing,Advanced
U02674,mccarthynicholas,28,Female,jbell@hotmail.com,1,0.0,4.1,0.0,Finance,Intermediate
U02675,christopher32,34,Female,heather66@yahoo.com,4,346.71,1.5175,86.6775,Programming,Beginner
U02676,williamskyle,15,Male,tonyasmith@yahoo.com,1,394.26,1.35,394.26,Cybersecurity,Intermediate
U02677,bakerchristina,33,Male,aadams@gmail.com,3,490.9,3.073333333333333,163.63333333333333,Artificial Intelligence,Advanced
U02678,karina24,19,Female,kelly18@outlook.com,1,0.0,1.13,0.0,Machine Learning,Beginner
U02679,vlang,18,Male,tannerevan@hotmail.com,11,1043.46,3.03,94.86,Business,Advanced
U02680,whaynes,19,Female,hendersonvictoria@yahoo.com,1,0.0,3.45,0.0,Project Management,Intermediate
U02681,fmorgan,33,Male,dannyrodriguez@yahoo.com,1,0.0,1.52,0.0,Design,Advanced
U02682,keyjeremy,35,Female,jennifer28@gmail.com,1,53.86,2.47,53.86,Finance,Beginner
U02683,jake76,28,Male,jmayo@hotmail.com,15,2578.46,2.929333333333333,171.89733333333334,Artificial Intelligence,Advanced
U02684,kristen36,28,Male,barryburgess@gmail.com,14,2747.3,3.2064285714285714,196.2357142857143,Digital Marketing,Advanced
U02685,yvettescott,27,Female,denisebowers@outlook.com,1,487.92,3.64,487.92,Business,Advanced
U02686,brandon82,19,Female,kallen@yahoo.com,4,814.89,3.95,203.7225,Programming,Beginner
U02687,riossierra,34,Male,zachary61@outlook.com,1,212.39,3.15,212.39,Digital Marketing,Advanced
U02688,kimberly14,26,Female,tdiaz@hotmail.com,1,0.0,4.14,0.0,Finance,Beginner
U02689,zgarcia,27,Male,patricia56@outlook.com,1,0.0,4.44,0.0,Digital Marketing,Beginner
U02690,nancy75,24,Male,hawkinsnichole@gmail.com,4,394.26,2.2875,98.565,Cybersecurity,Beginner
U02691,william49,19,Female,willienelson@gmail.com,1,0.0,3.85,0.0,Programming,Beginner
U02692,castilloaaron,23,Male,andersonrobert@hotmail.com,3,117.68,3.5400000000000005,39.22666666666667,Data Science,Advanced
U02693,jperry,19,Male,kathleen56@outlook.com,1,342.61,4.84,342.61,Project Management,Intermediate
U02694,kellyemily,30,Female,dhart@yahoo.com,2,627.56,2.625,313.78,Data Science,Beginner
U02695,fsmith,30,Male,wblair@yahoo.com,1,0.0,2.2,0.0,Web Development,Beginner
U02696,ashley80,25,Female,bryan42@yahoo.com,2,490.9,3.275,245.45,Artificial Intelligence,Advanced
U02697,tracymosley,22,Female,yrowe@outlook.com,4,437.08,3.1475,109.27,Artificial Intelligence,Advanced
U02698,gutierrezthomas,18,Female,brett67@gmail.com,12,1798.36,3.0658333333333334,149.86333333333332,Artificial Intelligence,Advanced
U02699,kleinkenneth,16,Female,william50@hotmail.com,1,0.0,4.11,0.0,Marketing,Intermediate
U02700,derrickdudley,18,Female,jacksonperry@outlook.com,1,57.32,4.74,57.32,Web Development,Advanced
U02701,jessica75,23,Female,uoneal@gmail.com,4,425.44,2.95,106.36,Artificial Intelligence,Advanced
U02702,reginald61,15,Male,yolandavargas@yahoo.com,2,0.0,1.635,0.0,Digital Marketing,Beginner
U02703,bonnie51,30,Male,danielrobinson@outlook.com,1,0.0,1.73,0.0,Machine Learning,Intermediate
U02704,bprice,23,Female,amber20@outlook.com,1,0.0,1.91,0.0,Cybersecurity,Intermediate
U02705,mburns,31,Male,charlotterussell@gmail.com,2,394.26,1.98,197.13,Cybersecurity,Advanced
U02706,brittanygalvan,21,Female,inguyen@outlook.com,1,37.89,1.3,37.89,Web Development,Advanced
U02707,ortizjulie,19,Female,dknight@gmail.com,1,117.68,2.57,117.68,Data Science,Advanced
U02708,david95,25,Male,qmeyers@yahoo.com,1,472.28,4.74,472.28,Programming,Beginner
U02709,ginareeves,19,Female,natasha95@yahoo.com,12,1256.18,2.8633333333333333,104.68166666666667,Cybersecurity,Beginner
U02710,morrowkyle,23,Female,joel24@outlook.com,1,326.02,2.69,326.02,Business,Intermediate
U02711,dustin11,20,Male,jacksonjessica@gmail.com,2,0.0,4.525,0.0,Cybersecurity,Beginner
U02712,lopezjessica,34,Female,lisa81@outlook.com,2,472.28,3.81,236.14,Programming,Beginner
U02713,hannah18,32,Female,cynthiaturner@hotmail.com,1,0.0,4.66,0.0,Digital Marketing,Intermediate
U02714,breanna67,17,Male,john68@hotmail.com,1,0.0,1.73,0.0,Machine Learning,Intermediate
U02715,ericfoster,22,Male,reginaldnguyen@hotmail.com,2,0.0,2.215,0.0,Business,Advanced
U02716,fmclaughlin,27,Female,hjordan@outlook.com,2,0.0,4.045,0.0,Data Science,Beginner
U02717,lmills,31,Male,grahamsean@yahoo.com,1,285.05,1.96,285.05,Business,Beginner
U02718,dmorrison,27,Male,amanda08@hotmail.com,1,0.0,4.1,0.0,Finance,Intermediate
U02719,oblair,29,Male,stephaniedavis@yahoo.com,1,0.0,1.91,0.0,Cybersecurity,Intermediate
U02720,gsteele,22,Male,judy66@yahoo.com,1,212.39,3.15,212.39,Digital Marketing,Advanced
U02721,jcannon,26,Male,tnelson@hotmail.com,1,299.57,3.74,299.57,Data Science,Beginner
U02722,nwillis,23,Female,jose22@gmail.com,1,0.0,4.11,0.0,Marketing,Intermediate
U02723,osmith,25,Female,karen62@yahoo.com,1,327.99,1.51,327.99,Project Management,Beginner
U02724,michelle44,35,Male,wallaceelizabeth@hotmail.com,1,0.0,1.91,0.0,Cybersecurity,Intermediate
U02725,brandon33,23,Male,matthew37@gmail.com,1,415.51,3.11,415.51,Artificial Intelligence,Intermediate
U02726,hrush,25,Female,vmiller@gmail.com,4,0.0,3.1825,0.0,Marketing,Advanced
U02727,harrisjames,34,Male,brettvalencia@gmail.com,2,394.26,3.04,197.13,Cybersecurity,Intermediate
U02728,adrian62,33,Female,xhorton@outlook.com,1,276.37,2.72,276.37,Design,Advanced
U02729,thomasbutler,20,Male,jennifer91@outlook.com,1,394.26,1.35,394.26,Cybersecurity,Intermediate
U02730,jameschan,27,Female,qknight@gmail.com,1,299.57,3.74,299.57,Data Science,Beginner
U02731,ellenmills,26,Male,leachandrew@yahoo.com,1,0.0,2.01,0.0,Marketing,Advanced
U02732,sean10,26,Male,garciatracy@yahoo.com,1,0.0,4.1,0.0,Finance,Intermediate
U02733,lopezangela,31,Male,gonzalezelizabeth@gmail.com,14,1498.86,3.737142857142857,107.06142857142856,Business,Beginner
U02734,tswanson,15,Female,jackcameron@outlook.com,1,0.0,4.51,0.0,Design,Beginner
U02735,mary88,34,Female,kmata@gmail.com,1,0.0,3.32,0.0,Web Development,Beginner
U02736,chapmankaren,15,Male,vgreene@outlook.com,1,212.39,3.15,212.39,Digital Marketing,Advanced
U02737,thomasbrittany,23,Male,gdavis@outlook.com,1,0.0,4.11,0.0,Marketing,Intermediate
U02738,adunn,16,Female,cbridges@yahoo.com,1,0.0,4.11,0.0,Marketing,Intermediate
U02739,vbradley,15,Female,kdavis@gmail.com,1,487.92,3.64,487.92,Business,Advanced
U02740,rebeccaellis,31,Male,zcole@hotmail.com,1,0.0,2.14,0.0,Digital Marketing,Beginner
U02741,cameronvictor,18,Male,kimberlywilkins@outlook.com,1,0.0,2.88,0.0,Programming,Beginner
U02742,gregorymiller,25,Female,jrichard@hotmail.com,2,285.05,2.1950000000000003,142.525,Business,Beginner
U02743,khart,33,Male,rfowler@hotmail.com,14,800.46,3.332142857142857,57.175714285714285,Data Science,Intermediate
U02744,marisaallen,24,Female,hboyd@hotmail.com,1,342.61,4.84,342.61,Project Management,Intermediate
U02745,gregory01,18,Female,smithtroy@gmail.com,1,0.0,3.15,0.0,Business,Advanced
U02746,lindseypatrick,28,Male,stephen55@outlook.com,3,117.68,2.9266666666666663,39.22666666666667,Data Science,Advanced
U02747,atorres,30,Male,ihanson@gmail.com,3,53.86,2.8333333333333335,17.953333333333333,Cybersecurity,Beginner
U02748,rgutierrez,27,Female,juliahull@hotmail.com,2,0.0,2.615,0.0,Artificial Intelligence,Advanced
U02749,josephkaren,30,Male,meltonmichael@gmail.com,2,0.0,3.915,0.0,Business,Advanced
U02750,christyking,23,Female,gthompson@gmail.com,2,57.32,3.675,28.66,Design,Advanced
U02751,russorenee,24,Female,shannon55@hotmail.com,1,0.0,2.01,0.0,Marketing,Advanced
U02752,martineznancy,32,Female,zduran@gmail.com,1,0.0,4.44,0.0,Digital Marketing,Beginner
U02753,elittle,26,Female,tyleranderson@hotmail.com,1,53.86,2.47,53.86,Finance,Beginner
U02754,tannerwright,34,Male,zachary71@outlook.com,13,888.76,2.439230769230769,68.36615384615385,Cybersecurity,Advanced
U02755,zlove,30,Female,vcrawford@hotmail.com,1,0.0,4.14,0.0,Finance,Beginner
U02756,hwhite,32,Female,taylorstephanie@gmail.com,2,326.02,2.65,163.01,Business,Advanced
U02757,ralphjohnson,16,Male,vboone@yahoo.com,1,415.51,3.11,415.51,Artificial Intelligence,Intermediate
U02758,susan35,25,Female,oglenn@outlook.com,2,0.0,3.31,0.0,Data Science,Intermediate
U02759,egibbs,20,Female,kellyburton@gmail.com,2,0.0,3.6500000000000004,0.0,Programming,Beginner
U02760,laura80,31,Male,andersonrobert@outlook.com,3,374.64000000000004,2.7466666666666666,124.88000000000001,Artificial Intelligence,Intermediate
U02761,nicholasrivera,31,Female,jameswallace@yahoo.com,4,394.26,3.5625,98.565,Cybersecurity,Beginner
U02762,thomas14,21,Female,zobrien@hotmail.com,2,314.26,2.0100000000000002,157.13,Design,Advanced
U02763,hartemily,28,Male,kristen62@gmail.com,3,574.12,2.873333333333333,191.37333333333333,Artificial Intelligence,Intermediate
U02764,james00,32,Male,martin08@yahoo.com,1,37.89,1.3,37.89,Web Development,Advanced
U02765,benjamin95,21,Male,cherylmorgan@hotmail.com,1,0.0,4.45,0.0,Design,Advanced
U02766,chapmanbrandon,19,Male,obenson@gmail.com,1,0.0,3.93,0.0,Cybersecurity,Intermediate
U02767,cole39,31,Male,annetteruiz@yahoo.com,14,1377.85,2.9292857142857143,98.41785714285713,Project Management,Beginner
U02768,garciaandre,34,Female,hernandezrachel@hotmail.com,2,472.28,4.17,236.14,Data Science,Beginner
U02769,kristinwhite,19,Male,angelalarsen@yahoo.com,3,753.2,2.33,251.0666666666667,Artificial Intelligence,Intermediate
U02770,kimberlykeller,31,Male,mayomichael@outlook.com,14,1389.02,2.8485714285714288,99.21571428571428,Data Science,Advanced
U02771,courtney04,18,Female,christopher58@outlook.com,1,0.78,3.89,0.78,Machine Learning,Advanced
U02772,zsosa,31,Male,aimee88@outlook.com,1,177.34,3.89,177.34,Digital Marketing,Advanced
U02773,edward26,26,Male,kristenhorton@outlook.com,1,0.0,3.65,0.0,Data Science,Beginner
U02774,ccastillo,19,Male,rileydaisy@hotmail.com,1,0.0,4.14,0.0,Finance,Beginner
U02775,kimberly18,24,Female,harrischristina@outlook.com,12,1423.51,3.4441666666666664,118.62583333333333,Digital Marketing,Beginner
U02776,rochageorge,20,Female,romerocynthia@outlook.com,2,0.0,1.6400000000000001,0.0,Business,Advanced
U02777,jill42,27,Male,diazrichard@yahoo.com,1,0.0,1.28,0.0,Programming,Beginner
U02778,karengutierrez,29,Male,cmendez@outlook.com,3,0.0,3.6300000000000003,0.0,Cybersecurity,Beginner
U02779,michelle28,19,Female,anthonyblankenship@hotmail.com,3,809.77,3.046666666666667,269.92333333333335,Artificial Intelligence,Intermediate
U02780,diana33,26,Female,smithjennifer@outlook.com,2,0.0,3.83,0.0,Business,Advanced
U02781,lindsey05,24,Female,fclark@gmail.com,3,700.31,2.9,233.43666666666664,Business,Advanced
U02782,scottferrell,25,Male,petersheidi@hotmail.com,1,0.0,1.59,0.0,Finance,Advanced
U02783,uharrington,30,Female,lesliewatson@gmail.com,1,0.0,2.88,0.0,Programming,Beginner
U02784,robrien,23,Male,mario05@yahoo.com,2,248.1,1.935,124.05,Artificial Intelligence,Advanced
U02785,sweeneyheather,25,Female,daniel86@outlook.com,1,0.0,3.64,0.0,Artificial Intelligence,Beginner
U02786,cburch,25,Male,mariemiller@gmail.com,12,1390.83,3.464166666666667,115.90249999999999,Machine Learning,Beginner
U02787,uwilson,21,Male,michaelbaker@outlook.com,1,346.71,1.23,346.71,Project Management,Advanced
U02788,kristinjones,20,Female,wbennett@gmail.com,12,1273.64,3.6641666666666666,106.13666666666667,Cybersecurity,Intermediate
U02789,erinpeters,21,Male,darlenesandoval@outlook.com,4,0.0,1.8675,0.0,Design,Advanced
U02790,isaac47,25,Male,rlawrence@yahoo.com,1,0.0,2.2,0.0,Web Development,Beginner
U02791,williamsmonica,27,Male,gaustin@gmail.com,13,917.89,3.3492307692307692,70.60692307692308,Design,Beginner
U02792,heidiliu,27,Female,xhunter@hotmail.com,14,795.72,3.1342857142857143,56.83714285714286,Artificial Intelligence,Beginner
U02793,kristen50,22,Female,joseph66@yahoo.com,14,1449.91,3.4285714285714284,103.56500000000001,Business,Beginner
U02794,ritasmith,33,Female,grussell@gmail.com,2,342.61,3.285,171.305,Machine Learning,Intermediate
U02795,stewartmichael,31,Male,lorettadunn@outlook.com,1,299.57,3.74,299.57,Data Science,Beginner
U02796,sbrown,33,Male,jeffreyrodriguez@hotmail.com,1,0.0,4.44,0.0,Digital Marketing,Beginner
U02797,lori68,34,Male,roliver@outlook.com,1,0.78,3.89,0.78,Machine Learning,Advanced
U02798,vjohnson,28,Female,vincent69@outlook.com,1,0.0,3.02,0.0,Data Science,Intermediate
U02799,tammymoore,17,Male,hannah11@gmail.com,1,0.0,4.72,0.0,Marketing,Intermediate
U02800,peterforbes,34,Male,turnerdanielle@gmail.com,1,299.57,3.74,299.57,Data Science,Beginner
U02801,benjamin14,15,Female,laneeric@outlook.com,3,0.78,3.016666666666667,0.26,Data Science,Advanced
U02802,david57,15,Female,zross@outlook.com,1,0.0,4.94,0.0,Cybersecurity,Beginner
U02803,tpeterson,26,Male,laurayoung@yahoo.com,2,0.0,3.56,0.0,Design,Advanced
U02804,rachel54,24,Male,ellisleslie@gmail.com,1,0.0,4.73,0.0,Machine Learning,Intermediate
U02805,thomasrice,16,Male,grahammelissa@outlook.com,1,57.32,4.74,57.32,Web Development,Advanced
U02806,melissaerickson,28,Male,jonesjean@yahoo.com,1,0.0,3.93,0.0,Cybersecurity,Intermediate
U02807,perkinsjason,18,Female,miguel97@outlook.com,4,559.0999999999999,3.495,139.77499999999998,Digital Marketing,Advanced
U02808,jasonrush,35,Male,april05@hotmail.com,2,0.0,4.45,0.0,Marketing,Advanced
U02809,kimberly35,32,Male,andrewssarah@hotmail.com,2,0.0,3.8899999999999997,0.0,Artificial Intelligence,Beginner
U02810,colemantina,18,Female,apriljohnson@hotmail.com,1,0.0,2.14,0.0,Digital Marketing,Beginner
U02811,john38,21,Male,allentaylor@yahoo.com,1,0.0,2.61,0.0,Design,Advanced
U02812,kellyjohn,17,Male,timothy51@gmail.com,1,119.04,2.75,119.04,Finance,Intermediate
U02813,jamestaylor,27,Male,davidward@yahoo.com,1,0.0,1.91,0.0,Cybersecurity,Intermediate
U02814,brianlove,27,Female,holly35@gmail.com,2,0.0,4.3950000000000005,0.0,Cybersecurity,Beginner
U02815,april19,15,Female,andrewjones@hotmail.com,4,389.73,2.81,97.4325,Digital Marketing,Advanced
U02816,bennettanthony,25,Male,csantana@outlook.com,1,0.0,4.11,0.0,Marketing,Intermediate
U02817,michelelara,33,Male,xcantu@yahoo.com,1,0.0,1.52,0.0,Design,Advanced
U02818,tylerthomas,32,Male,jbarber@gmail.com,1,0.78,3.89,0.78,Machine Learning,Advanced
U02819,cunninghamrichard,20,Female,penaangela@hotmail.com,2,0.0,3.7,0.0,Machine Learning,Advanced
U02820,denise57,30,Male,brenda00@gmail.com,1,0.0,1.28,0.0,Programming,Beginner
U02821,johnsonnicole,27,Male,smithnicholas@yahoo.com,11,1173.96,3.2263636363636365,106.72363636363637,Project Management,Advanced
U02822,collin94,15,Male,idawson@yahoo.com,1,0.0,4.73,0.0,Machine Learning,Intermediate
U02823,gregorymorris,31,Male,jgutierrez@yahoo.com,2,0.0,4.295,0.0,Cybersecurity,Intermediate
U02824,juanromero,28,Female,lauriecalderon@yahoo.com,1,326.02,2.69,326.02,Business,Intermediate
U02825,davidford,34,Male,agonzales@gmail.com,13,1636.01,2.4292307692307693,125.84692307692308,Business,Advanced
U02826,wforbes,25,Male,charlesdillon@gmail.com,1,0.0,1.13,0.0,Machine Learning,Beginner
U02827,samuelpalmer,17,Male,alicia21@gmail.com,1,0.0,4.73,0.0,Machine Learning,Intermediate
U02828,nicole44,32,Female,heatherleonard@yahoo.com,2,490.9,3.7649999999999997,245.45,Artificial Intelligence,Advanced
U02829,sjackson,19,Female,gibsonjoseph@yahoo.com,1,89.59,2.68,89.59,Artificial Intelligence,Intermediate
U02830,matthewmata,34,Female,xmontgomery@outlook.com,1,0.0,2.67,0.0,Web Development,Advanced
U02831,adam49,22,Female,lesliecarlson@outlook.com,1,0.0,4.45,0.0,Design,Advanced
U02832,charlesdouglas,31,Male,nbrooks@hotmail.com,11,0.78,3.0454545454545454,0.07090909090909091,Design,Advanced
U02833,stephensdavid,21,Female,cervantesmitchell@hotmail.com,2,342.61,3.86,171.305,Programming,Beginner
U02834,michaelcruz,17,Male,downsjason@yahoo.com,1,0.0,3.65,0.0,Data Science,Beginner
U02835,eanderson,31,Male,eric44@hotmail.com,1,117.68,2.57,117.68,Data Science,Advanced
U02836,loganmiller,17,Female,hillronald@hotmail.com,1,472.28,4.74,472.28,Programming,Beginner
U02837,drakematthew,31,Male,john58@outlook.com,2,0.0,3.795,0.0,Business,Advanced
U02838,qneal,35,Male,david01@yahoo.com,2,837.6099999999999,2.8899999999999997,418.80499999999995,Artificial Intelligence,Advanced
U02839,danielreid,18,Female,travis74@gmail.com,4,0.0,2.4275,0.0,Cybersecurity,Advanced
U02840,johnsonbenjamin,29,Female,tkim@yahoo.com,1,0.0,4.44,0.0,Digital Marketing,Beginner
U02841,walter01,27,Female,kevin87@gmail.com,1,0.0,3.65,0.0,Data Science,Beginner
U02842,rogerwalter,20,Female,ihamilton@gmail.com,2,490.9,3.275,245.45,Artificial Intelligence,Advanced
U02843,juliafritz,26,Male,perryjuan@outlook.com,14,1296.66,2.5885714285714285,92.61857142857143,Data Science,Beginner
U02844,marc84,21,Female,wwilkins@hotmail.com,12,1101.98,3.2266666666666666,91.83166666666666,Artificial Intelligence,Advanced
U02845,kfischer,22,Male,kennethsmith@gmail.com,1,0.0,4.51,0.0,Design,Beginner
U02846,fburns,29,Female,fernandezshannon@yahoo.com,1,299.57,3.74,299.57,Data Science,Beginner
U02847,joseph72,27,Male,melanierogers@hotmail.com,1,0.0,4.1,0.0,Finance,Intermediate
U02848,tanya54,23,Male,tiffanymoore@gmail.com,1,0.0,3.93,0.0,Cybersecurity,Intermediate
U02849,timothy20,31,Female,elizabeth28@yahoo.com,1,0.0,2.88,0.0,Programming,Beginner
U02850,umorales,25,Female,dgilbert@outlook.com,13,993.9,3.116153846153846,76.45384615384616,Digital Marketing,Intermediate
U02851,xreed,30,Male,bodonnell@hotmail.com,1,394.26,1.35,394.26,Cybersecurity,Intermediate
U02852,chansen,23,Male,unelson@yahoo.com,1,0.0,2.0,0.0,Business,Advanced
U02853,williamflores,25,Male,donna26@gmail.com,1,0.0,2.88,0.0,Programming,Beginner
U02854,amy04,28,Male,gregory38@yahoo.com,1,0.0,2.0,0.0,Business,Advanced
U02855,knightmichael,18,Female,jamesmullins@yahoo.com,1,327.99,1.51,327.99,Project Management,Beginner
U02856,isaacrobinson,19,Female,kvang@yahoo.com,1,472.28,4.74,472.28,Programming,Beginner
U02857,john46,35,Male,rnewman@hotmail.com,12,1001.5,2.6266666666666665,83.45833333333333,Project Management,Intermediate
U02858,randywilliams,16,Female,aguilartheresa@gmail.com,4,0.0,1.9925,0.0,Cybersecurity,Beginner
U02859,michaelwalker,26,Female,morgan98@yahoo.com,2,654.01,2.1,327.005,Business,Beginner
U02860,pelliott,17,Male,robinsonmichele@yahoo.com,1,0.78,3.89,0.78,Machine Learning,Advanced
U02861,jbaker,29,Male,ginakent@gmail.com,1,346.71,1.23,346.71,Project Management,Advanced
U02862,michelle27,27,Male,vwilson@gmail.com,2,0.0,2.9299999999999997,0.0,Marketing,Advanced
U02863,pmckay,29,Male,robbinsdanielle@gmail.com,1,0.0,3.65,0.0,Data Science,Beginner
U02864,robinsonjessica,25,Female,randywilliams@outlook.com,1,0.0,2.01,0.0,Marketing,Advanced
U02865,tami37,35,Female,browningscott@yahoo.com,1,0.0,2.0,0.0,Business,Advanced
U02866,tommydelgado,20,Male,csmith@hotmail.com,2,326.02,3.145,163.01,Business,Intermediate
U02867,arussell,19,Male,bryancarter@yahoo.com,2,177.34,3.87,88.67,Digital Marketing,Advanced
U02868,ryan81,25,Male,fpope@hotmail.com,2,0.0,1.8199999999999998,0.0,Cybersecurity,Intermediate
U02869,samanthaestrada,26,Female,jason22@gmail.com,1,0.0,4.94,0.0,Cybersecurity,Beginner
U02870,evansrachel,27,Male,briggscarrie@gmail.com,1,0.0,4.51,0.0,Design,Beginner
U02871,jessica49,19,Female,daniel44@hotmail.com,1,0.0,4.94,0.0,Cybersecurity,Beginner
U02872,reesejennifer,21,Female,wodonnell@yahoo.com,2,342.61,3.995,171.305,Business,Advanced
U02873,henrychristine,33,Female,qsmith@gmail.com,3,53.86,2.64,17.953333333333333,Business,Advanced
U02874,utucker,32,Male,alexander29@hotmail.com,11,1151.3899999999999,3.2954545454545454,104.67181818181817,Web Development,Advanced
U02875,michaelscott,27,Female,qgreen@hotmail.com,1,285.05,1.96,285.05,Business,Beginner
U02876,rothalexis,24,Female,fordtiffany@hotmail.com,1,0.0,1.52,0.0,Design,Advanced
U02877,pattonmichael,28,Male,williamslauren@gmail.com,1,0.0,4.72,0.0,Marketing,Intermediate
U02878,palmeralexander,23,Male,ocrane@outlook.com,2,534.55,2.9299999999999997,267.275,Artificial Intelligence,Intermediate
U02879,keithcrawford,16,Female,wayne10@hotmail.com,1,0.0,4.14,0.0,Finance,Beginner
U02880,martinezedward,21,Female,kelly25@hotmail.com,1,0.0,2.61,0.0,Design,Advanced
U02881,uhobbs,27,Male,mwilson@yahoo.com,4,276.37,3.5225,69.0925,Design,Beginner
U02882,fgarcia,33,Female,greenekelly@outlook.com,1,0.0,4.66,0.0,Digital Marketing,Intermediate
U02883,karenshaffer,16,Female,diana66@hotmail.com,12,2314.35,3.4725,192.86249999999998,Business,Beginner
U02884,vkent,31,Female,charlesalvarez@gmail.com,3,0.78,4.05,0.26,Data Science,Intermediate
U02885,cassandra14,22,Male,ufitzgerald@yahoo.com,3,342.61,4.333333333333333,114.20333333333333,Data Science,Beginner
U02886,smithkim,35,Male,thomas70@yahoo.com,3,89.59,3.5033333333333334,29.863333333333333,Artificial Intelligence,Advanced
U02887,jessicafields,30,Male,ktate@hotmail.com,4,476.90999999999997,3.5125,119.22749999999999,Cybersecurity,Beginner
U02888,alynch,20,Male,pkaiser@yahoo.com,1,117.68,2.57,117.68,Data Science,Advanced
U02889,gbenson,28,Female,davidgarcia@yahoo.com,1,326.02,2.69,326.02,Business,Intermediate
U02890,djackson,18,Male,ethansmith@yahoo.com,2,0.0,4.295,0.0,Cybersecurity,Intermediate
U02891,ecarlson,27,Female,andrea65@hotmail.com,3,702.3,2.7566666666666664,234.1,Data Science,Beginner
U02892,bsullivan,26,Female,rubiorandy@gmail.com,1,472.28,4.74,472.28,Programming,Beginner
U02893,cheryl52,22,Male,gsosa@hotmail.com,1,0.0,2.88,0.0,Programming,Beginner
U02894,paula68,15,Female,jessica50@yahoo.com,1,0.0,2.01,0.0,Marketing,Advanced
U02895,nicole26,21,Female,robertmason@hotmail.com,2,53.86,3.055,26.93,Artificial Intelligence,Beginner
U02896,zacharycox,30,Male,william90@gmail.com,1,0.0,3.6,0.0,Data Science,Intermediate
U02897,kellyprice,27,Male,qchristian@outlook.com,1,299.57,3.74,299.57,Data Science,Beginner
U02898,johnstonmary,22,Female,michelletaylor@gmail.com,4,619.76,3.975,154.94,Design,Advanced
U02899,jennifersoto,28,Female,pamelapayne@yahoo.com,13,327.99,3.2446153846153845,25.23,Programming,Beginner
U02900,jimmyshaffer,35,Male,uirwin@yahoo.com,1,394.26,1.35,394.26,Cybersecurity,Intermediate
U02901,halljeremiah,30,Male,lisabeasley@yahoo.com,1,0.0,2.38,0.0,Cybersecurity,Advanced
U02902,raymondnathan,27,Male,xstafford@gmail.com,2,0.0,2.29,0.0,Cybersecurity,Advanced
U02903,spenceralejandra,27,Male,pgonzalez@yahoo.com,1,487.92,3.64,487.92,Business,Advanced
U02904,gonzalesteresa,18,Male,rebecca54@hotmail.com,1,346.71,1.23,346.71,Project Management,Advanced
U02905,youngmatthew,27,Female,nelsonrebecca@yahoo.com,2,119.04,2.38,59.52,Finance,Advanced
U02906,angelalane,24,Male,yluna@gmail.com,3,591.3199999999999,3.8766666666666665,197.10666666666665,Finance,Beginner
U02907,john64,17,Female,tmoore@outlook.com,2,415.51,2.8899999999999997,207.755,Artificial Intelligence,Advanced
U02908,ryan37,34,Male,shannonhahn@yahoo.com,1,0.0,2.88,0.0,Programming,Beginner
U02909,spowell,19,Female,moorejessica@gmail.com,14,1205.39,3.4785714285714286,86.09928571428573,Artificial Intelligence,Beginner
U02910,kimberly62,35,Female,hreed@gmail.com,1,0.0,2.0,0.0,Business,Advanced
U02911,grayjames,34,Female,comptonanne@gmail.com,1,490.9,4.55,490.9,Artificial Intelligence,Beginner
U02912,levi84,27,Male,upowell@outlook.com,2,212.39,2.91,106.195,Digital Marketing,Advanced
U02913,wilsonbarbara,22,Female,zyang@gmail.com,1,0.0,1.91,0.0,Cybersecurity,Intermediate
U02914,ryanaguilar,31,Female,matthew68@gmail.com,2,57.32,4.735,28.66,Machine Learning,Advanced
U02915,kimcurtis,33,Female,michaeltravis@outlook.com,14,415.51,3.4692857142857143,29.679285714285715,Marketing,Beginner
U02916,shortscott,20,Male,michelleelliott@gmail.com,15,2093.42,3.3833333333333333,139.56133333333335,Artificial Intelligence,Beginner
U02917,lorrainebryant,32,Female,zwilliams@outlook.com,1,487.92,3.64,487.92,Business,Advanced
U02918,melissa07,19,Female,uhall@outlook.com,2,0.0,2.8600000000000003,0.0,Digital Marketing,Beginner
U02919,margaretmendoza,25,Male,jonesmary@yahoo.com,1,0.0,1.59,0.0,Finance,Advanced
U02920,jenniferparker,17,Male,ncruz@outlook.com,1,0.0,3.65,0.0,Data Science,Beginner
U02921,martinezsusan,16,Female,danielsteven@outlook.com,1,0.0,2.38,0.0,Cybersecurity,Advanced
U02922,kelliewaters,25,Male,michael84@yahoo.com,1,0.0,2.43,0.0,Programming,Intermediate
U02923,zlloyd,27,Male,matthewjohnston@hotmail.com,3,818.89,3.17,272.9633333333333,Project Management,Beginner
U02924,kathy70,21,Female,danielle92@gmail.com,1,0.0,1.59,0.0,Finance,Advanced
U02925,danielle01,18,Female,monroesheri@hotmail.com,4,513.3,3.0375,128.325,Cybersecurity,Intermediate
U02926,fletcherchad,24,Male,andrew63@yahoo.com,1,0.0,3.15,0.0,Business,Advanced
U02927,shawfrancis,20,Male,pfernandez@yahoo.com,15,1865.3400000000001,2.7213333333333334,124.35600000000001,Business,Beginner
U02928,jose36,26,Male,lynn84@outlook.com,1,0.0,4.1,0.0,Finance,Intermediate
U02929,rodriguezdaniel,16,Female,lisacastillo@outlook.com,1,472.28,4.74,472.28,Programming,Beginner
U02930,richard82,26,Female,johnsonkelsey@gmail.com,1,285.05,1.96,285.05,Business,Beginner
U02931,gutierreznicholas,28,Female,michaelgriffin@gmail.com,15,156.93,2.7606666666666664,10.462,Data Science,Intermediate
U02932,vwong,17,Female,novakmaureen@gmail.com,1,0.0,3.32,0.0,Web Development,Beginner
U02933,harristonya,34,Male,bakeralexander@outlook.com,1,0.0,4.45,0.0,Design,Advanced
U02934,curtisgrant,29,Female,debragray@outlook.com,1,299.57,3.74,299.57,Data Science,Beginner
U02935,ijames,25,Female,davidwagner@hotmail.com,2,700.56,2.535,350.28,Artificial Intelligence,Beginner
U02936,jenniferochoa,35,Female,ryanperez@gmail.com,2,0.0,3.665,0.0,Design,Advanced
U02937,tylerbrown,23,Male,cynthia58@outlook.com,13,648.58,2.923076923076923,49.89076923076924,Finance,Advanced
U02938,rbaldwin,28,Male,jennifer00@hotmail.com,1,0.0,2.0,0.0,Business,Advanced
U02939,dunnandrea,18,Female,rhodesdawn@yahoo.com,1,0.0,3.6,0.0,Data Science,Intermediate
U02940,qnolan,18,Female,saraguzman@hotmail.com,3,346.71,2.266666666666667,115.57,Digital Marketing,Beginner
U02941,herreradanielle,22,Male,gibsonelizabeth@gmail.com,12,907.5,3.1641666666666666,75.625,Digital Marketing,Beginner
U02942,yolandavaldez,18,Male,ahubbard@gmail.com,3,415.51,3.143333333333333,138.50333333333333,Artificial Intelligence,Advanced
U02943,lhiggins,19,Female,wjones@yahoo.com,1,0.0,4.11,0.0,Marketing,Intermediate
U02944,tanderson,23,Female,sheilajensen@outlook.com,1,0.0,1.59,0.0,Finance,Advanced
U02945,lunaemily,23,Female,antonioriddle@yahoo.com,12,1621.1599999999999,2.654166666666667,135.09666666666666,Web Development,Beginner
U02946,jenniferellis,18,Female,gloverraven@yahoo.com,1,0.0,4.72,0.0,Marketing,Intermediate
U02947,perezbrittany,18,Female,robin71@yahoo.com,11,912.1299999999999,2.8963636363636365,82.92090909090908,Artificial Intelligence,Beginner
U02948,ashleykirby,33,Male,zacharyhopkins@gmail.com,1,0.0,3.65,0.0,Data Science,Beginner
U02949,wjordan,17,Female,hnorman@hotmail.com,2,787.49,3.6900000000000004,393.745,Business,Advanced
U02950,wattschelsea,35,Male,phiggins@yahoo.com,4,342.61,3.4924999999999997,85.6525,Design,Advanced
U02951,daniel62,28,Male,smack@hotmail.com,1,0.0,3.93,0.0,Cybersecurity,Intermediate
U02952,nathan85,32,Male,victoriasmith@outlook.com,2,0.0,4.075,0.0,Artificial Intelligence,Beginner
U02953,hilljacob,21,Male,bdavis@hotmail.com,1,285.05,1.96,285.05,Business,Beginner
U02954,debra50,35,Female,nathan26@outlook.com,2,487.92,3.01,243.96,Business,Advanced
U02955,bryanaudrey,25,Male,edward99@gmail.com,1,57.32,4.74,57.32,Web Development,Advanced
U02956,bryantgabriel,18,Male,juan31@gmail.com,2,53.86,1.875,26.93,Finance,Beginner
U02957,moralesjoseph,31,Male,michelle20@gmail.com,1,0.0,2.38,0.0,Cybersecurity,Advanced
U02958,pcross,33,Male,michelle70@gmail.com,12,1338.41,2.9658333333333338,111.53416666666668,Business,Advanced
U02959,huntererik,29,Male,keith88@hotmail.com,2,276.37,2.85,138.185,Design,Advanced
U02960,smithbarry,24,Male,mark20@outlook.com,1,299.57,3.74,299.57,Data Science,Beginner
U02961,michael52,25,Female,matthewwagner@gmail.com,1,0.0,3.65,0.0,Data Science,Beginner
U02962,katie12,23,Male,haynesamanda@yahoo.com,1,0.0,4.1,0.0,Finance,Intermediate
U02963,nliu,18,Female,walshsabrina@gmail.com,1,0.0,1.73,0.0,Machine Learning,Intermediate
U02964,amandajohnson,33,Male,deborah39@gmail.com,1,0.0,4.73,0.0,Machine Learning,Intermediate
U02965,emma46,16,Male,pgonzales@yahoo.com,1,327.99,1.51,327.99,Project Management,Beginner
U02966,shawncampbell,26,Female,dakotamedina@hotmail.com,4,0.0,3.52,0.0,Business,Advanced
U02967,michael85,21,Male,handerson@outlook.com,1,0.0,2.01,0.0,Marketing,Advanced
U02968,karenjimenez,34,Female,crawfordrenee@yahoo.com,2,511.96,3.4450000000000003,255.98,Data Science,Advanced
U02969,bellangelica,18,Female,sara69@outlook.com,13,1177.78,2.920769230769231,90.59846153846154,Business,Beginner
U02970,lmorgan,34,Male,kennethbrown@yahoo.com,2,90.37,3.285,45.185,Artificial Intelligence,Advanced
U02971,robertseddie,20,Female,macdonaldkim@hotmail.com,13,776.89,3.0323076923076924,59.76076923076923,Artificial Intelligence,Advanced
U02972,zwilson,35,Male,jillhernandez@outlook.com,2,580.49,3.615,290.245,Artificial Intelligence,Beginner
U02973,goodwinbryan,28,Female,peter36@outlook.com,1,0.0,1.13,0.0,Machine Learning,Beginner
U02974,barnettkaitlyn,31,Female,kerritaylor@yahoo.com,14,1206.08,3.391428571428571,86.14857142857143,Data Science,Beginner
U02975,saramiller,22,Male,susancline@gmail.com,1,0.0,3.64,0.0,Artificial Intelligence,Beginner
U02976,christopherellis,28,Female,bartonbruce@outlook.com,16,1526.86,3.145,95.42875,Design,Advanced
U02977,ydavis,33,Male,kellyrobert@outlook.com,1,394.26,1.35,394.26,Cybersecurity,Intermediate
U02978,donaldjenkins,18,Female,veronicamurphy@outlook.com,4,248.1,2.2675,62.025,Artificial Intelligence,Beginner
U02979,dkim,26,Male,bbryant@hotmail.com,1,212.39,3.15,212.39,Digital Marketing,Advanced
U02980,yodonnell,27,Male,richard69@hotmail.com,12,804.66,2.9808333333333334,67.05499999999999,Design,Beginner
U02981,usloan,23,Male,fsmith@yahoo.com,14,1177.0,2.7721428571428572,84.07142857142857,Programming,Advanced
U02982,xfischer,20,Female,brian61@hotmail.com,1,0.0,4.68,0.0,Project Management,Beginner
U02983,timothybennett,35,Female,yromero@yahoo.com,1,0.0,4.1,0.0,Finance,Intermediate
U02984,coleandrew,35,Female,carlos93@gmail.com,14,1574.03,3.5157142857142856,112.43071428571429,Project Management,Advanced
U02985,maynardlisa,35,Male,todd45@yahoo.com,1,0.78,3.89,0.78,Machine Learning,Advanced
U02986,sanchezdustin,16,Male,zfranco@gmail.com,2,590.71,3.02,295.355,Artificial Intelligence,Beginner
U02987,qmiller,26,Male,athompson@yahoo.com,1,0.0,3.85,0.0,Programming,Beginner
U02988,anthonyhampton,17,Male,marroyo@hotmail.com,1,0.0,4.72,0.0,Marketing,Intermediate
U02989,neil55,22,Male,dale92@yahoo.com,11,968.91,3.4227272727272724,88.08272727272727,Cybersecurity,Intermediate
U02990,timothy15,22,Male,kingtodd@gmail.com,2,472.28,3.165,236.14,Finance,Advanced
U02991,andrea88,27,Female,anitajenkins@outlook.com,1,0.0,1.28,0.0,Programming,Beginner
U02992,michelle74,24,Female,dcombs@gmail.com,12,1913.78,3.1683333333333334,159.48166666666665,Business,Intermediate
U02993,cummingsdawn,20,Female,littlekathryn@outlook.com,1,0.0,1.59,0.0,Finance,Advanced
U02994,rhodesjames,31,Female,michael02@outlook.com,14,1069.44,2.682857142857143,76.38857142857144,Business,Beginner
U02995,larryhunter,16,Male,ashleyday@gmail.com,1,37.89,1.3,37.89,Web Development,Advanced
U02996,rebeccamccoy,32,Male,james28@outlook.com,1,0.0,4.14,0.0,Finance,Beginner
U02997,jburke,21,Female,nramos@yahoo.com,1,0.0,1.81,0.0,Machine Learning,Advanced
U02998,choikendra,33,Male,katherinebeck@hotmail.com,1,37.89,1.3,37.89,Web Development,Advanced
U02999,rachelmalone,20,Male,rodgerserica@hotmail.com,1,37.89,1.3,37.89,Web Development,Advanced
U03000,harperdouglas,15,Male,jackie41@gmail.com,1,394.26,1.35,394.26,Cybersecurity,Intermediate
